vin,timestamp,end_time,odo,end_odo,soc,end_soc,duration,avg_speed,event_id,event_emb_0,event_emb_1,charge_mode_emb_0,charge_mode_emb_1
1.0,0.0,0.11666666666666667,4436.640625,4439.46875,56.4,54.9,7.0,24.241071428571427,1,-1.6600335836410522,-0.46777158975601196,2.047060489654541,-1.6740423440933228
1.0,0.13333333333333333,18.7,4439.46875,4439.46875,54.9,100.0,1114.0,0.0,2,-0.29202011227607727,-1.3963449001312256,1.5275136232376099,-0.6723349690437317
1.0,18.7,18.833333333333332,4439.46875,4442.5,100.0,100.0,8.0,22.734375,3,-1.6600335836410522,-0.46777158975601196,2.047060489654541,-1.6740423440933228
1.0,18.833333333333332,21.25,4442.5,4457.125,100.0,94.5,145.0,6.051724137931035,4,-1.6600335836410522,-0.46777158975601196,2.047060489654541,-1.6740423440933228
1.0,21.25,21.366666666666667,4457.125,4461.45,94.5,94.5,7.0,37.07142857142701,5,-1.6600335836410522,-0.46777158975601196,2.047060489654541,-1.6740423440933228
1.0,21.783333333333335,21.8,4461.45,4461.48375,94.1,94.1,1.0,2.025000000030559,6,-1.6600335836410522,-0.46777158975601196,2.047060489654541,-1.6740423440933228
1.0,24.95,25.266666666666666,4461.48375,4480.75,93.7,89.4,19.0,60.84078947368318,7,-1.6600335836410522,-0.46777158975601196,2.047060489654541,-1.6740423440933228
1.0,41.61666666666667,42.5,4480.75,4560.171875,89.0,70.1,53.0,89.91155660377359,8,-1.6600335836410522,-0.46777158975601196,2.047060489654541,-1.6740423440933228
1.0,42.78333333333333,42.833333333333336,4560.171875,4560.359375,70.1,70.1,3.0,3.75,9,-1.6600335836410522,-0.46777158975601196,2.047060489654541,-1.6740423440933228
1.0,47.06666666666667,48.55,4560.359375,4656.9375,70.5,43.9,89.0,65.10884831460675,10,-1.6600335836410522,-0.46777158975601196,2.047060489654541,-1.6740423440933228
1.0,48.766666666666666,48.78333333333333,4656.9375,4658.234375,43.5,43.5,1.0,77.8125,11,-1.6600335836410522,-0.46777158975601196,2.047060489654541,-1.6740423440933228
1.0,48.78333333333333,49.416666666666664,4658.234375,4658.234375,43.5,46.6,38.0,0.0,12,-0.29202011227607727,-1.3963449001312256,1.5275136232376099,-0.6723349690437317
1.0,49.416666666666664,49.483333333333334,4658.234375,4658.234375,46.6,46.6,4.0,0.0,13,-1.6600335836410522,-0.46777158975601196,2.047060489654541,-1.6740423440933228
1.0,49.5,49.61666666666667,4658.921875,4662.390625,46.6,45.4,7.0,29.732142857142858,14,-1.6600335836410522,-0.46777158975601196,2.047060489654541,-1.6740423440933228
1.0,69.23333333333333,69.33333333333333,4662.390625,4665.203125,45.8,45.0,6.0,28.125,15,-1.6600335836410522,-0.46777158975601196,2.047060489654541,-1.6740423440933228
1.0,69.75,76.95,4667.953125,4667.953125,44.3,72.5,432.0,0.0,16,-0.29202011227607727,-1.3963449001312256,1.5275136232376099,-0.6723349690437317
1.0,76.95,78.13333333333334,4667.953125,4768.390625,72.5,48.6,71.0,84.87676056338029,17,-1.6600335836410522,-0.46777158975601196,2.047060489654541,-1.6740423440933228
1.0,78.48333333333333,79.5,4768.390625,4865.609375,48.2,16.4,61.0,95.625,18,-1.6600335836410522,-0.46777158975601196,2.047060489654541,-1.6740423440933228
1.0,87.26666666666667,87.41666666666667,4865.609375,4868.421875,16.8,16.0,9.0,18.75,19,-1.6600335836410522,-0.46777158975601196,2.047060489654541,-1.6740423440933228
1.0,87.46666666666667,92.56666666666666,4868.421875,4868.421875,16.0,58.4,306.0,0.0,20,-0.29202011227607727,-1.3963449001312256,1.5275136232376099,-0.6723349690437317
1.0,92.56666666666666,92.68333333333334,4868.421875,4870.953125,58.4,58.8,7.0,21.69642857142857,21,-1.6600335836410522,-0.46777158975601196,2.047060489654541,-1.6740423440933228
1.0,93.95,94.28333333333333,4870.953125,4880.484375,59.2,58.4,20.0,28.59375,22,-1.6600335836410522,-0.46777158975601196,2.047060489654541,-1.6740423440933228
1.0,94.35,94.38333333333334,4880.484375,4880.484375,58.0,59.6,2.0,0.0,23,-0.29202011227607727,-1.3963449001312256,1.1969027519226074,-0.9354957938194275
1.0,94.38333333333334,94.96666666666667,4880.484375,4880.484375,59.6,81.1,35.0,0.0,24,-0.29202011227607727,-1.3963449001312256,1.1969027519226074,-0.9354957938194275
1.0,94.96666666666667,95.95,4880.484375,4973.09375,81.1,60.7,59.0,94.17902542372882,25,-1.6600335836410522,-0.46777158975601196,2.047060489654541,-1.6740423440933228
1.0,95.95,96.0,4973.09375,4973.25,60.7,60.7,3.0,3.125,26,-1.6600335836410522,-0.46777158975601196,2.047060489654541,-1.6740423440933228
1.0,96.0,96.05,4973.25,4974.078125,60.7,60.3,3.0,16.5625,27,-1.6600335836410522,-0.46777158975601196,2.047060489654541,-1.6740423440933228
2.0,2758.15,2758.45,2096.265625,2106.125,70.9,69.4,18.0,32.864583333333336,28,-1.6600335836410522,-0.46777158975601196,2.047060489654541,-1.6740423440933228
2.0,2761.8333333333335,2762.016666666667,2106.125,2112.5,69.4,68.2,11.0,34.77272727272727,29,-1.6600335836410522,-0.46777158975601196,2.047060489654541,-1.6740423440933228
2.0,2762.25,2762.4333333333334,2112.5,2118.859375,67.8,67.4,11.0,34.6875,30,-1.6600335836410522,-0.46777158975601196,2.047060489654541,-1.6740423440933228
2.0,2766.2166666666667,2766.4333333333334,2118.875,2129.15625,66.6,63.5,13.0,47.45192307692307,31,-1.6600335836410522,-0.46777158975601196,2.047060489654541,-1.6740423440933228
2.0,2784.6833333333334,2784.9333333333334,2129.15625,2142.859375,63.5,60.3,15.0,54.8125,32,-1.6600335836410522,-0.46777158975601196,2.047060489654541,-1.6740423440933228
2.0,2785.65,2785.9166666666665,2142.859375,2157.046875,59.6,56.0,16.0,53.203125,33,-1.6600335836410522,-0.46777158975601196,2.047060489654541,-1.6740423440933228
2.0,2787.7,2787.95,2157.046875,2170.640625,55.6,52.1,15.0,54.375,34,-1.6600335836410522,-0.46777158975601196,2.047060489654541,-1.6740423440933228
2.0,2788.2,2788.35,2170.640625,2177.8125,51.7,49.8,9.0,47.8125,35,-1.6600335836410522,-0.46777158975601196,2.047060489654541,-1.6740423440933228
2.0,2801.1833333333334,2801.4166666666665,2177.8125,2188.28125,47.8,45.0,14.0,44.86607142857143,36,-1.6600335836410522,-0.46777158975601196,2.047060489654541,-1.6740423440933228
2.0,2805.8333333333335,2806.116666666667,2188.28125,2201.890625,44.3,42.3,17.0,48.033088235294116,37,-1.6600335836410522,-0.46777158975601196,2.047060489654541,-1.6740423440933228
2.0,2811.983333333333,2812.25,2201.890625,2216.0625,41.9,38.8,16.0,53.14453125,38,-1.6600335836410522,-0.46777158975601196,2.047060489654541,-1.6740423440933228
2.0,2820.95,2821.3,2216.0625,2231.390625,38.0,33.7,21.0,43.79464285714286,39,-1.6600335836410522,-0.46777158975601196,2.047060489654541,-1.6740423440933228
2.0,2821.366666666667,2822.2166666666667,2231.390625,2286.71875,33.7,24.3,51.0,65.09191176470588,40,-1.6600335836410522,-0.46777158975601196,2.047060489654541,-1.6740423440933228
2.0,2822.25,2822.766666666667,2286.71875,2286.734375,24.3,59.2,31.0,0.030241935483870965,41,-0.29202011227607727,-1.3963449001312256,1.1969027519226074,-0.9354957938194275
2.0,2822.766666666667,2823.2,2286.734375,2307.015625,59.2,55.6,26.0,46.80288461538461,42,-1.6600335836410522,-0.46777158975601196,2.047060489654541,-1.6740423440933228
2.0,2825.6,2826.0333333333333,2307.015625,2318.296875,51.7,49.8,26.0,26.033653846153847,43,-1.6600335836410522,-0.46777158975601196,2.047060489654541,-1.6740423440933228
2.0,2826.8166666666666,2826.9666666666667,2318.296875,2322.265625,49.8,49.8,9.0,26.458333333333336,44,-1.6600335836410522,-0.46777158975601196,2.047060489654541,-1.6740423440933228
2.0,2828.5666666666666,2830.366666666667,2322.265625,2411.515625,49.0,26.6,108.0,49.58333333333333,45,-1.6600335836410522,-0.46777158975601196,2.047060489654541,-1.6740423440933228
2.0,2830.366666666667,2830.5666666666666,2411.515625,2419.8125,26.6,25.8,12.0,41.484375,46,-1.6600335836410522,-0.46777158975601196,2.047060489654541,-1.6740423440933228
2.0,2830.5666666666666,2830.75,2419.8125,2419.84375,25.8,25.4,11.0,0.17045454545454547,47,-1.6600335836410522,-0.46777158975601196,2.047060489654541,-1.6740423440933228
2.0,2830.75,2834.65,2419.84375,2498.796875,25.4,12.1,234.0,20.244391025641026,48,-1.6600335836410522,-0.46777158975601196,2.047060489654541,-1.6740423440933228
2.0,2834.6666666666665,2834.8,2498.796875,2502.71875,12.1,11.3,8.0,29.4140625,49,-1.6600335836410522,-0.46777158975601196,2.047060489654541,-1.6740423440933228
2.0,2835.05,2835.05,2502.71875,2502.75,10.9,10.9,0.0,0.0,50,-1.6600335836410522,-0.46777158975601196,2.047060489654541,-1.6740423440933228
2.0,2835.0666666666666,2836.15,2502.75,2502.75,10.9,20.0,65.0,0.0,51,-0.29202011227607727,-1.3963449001312256,1.5275136232376099,-0.6723349690437317
2.0,2836.15,2836.2833333333333,2502.75,2507.140625,20.0,18.8,8.0,32.9296875,52,-1.6600335836410522,-0.46777158975601196,2.047060489654541,-1.6740423440933228
2.0,2854.35,2854.6666666666665,2507.140625,2520.84375,20.3,18.4,19.0,43.27302631578947,53,-1.6600335836410522,-0.46777158975601196,2.047060489654541,-1.6740423440933228
2.0,2854.6666666666665,2857.383333333333,2520.84375,2520.84375,18.4,34.9,163.0,0.0,54,-0.29202011227607727,-1.3963449001312256,1.5275136232376099,-0.6723349690437317
2.0,2857.383333333333,2857.4333333333334,2520.84375,2521.03125,34.9,34.9,3.0,3.75,55,-1.6600335836410522,-0.46777158975601196,2.047060489654541,-1.6740423440933228
2.0,2860.266666666667,2860.55,2521.03125,2535.15625,35.2,32.1,17.0,49.85294117647059,56,-1.6600335836410522,-0.46777158975601196,2.047060489654541,-1.6740423440933228
2.0,2874.883333333333,2875.4,2535.15625,2541.265625,30.5,29.8,31.0,11.824596774193548,57,-1.6600335836410522,-0.46777158975601196,2.047060489654541,-1.6740423440933228
2.0,2875.4,2875.6,2541.265625,2547.1875,29.8,28.6,12.0,29.609375,58,-1.6600335836410522,-0.46777158975601196,2.047060489654541,-1.6740423440933228
2.0,2875.883333333333,2876.15,2547.1875,2557.328125,28.2,27.0,16.0,38.02734375,59,-1.6600335836410522,-0.46777158975601196,2.047060489654541,-1.6740423440933228
2.0,2877.8,2877.95,2557.328125,2562.8125,26.6,25.8,9.0,36.5625,60,-1.6600335836410522,-0.46777158975601196,2.047060489654541,-1.6740423440933228
2.0,2878.1,2878.3333333333335,2562.8125,2573.890625,25.8,24.3,14.0,47.47767857142857,61,-1.6600335836410522,-0.46777158975601196,2.047060489654541,-1.6740423440933228
2.0,2878.35,2883.55,2573.890625,2573.890625,24.3,41.1,312.0,0.0,62,-0.29202011227607727,-1.3963449001312256,1.5275136232376099,-0.6723349690437317
2.0,2883.55,2883.5833333333335,2573.890625,2574.078125,41.1,41.1,2.0,5.625,63,-1.6600335836410522,-0.46777158975601196,2.047060489654541,-1.6740423440933228
2.0,2884.05,2884.2,2574.078125,2582.265625,41.1,39.6,9.0,54.583333333333336,64,-1.6600335836410522,-0.46777158975601196,2.047060489654541,-1.6740423440933228
2.0,2884.483333333333,2884.6666666666665,2582.265625,2588.34375,39.2,38.4,11.0,33.15340909090909,65,-1.6600335836410522,-0.46777158975601196,2.047060489654541,-1.6740423440933228
2.0,2899.116666666667,2899.6666666666665,2588.34375,2609.625,36.8,34.1,33.0,38.69318181818181,66,-1.6600335836410522,-0.46777158975601196,2.047060489654541,-1.6740423440933228
2.0,2899.6666666666665,2900.366666666667,2609.625,2609.65625,34.1,33.3,42.0,0.044642857142857144,67,-1.6600335836410522,-0.46777158975601196,2.047060489654541,-1.6740423440933228
2.0,2900.366666666667,2900.4333333333334,2609.65625,2611.796875,33.3,33.7,4.0,32.109375,68,-1.6600335836410522,-0.46777158975601196,2.047060489654541,-1.6740423440933228
2.0,2901.016666666667,2901.116666666667,2611.796875,2614.203125,33.7,33.3,6.0,24.0625,69,-1.6600335836410522,-0.46777158975601196,2.047060489654541,-1.6740423440933228
2.0,2921.0333333333333,2921.3166666666666,2614.203125,2625.515625,32.1,30.1,17.0,39.9264705882353,70,-1.6600335836410522,-0.46777158975601196,2.047060489654541,-1.6740423440933228
2.0,2921.383333333333,2922.0,2625.515625,2649.546875,30.1,26.2,37.0,38.96959459459459,71,-1.6600335836410522,-0.46777158975601196,2.047060489654541,-1.6740423440933228
2.0,2926.016666666667,2926.2833333333333,2649.546875,2657.875,25.8,24.3,16.0,31.23046875,72,-1.6600335836410522,-0.46777158975601196,2.047060489654541,-1.6740423440933228
2.0,2926.383333333333,2926.6,2657.875,2664.53125,24.3,23.9,13.0,30.721153846153847,73,-1.6600335836410522,-0.46777158975601196,2.047060489654541,-1.6740423440933228
2.0,2926.9166666666665,2927.0333333333333,2664.53125,2667.984375,23.5,23.1,7.0,29.598214285714285,74,-1.6600335836410522,-0.46777158975601196,2.047060489654541,-1.6740423440933228
2.0,2927.4166666666665,2927.55,2667.984375,2671.890625,23.1,22.7,8.0,29.296875,75,-1.6600335836410522,-0.46777158975601196,2.047060489654541,-1.6740423440933228
2.0,2927.85,2928.2,2671.890625,2687.1875,22.3,19.2,21.0,43.705357142857146,76,-1.6600335836410522,-0.46777158975601196,2.047060489654541,-1.6740423440933228
2.0,2929.2166666666667,2929.45,2687.1875,2694.96875,19.2,17.6,14.0,33.348214285714285,77,-1.6600335836410522,-0.46777158975601196,2.047060489654541,-1.6740423440933228
2.0,2929.5833333333335,2929.8333333333335,2694.96875,2704.03125,17.6,16.0,15.0,36.25,78,-1.6600335836410522,-0.46777158975601196,2.047060489654541,-1.6740423440933228
2.0,2946.1666666666665,2946.616666666667,2704.03125,2718.265625,15.6,13.3,27.0,31.631944444444443,79,-1.6600335836410522,-0.46777158975601196,2.047060489654541,-1.6740423440933228
2.0,2946.8166666666666,2947.2,2718.265625,2734.28125,12.9,10.5,23.0,41.77989130434782,80,-1.6600335836410522,-0.46777158975601196,2.047060489654541,-1.6740423440933228
2.0,2947.233333333333,2949.25,2734.28125,2734.28125,10.5,12.5,121.0,0.0,81,-0.29202011227607727,-1.3963449001312256,2.047060489654541,-1.6740423440933228
2.0,2949.25,2949.616666666667,2734.28125,2749.71875,12.5,10.1,22.0,42.102272727272734,82,-1.6600335836410522,-0.46777158975601196,2.047060489654541,-1.6740423440933228
2.0,2949.85,2950.233333333333,2749.71875,2765.46875,9.8,7.4,23.0,41.086956521739125,83,-1.6600335836410522,-0.46777158975601196,2.047060489654541,-1.6740423440933228
2.0,2950.6,2950.9166666666665,2765.46875,2776.53125,7.0,5.4,19.0,34.93421052631579,84,-1.6600335836410522,-0.46777158975601196,2.047060489654541,-1.6740423440933228
2.0,2950.9333333333334,2953.2,2776.53125,2776.53125,5.4,22.3,136.0,0.0,85,-0.29202011227607727,-1.3963449001312256,1.5275136232376099,-0.6723349690437317
2.0,2953.2,2953.3,2776.53125,2777.484375,22.3,22.3,6.0,9.53125,86,-1.6600335836410522,-0.46777158975601196,2.047060489654541,-1.6740423440933228
2.0,2953.3166666666666,2953.616666666667,2777.484375,2777.484375,22.3,24.3,18.0,0.0,87,-0.29202011227607727,-1.3963449001312256,1.5275136232376099,-0.6723349690437317
2.0,2953.616666666667,2953.6833333333334,2777.484375,2778.328125,24.3,24.7,4.0,12.65625,88,-1.6600335836410522,-0.46777158975601196,2.047060489654541,-1.6740423440933228
2.0,2953.6833333333334,2956.7166666666667,2778.328125,2778.328125,24.7,51.3,182.0,0.0,89,-0.29202011227607727,-1.3963449001312256,1.5275136232376099,-0.6723349690437317
2.0,2956.7166666666667,2956.75,2778.328125,2778.59375,51.3,51.3,2.0,7.96875,90,-1.6600335836410522,-0.46777158975601196,2.047060489654541,-1.6740423440933228
2.0,2957.1666666666665,2957.383333333333,2778.609375,2790.234375,51.3,48.6,13.0,53.65384615384615,91,-1.6600335836410522,-0.46777158975601196,2.047060489654541,-1.6740423440933228
2.0,2969.8333333333335,2970.133333333333,2790.234375,2800.4375,48.6,47.0,18.0,34.01041666666667,92,-1.6600335836410522,-0.46777158975601196,2.047060489654541,-1.6740423440933228
2.0,2970.133333333333,2970.766666666667,2800.4375,2800.4375,47.0,50.5,38.0,0.0,93,-0.29202011227607727,-1.3963449001312256,1.5275136232376099,-0.6723349690437317
2.0,2970.766666666667,2970.85,2800.4375,2802.875,50.5,50.5,5.0,29.25,94,-1.6600335836410522,-0.46777158975601196,2.047060489654541,-1.6740423440933228
2.0,2970.866666666667,2971.1666666666665,2802.875,2802.875,50.5,52.5,18.0,0.0,95,-0.29202011227607727,-1.3963449001312256,1.5275136232376099,-0.6723349690437317
2.0,2971.1666666666665,2971.4666666666667,2802.875,2811.671875,52.5,50.5,18.0,29.322916666666668,96,-1.6600335836410522,-0.46777158975601196,2.047060489654541,-1.6740423440933228
2.0,2971.7,2973.15,2811.671875,2875.703125,50.5,39.6,87.0,44.15948275862069,97,-1.6600335836410522,-0.46777158975601196,2.047060489654541,-1.6740423440933228
2.0,2973.15,2974.2833333333333,2875.703125,2875.75,39.6,38.8,68.0,0.04136029411764706,98,-1.6600335836410522,-0.46777158975601196,2.047060489654541,-1.6740423440933228
2.0,2974.2833333333333,2974.5333333333333,2875.75,2886.8125,38.8,36.8,15.0,44.25,99,-1.6600335836410522,-0.46777158975601196,2.047060489654541,-1.6740423440933228
2.0,2974.55,2974.5666666666666,2886.8125,2887.03125,36.8,36.8,1.0,13.125,100,-1.6600335836410522,-0.46777158975601196,2.047060489654541,-1.6740423440933228
2.0,2974.5666666666666,2975.9666666666667,2887.03125,2887.03125,36.8,48.6,84.0,0.0,101,-0.29202011227607727,-1.3963449001312256,1.5275136232376099,-0.6723349690437317
2.0,2975.9666666666667,2976.25,2887.03125,2895.171875,48.6,47.0,17.0,28.731617647058826,102,-1.6600335836410522,-0.46777158975601196,2.047060489654541,-1.6740423440933228
2.0,2976.266666666667,2976.8,2895.171875,2900.703125,47.0,45.8,32.0,10.37109375,103,-1.6600335836410522,-0.46777158975601196,2.047060489654541,-1.6740423440933228
2.0,2977.233333333333,2977.4166666666665,2900.703125,2910.1875,45.0,43.9,11.0,51.73295454545455,104,-1.6600335836410522,-0.46777158975601196,2.047060489654541,-1.6740423440933228
2.0,2977.4166666666665,2979.95,2910.1875,2910.1875,43.9,65.8,152.0,0.0,105,-0.29202011227607727,-1.3963449001312256,1.5275136232376099,-0.6723349690437317
2.0,2979.95,2980.1833333333334,2910.1875,2921.828125,65.8,63.1,14.0,49.888392857142854,106,-1.6600335836410522,-0.46777158975601196,2.047060489654541,-1.6740423440933228
2.0,2998.75,2998.95,2921.828125,2928.125,63.9,63.1,12.0,31.484375,107,-1.6600335836410522,-0.46777158975601196,2.047060489654541,-1.6740423440933228
2.0,2999.016666666667,2999.266666666667,2928.125,2935.0,63.1,61.9,15.0,27.5,108,-1.6600335836410522,-0.46777158975601196,2.047060489654541,-1.6740423440933228
2.0,3000.133333333333,3000.5,2935.0,2948.328125,61.1,59.2,22.0,36.34943181818182,109,-1.6600335836410522,-0.46777158975601196,2.047060489654541,-1.6740423440933228
2.0,3022.3333333333335,3022.6833333333334,2948.328125,2959.421875,58.8,57.6,21.0,31.696428571428573,110,-1.6600335836410522,-0.46777158975601196,2.047060489654541,-1.6740423440933228
2.0,3022.7,3025.5333333333333,2959.421875,2959.421875,57.6,82.7,170.0,0.0,111,-0.29202011227607727,-1.3963449001312256,1.5275136232376099,-0.6723349690437317
2.0,3025.5333333333333,3025.5666666666666,2959.421875,2959.578125,82.7,82.7,2.0,4.6875,112,-1.6600335836410522,-0.46777158975601196,2.047060489654541,-1.6740423440933228
2.0,3027.15,3027.1833333333334,2959.578125,2960.015625,82.3,82.3,2.0,13.125,113,-1.6600335836410522,-0.46777158975601196,2.047060489654541,-1.6740423440933228
2.0,3028.2833333333333,3028.45,2960.015625,2968.1875,81.9,80.3,10.0,49.03125,114,-1.6600335836410522,-0.46777158975601196,2.047060489654541,-1.6740423440933228
2.0,3028.6833333333334,3028.9166666666665,2968.1875,2976.921875,80.0,78.0,14.0,37.433035714285715,115,-1.6600335836410522,-0.46777158975601196,2.047060489654541,-1.6740423440933228
2.0,3040.0333333333333,3040.266666666667,2976.921875,2988.015625,78.0,76.8,14.0,47.544642857142854,116,-1.6600335836410522,-0.46777158975601196,2.047060489654541,-1.6740423440933228
2.0,3040.2833333333333,3042.35,2988.015625,2988.015625,76.8,93.7,124.0,0.0,117,-0.29202011227607727,-1.3963449001312256,1.5275136232376099,-0.6723349690437317
2.0,3042.35,3042.4,2988.015625,2988.203125,93.7,93.7,3.0,3.75,118,-1.6600335836410522,-0.46777158975601196,2.047060489654541,-1.6740423440933228
2.0,3046.4166666666665,3046.7166666666667,2988.203125,2999.984375,93.3,90.9,18.0,39.270833333333336,119,-1.6600335836410522,-0.46777158975601196,2.047060489654541,-1.6740423440933228
2.0,3050.0833333333335,3050.15,3000.0,3002.25,90.5,90.5,4.0,33.75,120,-1.6600335836410522,-0.46777158975601196,2.047060489654541,-1.6740423440933228
2.0,3050.233333333333,3050.3,3002.25,3004.203125,90.5,89.8,4.0,29.296875,121,-1.6600335836410522,-0.46777158975601196,2.047060489654541,-1.6740423440933228
2.0,3062.2833333333333,3062.366666666667,3004.203125,3006.359375,89.8,88.6,5.0,25.875,122,-1.6600335836410522,-0.46777158975601196,2.047060489654541,-1.6740423440933228
2.0,3062.5,3062.5666666666666,3006.359375,3008.53125,88.6,88.6,4.0,32.578125,123,-1.6600335836410522,-0.46777158975601196,2.047060489654541,-1.6740423440933228
2.0,3071.4333333333334,3071.633333333333,3008.546875,3015.46875,87.8,87.0,12.0,34.609375,124,-1.6600335836410522,-0.46777158975601196,2.047060489654541,-1.6740423440933228
2.0,3071.8,3072.016666666667,3015.46875,3022.03125,86.6,85.0,13.0,30.288461538461537,125,-1.6600335836410522,-0.46777158975601196,2.047060489654541,-1.6740423440933228
2.0,3089.5333333333333,3089.55,3022.03125,3022.578125,84.7,84.7,1.0,32.8125,126,-1.6600335836410522,-0.46777158975601196,2.047060489654541,-1.6740423440933228
2.0,3089.5666666666666,3090.9166666666665,3022.578125,3022.578125,84.7,86.2,81.0,0.0,127,-0.29202011227607727,-1.3963449001312256,1.6389106512069702,0.6988608241081238
2.0,3090.9166666666665,3091.05,3022.578125,3025.53125,86.2,86.2,8.0,22.1484375,128,-1.6600335836410522,-0.46777158975601196,2.047060489654541,-1.6740423440933228
2.0,3091.0833333333335,3093.25,3025.53125,3081.25,86.2,76.4,130.0,25.716346153846157,129,-1.6600335836410522,-0.46777158975601196,2.047060489654541,-1.6740423440933228
2.0,3093.266666666667,3093.366666666667,3081.25,3083.78125,76.4,76.0,6.0,25.3125,130,-1.6600335836410522,-0.46777158975601196,2.047060489654541,-1.6740423440933228
2.0,3093.9666666666667,3096.1833333333334,3083.78125,3202.0,76.0,52.5,133.0,53.33176691729323,131,-1.6600335836410522,-0.46777158975601196,2.047060489654541,-1.6740423440933228
2.0,3096.3,3096.866666666667,3202.0,3243.71875,52.1,41.9,34.0,73.62132352941177,132,-1.6600335836410522,-0.46777158975601196,2.047060489654541,-1.6740423440933228
2.0,3097.1666666666665,3098.05,3243.71875,3317.84375,41.9,24.3,53.0,83.91509433962264,133,-1.6600335836410522,-0.46777158975601196,2.047060489654541,-1.6740423440933228
2.0,3098.1,3098.133333333333,3317.84375,3318.3125,24.3,24.3,2.0,14.0625,134,-1.6600335836410522,-0.46777158975601196,2.047060489654541,-1.6740423440933228
2.0,3098.15,3099.733333333333,3318.3125,3318.3125,24.3,38.4,95.0,0.0,135,-0.29202011227607727,-1.3963449001312256,1.5275136232376099,-0.6723349690437317
2.0,3099.733333333333,3101.116666666667,3318.3125,3372.109375,38.4,29.8,83.0,38.88930722891566,136,-1.6600335836410522,-0.46777158975601196,2.047060489654541,-1.6740423440933228
2.0,3101.1666666666665,3117.45,3372.109375,3372.109375,29.8,49.8,977.0,0.0,137,-0.29202011227607727,-1.3963449001312256,1.6389106512069702,0.6988608241081238
2.0,3117.45,3120.5333333333333,3372.109375,3475.96875,49.8,30.5,185.0,33.68412162162162,138,-1.6600335836410522,-0.46777158975601196,2.047060489654541,-1.6740423440933228
2.0,3120.55,3120.633333333333,3475.96875,3475.96875,30.5,30.9,5.0,0.0,139,-0.29202011227607727,-1.3963449001312256,1.5275136232376099,-0.6723349690437317
2.0,3120.633333333333,3121.1833333333334,3475.96875,3494.171875,30.9,27.4,33.0,33.09659090909091,140,-1.6600335836410522,-0.46777158975601196,2.047060489654541,-1.6740423440933228
2.0,3121.25,3121.8333333333335,3494.171875,3513.078125,27.4,25.0,35.0,32.410714285714285,141,-1.6600335836410522,-0.46777158975601196,2.047060489654541,-1.6740423440933228
2.0,3121.85,3123.95,3513.078125,3513.078125,25.0,43.5,126.0,0.0,142,-0.29202011227607727,-1.3963449001312256,1.5275136232376099,-0.6723349690437317
2.0,3123.95,3124.0666666666666,3513.078125,3515.25,43.5,43.5,7.0,18.616071428571427,143,-1.6600335836410522,-0.46777158975601196,2.047060489654541,-1.6740423440933228
2.0,3124.1,3126.983333333333,3515.25,3645.8125,43.5,16.8,173.0,45.28179190751445,144,-1.6600335836410522,-0.46777158975601196,2.047060489654541,-1.6740423440933228
2.0,3127.0,3136.4,3645.8125,3645.8125,16.8,28.2,564.0,0.0,145,-0.29202011227607727,-1.3963449001312256,1.6389106512069702,0.6988608241081238
2.0,3136.4,3137.5666666666666,3645.8125,3696.296875,28.2,19.6,70.0,43.27232142857142,146,-1.6600335836410522,-0.46777158975601196,2.047060489654541,-1.6740423440933228
2.0,3137.5833333333335,3139.616666666667,3696.296875,3696.296875,19.6,37.6,122.0,0.0,147,-0.29202011227607727,-1.3963449001312256,1.5275136232376099,-0.6723349690437317
2.0,3139.616666666667,3141.1666666666665,3696.296875,3778.484375,37.6,21.9,93.0,53.024193548387096,148,-1.6600335836410522,-0.46777158975601196,2.047060489654541,-1.6740423440933228
2.0,3141.1666666666665,3142.4,3778.484375,3778.484375,21.9,32.1,74.0,0.0,149,-0.29202011227607727,-1.3963449001312256,1.5275136232376099,-0.6723349690437317
2.0,3142.4,3142.7166666666667,3778.484375,3790.109375,32.1,29.4,19.0,36.71052631578947,150,-1.6600335836410522,-0.46777158975601196,2.047060489654541,-1.6740423440933228
2.0,3144.133333333333,3145.0,3790.109375,3822.453125,29.0,23.9,52.0,37.31971153846154,151,-1.6600335836410522,-0.46777158975601196,2.047060489654541,-1.6740423440933228
2.0,3145.0333333333333,3145.483333333333,3822.453125,3852.03125,23.9,17.6,27.0,65.72916666666667,152,-1.6600335836410522,-0.46777158975601196,2.047060489654541,-1.6740423440933228
2.0,3145.733333333333,3145.9,3852.03125,3857.46875,17.6,17.2,10.0,32.625,153,-1.6600335836410522,-0.46777158975601196,2.047060489654541,-1.6740423440933228
2.0,3145.9,3147.4,3857.46875,3857.46875,17.2,31.3,90.0,0.0,154,-0.29202011227607727,-1.3963449001312256,1.5275136232376099,-0.6723349690437317
2.0,3147.4,3147.6833333333334,3857.46875,3869.421875,31.3,30.1,17.0,42.1875,155,-1.6600335836410522,-0.46777158975601196,2.047060489654541,-1.6740423440933228
2.0,3147.8333333333335,3150.2833333333333,3869.421875,3997.6875,30.1,3.5,147.0,52.35331632653061,156,-1.6600335836410522,-0.46777158975601196,2.047060489654541,-1.6740423440933228
2.0,3150.2833333333333,3150.5333333333333,3997.6875,3997.6875,3.5,4.7,15.0,0.0,157,-0.29202011227607727,-1.3963449001312256,1.5275136232376099,-0.6723349690437317
2.0,3150.5333333333333,3150.6666666666665,3997.6875,4002.234375,4.7,3.9,8.0,34.1015625,158,-1.6600335836410522,-0.46777158975601196,2.047060489654541,-1.6740423440933228
2.0,3150.6833333333334,3151.483333333333,4002.234375,4002.234375,3.9,7.0,48.0,0.0,159,-0.29202011227607727,-1.3963449001312256,1.5275136232376099,-0.6723349690437317
2.0,3151.483333333333,3151.5833333333335,4002.234375,4004.5,7.0,6.2,6.0,22.65625,160,-1.6600335836410522,-0.46777158975601196,2.047060489654541,-1.6740423440933228
2.0,3151.616666666667,3151.616666666667,4004.5,4004.515625,6.2,6.2,0.0,0.0,161,-1.6600335836410522,-0.46777158975601196,2.047060489654541,-1.6740423440933228
2.0,3151.6833333333334,3151.9333333333334,4004.53125,4004.53125,6.2,20.0,15.0,0.0,162,-0.29202011227607727,-1.3963449001312256,1.1969027519226074,-0.9354957938194275
2.0,3151.9333333333334,3152.4333333333334,4004.53125,4035.515625,20.0,13.3,30.0,61.96875,163,-1.6600335836410522,-0.46777158975601196,2.047060489654541,-1.6740423440933228
2.0,3152.4333333333334,3167.2833333333333,4035.515625,4035.515625,13.3,31.3,891.0,0.0,164,-0.29202011227607727,-1.3963449001312256,1.6389106512069702,0.6988608241081238
2.0,3167.2833333333333,3167.55,4035.515625,4043.625,31.3,29.8,16.0,30.41015625,165,-1.6600335836410522,-0.46777158975601196,2.047060489654541,-1.6740423440933228
2.0,3167.5833333333335,3168.6833333333334,4043.625,4081.328125,29.8,24.7,66.0,34.27556818181818,166,-1.6600335836410522,-0.46777158975601196,2.047060489654541,-1.6740423440933228
2.0,3168.7,3169.3333333333335,4081.328125,4081.328125,24.7,29.8,38.0,0.0,167,-0.29202011227607727,-1.3963449001312256,1.5275136232376099,-0.6723349690437317
2.0,3169.3333333333335,3169.633333333333,4081.328125,4096.984375,29.8,27.0,18.0,52.1875,168,-1.6600335836410522,-0.46777158975601196,2.047060489654541,-1.6740423440933228
2.0,3169.9166666666665,3170.616666666667,4096.984375,4137.046875,27.0,18.8,42.0,57.23214285714286,169,-1.6600335836410522,-0.46777158975601196,2.047060489654541,-1.6740423440933228
2.0,3170.766666666667,3171.3333333333335,4137.046875,4137.046875,18.8,47.0,34.0,0.0,170,-0.29202011227607727,-1.3963449001312256,1.1969027519226074,-0.9354957938194275
2.0,3171.3333333333335,3172.3166666666666,4137.046875,4160.046875,47.0,43.1,59.0,23.389830508474578,171,-1.6600335836410522,-0.46777158975601196,2.047060489654541,-1.6740423440933228
2.0,3172.3333333333335,3172.45,4160.046875,4160.046875,43.1,43.9,7.0,0.0,172,-0.29202011227607727,-1.3963449001312256,1.5275136232376099,-0.6723349690437317
2.0,3172.45,3176.383333333333,4160.046875,4336.84375,43.9,9.4,236.0,44.94835805084746,173,-1.6600335836410522,-0.46777158975601196,2.047060489654541,-1.6740423440933228
2.0,3176.4,3189.7833333333333,4336.84375,4336.84375,9.4,25.4,803.0,0.0,174,-0.29202011227607727,-1.3963449001312256,1.6389106512069702,0.6988608241081238
2.0,3189.7833333333333,3190.0333333333333,4336.84375,4344.9375,25.4,23.9,15.0,32.375,175,-1.6600335836410522,-0.46777158975601196,2.047060489654541,-1.6740423440933228
2.0,3190.05,3190.1666666666665,4344.9375,4348.90625,23.9,23.9,7.0,34.01785714285714,176,-1.6600335836410522,-0.46777158975601196,2.047060489654541,-1.6740423440933228
2.0,3190.4666666666667,3191.3,4348.90625,4367.265625,23.5,20.3,50.0,22.03125,177,-1.6600335836410522,-0.46777158975601196,2.047060489654541,-1.6740423440933228
2.0,3191.3166666666666,3192.366666666667,4367.265625,4367.265625,20.3,70.9,63.0,0.0,178,-0.29202011227607727,-1.3963449001312256,1.1969027519226074,-0.9354957938194275
2.0,3192.366666666667,3193.483333333333,4367.265625,4384.640625,70.9,67.0,67.0,15.559701492537313,179,-1.6600335836410522,-0.46777158975601196,2.047060489654541,-1.6740423440933228
2.0,3193.866666666667,3195.9666666666667,4384.640625,4473.140625,67.0,49.0,126.0,42.14285714285714,180,-1.6600335836410522,-0.46777158975601196,2.047060489654541,-1.6740423440933228
2.0,3195.9666666666667,3196.116666666667,4473.140625,4473.140625,49.0,49.8,9.0,0.0,181,-0.29202011227607727,-1.3963449001312256,1.5275136232376099,-0.6723349690437317
2.0,3196.116666666667,3198.5666666666666,4473.140625,4585.78125,49.8,27.4,147.0,45.97576530612245,182,-1.6600335836410522,-0.46777158975601196,2.047060489654541,-1.6740423440933228
1.0,113.96666666666667,114.11666666666666,4974.078125,4975.34375,59.6,59.6,9.0,8.4375,183,-1.6600335836410522,-0.46777158975601196,2.047060489654541,-1.6740423440933228
1.0,114.13333333333334,114.66666666666667,4975.34375,4975.34375,59.6,64.3,32.0,0.0,184,-0.29202011227607727,-1.3963449001312256,2.047060489654541,-1.6740423440933228
1.0,114.66666666666667,115.05,4975.34375,4981.546875,64.3,62.3,23.0,16.182065217391305,185,-1.6600335836410522,-0.46777158975601196,2.047060489654541,-1.6740423440933228
1.0,115.05,115.06666666666666,4981.546875,4981.5625,62.3,62.3,1.0,0.9375,186,-1.6600335836410522,-0.46777158975601196,2.047060489654541,-1.6740423440933228
1.0,115.06666666666666,117.65,4981.5625,4998.109375,62.3,59.6,155.0,6.405241935483871,187,-1.6600335836410522,-0.46777158975601196,2.047060489654541,-1.6740423440933228
1.0,117.65,117.7,4998.109375,4998.59375,59.6,59.6,3.0,9.6875,188,-1.6600335836410522,-0.46777158975601196,2.047060489654541,-1.6740423440933228
1.0,117.7,118.1,4998.59375,5000.78125,59.6,58.8,24.0,5.46875,189,-1.6600335836410522,-0.46777158975601196,2.047060489654541,-1.6740423440933228
1.0,118.1,118.55,5000.78125,5006.25,58.8,58.4,27.0,12.152777777777777,190,-1.6600335836410522,-0.46777158975601196,2.047060489654541,-1.6740423440933228
1.0,118.63333333333334,118.68333333333334,5006.25,5007.3125,57.6,57.6,3.0,21.25,191,-1.6600335836410522,-0.46777158975601196,2.047060489654541,-1.6740423440933228
1.0,118.68333333333334,118.71666666666667,5007.3125,5007.5,57.6,57.6,2.0,5.625,192,-1.6600335836410522,-0.46777158975601196,2.047060489654541,-1.6740423440933228
1.0,119.06666666666666,119.08333333333333,5007.5,5008.265625,68.6,68.6,1.0,45.9375,193,-1.6600335836410522,-0.46777158975601196,2.047060489654541,-1.6740423440933228
1.0,119.08333333333333,119.16666666666667,5008.265625,5010.078125,68.6,68.6,5.0,21.75,194,-1.6600335836410522,-0.46777158975601196,2.047060489654541,-1.6740423440933228
1.0,120.4,120.61666666666666,5010.078125,5015.25,68.2,67.0,13.0,23.870192307692307,195,-1.6600335836410522,-0.46777158975601196,2.047060489654541,-1.6740423440933228
1.0,120.76666666666667,120.95,5015.25,5024.5625,66.6,64.7,11.0,50.79545454545455,196,-1.6600335836410522,-0.46777158975601196,2.047060489654541,-1.6740423440933228
1.0,121.25,121.31666666666666,5024.5625,5025.71875,63.9,63.9,4.0,17.34375,197,-1.6600335836410522,-0.46777158975601196,2.047060489654541,-1.6740423440933228
1.0,133.88333333333333,134.35,5025.71875,5047.5,63.5,57.6,28.0,46.67410714285714,198,-1.6600335836410522,-0.46777158975601196,2.047060489654541,-1.6740423440933228
1.0,137.05,137.65,5047.5,5070.328125,56.4,52.5,36.0,38.046875,199,-1.6600335836410522,-0.46777158975601196,2.047060489654541,-1.6740423440933228
1.0,142.68333333333334,143.36666666666667,5070.328125,5086.34375,51.7,49.4,41.0,23.4375,200,-1.6600335836410522,-0.46777158975601196,2.047060489654541,-1.6740423440933228
1.0,144.38333333333333,144.5,5086.34375,5088.5,49.0,48.6,7.0,18.482142857142858,201,-1.6600335836410522,-0.46777158975601196,2.047060489654541,-1.6740423440933228
1.0,145.3,155.55,5088.5,5105.359375,78.4,74.1,615.0,1.6448170731707317,202,-1.6600335836410522,-0.46777158975601196,2.047060489654541,-1.6740423440933228
1.0,155.55,156.43333333333334,5105.359375,5189.65625,74.1,44.3,53.0,95.43042452830188,203,-1.6600335836410522,-0.46777158975601196,2.047060489654541,-1.6740423440933228
1.0,158.41666666666666,158.7,5189.65625,5201.6875,43.5,40.0,17.0,42.463235294117645,204,-1.6600335836410522,-0.46777158975601196,2.047060489654541,-1.6740423440933228
1.0,158.7,160.86666666666667,5201.6875,5201.765625,40.0,40.3,130.0,0.03605769230769231,205,-1.6600335836410522,-0.46777158975601196,2.047060489654541,-1.6740423440933228
1.0,160.86666666666667,160.98333333333332,5201.765625,5204.515625,40.3,40.0,7.0,23.57142857142857,206,-1.6600335836410522,-0.46777158975601196,2.047060489654541,-1.6740423440933228
1.0,161.0,170.21666666666667,5204.515625,5204.515625,40.0,100.0,553.0,0.0,207,-0.29202011227607727,-1.3963449001312256,1.5275136232376099,-0.6723349690437317
1.0,170.21666666666667,170.36666666666667,5204.515625,5207.25,100.0,100.0,9.0,18.229166666666668,208,-1.6600335836410522,-0.46777158975601196,2.047060489654541,-1.6740423440933228
1.0,181.48333333333332,182.3,5207.25,5286.109375,100.0,78.4,49.0,96.5625,209,-1.6600335836410522,-0.46777158975601196,2.047060489654541,-1.6740423440933228
1.0,185.23333333333332,185.28333333333333,5286.109375,5287.15625,77.6,77.6,3.0,20.9375,210,-1.6600335836410522,-0.46777158975601196,2.047060489654541,-1.6740423440933228
1.0,185.28333333333333,187.61666666666667,5287.15625,5366.84375,77.6,56.8,140.0,34.151785714285715,211,-1.6600335836410522,-0.46777158975601196,2.047060489654541,-1.6740423440933228
1.0,187.61666666666667,187.63333333333333,5366.84375,5366.875,56.8,56.8,1.0,1.875,212,-1.6600335836410522,-0.46777158975601196,2.047060489654541,-1.6740423440933228
1.0,187.75,210.73333333333332,5445.390625,5445.390625,56.4,78.0,1379.0,0.0,213,-0.29202011227607727,-1.3963449001312256,1.6389106512069702,0.6988608241081238
1.0,210.73333333333332,210.85,5445.390625,5446.46875,78.0,78.0,7.0,9.241071428571429,214,-1.6600335836410522,-0.46777158975601196,2.047060489654541,-1.6740423440933228
1.0,215.06666666666666,215.36666666666667,5446.46875,5454.53125,76.4,74.1,18.0,26.875,215,-1.6600335836410522,-0.46777158975601196,2.047060489654541,-1.6740423440933228
1.0,215.36666666666667,216.4,5454.53125,5540.78125,74.1,48.6,62.0,83.46774193548386,216,-1.6600335836410522,-0.46777158975601196,2.047060489654541,-1.6740423440933228
1.0,219.61666666666667,233.68333333333334,5540.78125,5540.78125,49.4,74.5,844.0,0.0,217,-0.29202011227607727,-1.3963449001312256,1.6389106512069702,0.6988608241081238
1.0,233.68333333333334,233.78333333333333,5540.78125,5540.8125,74.5,74.1,6.0,0.3125,218,-1.6600335836410522,-0.46777158975601196,2.047060489654541,-1.6740423440933228
1.0,233.78333333333333,234.73333333333332,5540.8125,5631.203125,74.1,54.9,57.0,95.14802631578948,219,-1.6600335836410522,-0.46777158975601196,2.047060489654541,-1.6740423440933228
1.0,234.86666666666667,234.95,5631.203125,5633.40625,54.1,54.1,5.0,26.4375,220,-1.6600335836410522,-0.46777158975601196,2.047060489654541,-1.6740423440933228
1.0,235.26666666666668,235.35,5633.40625,5635.734375,53.7,53.7,5.0,27.9375,221,-1.6600335836410522,-0.46777158975601196,2.047060489654541,-1.6740423440933228
1.0,236.51666666666668,237.85,5635.734375,5730.109375,53.3,27.0,80.0,70.78125,222,-1.6600335836410522,-0.46777158975601196,2.047060489654541,-1.6740423440933228
1.0,238.0,238.23333333333332,5730.125,5735.203125,27.0,26.2,14.0,21.763392857142858,223,-1.6600335836410522,-0.46777158975601196,2.047060489654541,-1.6740423440933228
1.0,238.23333333333332,254.01666666666668,5735.203125,5735.203125,26.2,100.0,947.0,0.0,224,-0.29202011227607727,-1.3963449001312256,1.5275136232376099,-0.6723349690437317
1.0,254.01666666666668,254.15,5735.203125,5739.125,100.0,99.2,8.0,29.4140625,225,-1.6600335836410522,-0.46777158975601196,2.047060489654541,-1.6740423440933228
1.0,254.15,255.13333333333333,5739.125,5824.203125,99.2,78.0,59.0,86.52012711864407,226,-1.6600335836410522,-0.46777158975601196,2.047060489654541,-1.6740423440933228
1.0,255.13333333333333,280.6,5824.203125,5909.734375,78.0,53.7,1528.0,3.358556937172775,227,-1.6600335836410522,-0.46777158975601196,2.047060489654541,-1.6740423440933228
1.0,280.6,280.6333333333333,5909.734375,5909.765625,53.7,53.7,2.0,0.9375,228,-1.6600335836410522,-0.46777158975601196,2.047060489654541,-1.6740423440933228
1.0,280.65,285.8,5909.765625,5909.765625,53.7,62.3,309.0,0.0,229,-0.29202011227607727,-1.3963449001312256,1.6389106512069702,0.6988608241081238
1.0,285.8,286.73333333333335,5909.765625,5996.625,62.3,41.5,56.0,93.06361607142857,230,-1.6600335836410522,-0.46777158975601196,2.047060489654541,-1.6740423440933228
1.0,286.8,286.8333333333333,5996.625,5996.96875,41.5,41.5,2.0,10.3125,231,-1.6600335836410522,-0.46777158975601196,2.047060489654541,-1.6740423440933228
1.0,286.85,286.98333333333335,5996.96875,5996.96875,41.5,50.1,8.0,0.0,232,-0.29202011227607727,-1.3963449001312256,2.047060489654541,-1.6740423440933228
1.0,286.98333333333335,288.25,5996.96875,5998.875,50.1,50.9,76.0,1.504934210526316,233,-1.6600335836410522,-0.46777158975601196,2.047060489654541,-1.6740423440933228
1.0,288.25,289.43333333333334,5998.875,6084.390625,50.9,25.8,71.0,72.26672535211267,234,-1.6600335836410522,-0.46777158975601196,2.047060489654541,-1.6740423440933228
1.0,289.51666666666665,291.6,6084.390625,6084.390625,25.8,29.4,125.0,0.0,235,-0.29202011227607727,-1.3963449001312256,1.6389106512069702,0.6988608241081238
1.0,291.6,291.68333333333334,6084.390625,6087.234375,29.4,28.2,5.0,34.125,236,-1.6600335836410522,-0.46777158975601196,2.047060489654541,-1.6740423440933228
1.0,291.7,301.31666666666666,6087.234375,6087.234375,28.2,100.0,577.0,0.0,237,-0.29202011227607727,-1.3963449001312256,1.5275136232376099,-0.6723349690437317
1.0,301.31666666666666,302.26666666666665,6087.234375,6163.546875,100.0,85.8,57.0,80.32894736842105,238,-1.6600335836410522,-0.46777158975601196,2.047060489654541,-1.6740423440933228
1.0,302.26666666666665,302.35,6163.546875,6163.59375,85.8,85.4,5.0,0.5625,239,-1.6600335836410522,-0.46777158975601196,2.047060489654541,-1.6740423440933228
1.0,302.35,302.3833333333333,6163.59375,6164.609375,85.4,85.4,2.0,30.46875,240,-1.6600335836410522,-0.46777158975601196,2.047060489654541,-1.6740423440933228
1.0,305.0833333333333,305.1,6164.609375,6164.625,84.3,84.3,1.0,0.9375,241,-1.6600335836410522,-0.46777158975601196,2.047060489654541,-1.6740423440933228
1.0,305.1166666666667,305.23333333333335,6164.625,6165.65625,84.3,84.3,7.0,8.839285714285714,242,-1.6600335836410522,-0.46777158975601196,2.047060489654541,-1.6740423440933228
1.0,305.46666666666664,305.6166666666667,6165.65625,6168.609375,84.3,83.5,9.0,19.6875,243,-1.6600335836410522,-0.46777158975601196,2.047060489654541,-1.6740423440933228
1.0,309.48333333333335,309.6333333333333,6168.609375,6170.328125,83.1,82.7,9.0,11.458333333333334,244,-1.6600335836410522,-0.46777158975601196,2.047060489654541,-1.6740423440933228
1.0,309.78333333333336,309.8,6170.328125,6170.34375,82.3,82.3,1.0,0.9375,245,-1.6600335836410522,-0.46777158975601196,2.047060489654541,-1.6740423440933228
1.0,309.8333333333333,309.8833333333333,6170.34375,6170.34375,82.3,82.3,3.0,0.0,246,-1.6600335836410522,-0.46777158975601196,2.047060489654541,-1.6740423440933228
1.0,309.9,309.93333333333334,6170.34375,6170.640625,82.3,82.3,2.0,8.90625,247,-1.6600335836410522,-0.46777158975601196,2.047060489654541,-1.6740423440933228
1.0,309.98333333333335,310.65,6170.640625,6180.640625,82.3,80.3,40.0,15.0,248,-1.6600335836410522,-0.46777158975601196,2.047060489654541,-1.6740423440933228
1.0,310.65,310.71666666666664,6180.640625,6181.84375,80.3,80.0,4.0,18.046875,249,-1.6600335836410522,-0.46777158975601196,2.047060489654541,-1.6740423440933228
1.0,310.71666666666664,311.35,6181.84375,6181.84375,80.0,81.5,38.0,0.0,250,-0.29202011227607727,-1.3963449001312256,1.5275136232376099,-0.6723349690437317
1.0,311.35,311.45,6181.84375,6181.84375,81.5,81.5,6.0,0.0,251,-1.6600335836410522,-0.46777158975601196,2.047060489654541,-1.6740423440933228
1.0,313.5,314.45,6181.84375,6267.171875,81.5,56.4,57.0,89.81907894736842,252,-1.6600335836410522,-0.46777158975601196,2.047060489654541,-1.6740423440933228
1.0,314.45,325.3666666666667,6267.171875,6267.25,56.4,56.4,655.0,0.007156488549618321,253,-1.6600335836410522,-0.46777158975601196,2.047060489654541,-1.6740423440933228
1.0,325.3666666666667,326.4166666666667,6267.25,6351.96875,56.4,38.8,63.0,80.68452380952381,254,-1.6600335836410522,-0.46777158975601196,2.047060489654541,-1.6740423440933228
1.0,329.01666666666665,329.56666666666666,6351.96875,6380.484375,38.4,30.5,33.0,51.84659090909091,255,-1.6600335836410522,-0.46777158975601196,2.047060489654541,-1.6740423440933228
1.0,329.56666666666666,330.05,6380.484375,6380.484375,30.5,65.4,29.0,0.0,256,-0.29202011227607727,-1.3963449001312256,1.1969027519226074,-0.9354957938194275
1.0,330.05,330.73333333333335,6380.484375,6445.078125,65.4,45.8,41.0,94.52743902439025,257,-1.6600335836410522,-0.46777158975601196,2.047060489654541,-1.6740423440933228
1.0,331.15,331.1666666666667,6445.078125,6445.078125,45.8,45.8,1.0,0.0,258,-1.6600335836410522,-0.46777158975601196,2.047060489654541,-1.6740423440933228
1.0,331.1666666666667,335.23333333333335,6445.078125,6445.078125,45.8,52.5,244.0,0.0,259,-0.29202011227607727,-1.3963449001312256,2.047060489654541,-1.6740423440933228
1.0,335.23333333333335,335.53333333333336,6445.078125,6454.171875,52.5,51.3,18.0,30.3125,260,-1.6600335836410522,-0.46777158975601196,2.047060489654541,-1.6740423440933228
1.0,335.53333333333336,335.55,6454.171875,6454.234375,51.3,51.3,1.0,3.75,261,-1.6600335836410522,-0.46777158975601196,2.047060489654541,-1.6740423440933228
1.0,336.6333333333333,336.9,6454.234375,6462.421875,51.3,49.0,16.0,30.703125,262,-1.6600335836410522,-0.46777158975601196,2.047060489654541,-1.6740423440933228
1.0,337.48333333333335,337.51666666666665,6462.421875,6462.625,49.0,49.0,2.0,6.09375,263,-1.6600335836410522,-0.46777158975601196,2.047060489654541,-1.6740423440933228
1.0,337.53333333333336,337.96666666666664,6462.625,6477.234375,49.0,46.2,26.0,33.71394230769231,264,-1.6600335836410522,-0.46777158975601196,2.047060489654541,-1.6740423440933228
1.0,338.18333333333334,338.48333333333335,6477.234375,6488.34375,45.4,43.5,18.0,37.03125,265,-1.6600335836410522,-0.46777158975601196,2.047060489654541,-1.6740423440933228
1.0,338.48333333333335,349.1333333333333,6488.34375,6563.365008,43.5,41.5,639.0,7.044249577464766,266,-1.6600335836410522,-0.46777158975601196,2.047060489654541,-1.6740423440933228
1.0,349.1333333333333,377.81666666666666,6563.365008,6563.365008,41.5,92.5,1721.0,0.0,267,-0.29202011227607727,-1.3963449001312256,1.6389106512069702,0.6988608241081238
1.0,377.81666666666666,378.71666666666664,6563.365008,6569.703125,92.5,73.7,54.0,7.042352222222487,268,-1.6600335836410522,-0.46777158975601196,2.047060489654541,-1.6740423440933228
1.0,383.1,383.25,6569.703125,6573.8125,72.5,72.1,9.0,27.395833333333336,269,-1.6600335836410522,-0.46777158975601196,2.047060489654541,-1.6740423440933228
1.0,383.4166666666667,383.56666666666666,6573.8125,6577.453125,71.3,70.5,9.0,24.270833333333336,270,-1.6600335836410522,-0.46777158975601196,2.047060489654541,-1.6740423440933228
1.0,383.6,383.9166666666667,6577.453125,6589.171875,70.5,67.8,19.0,37.006578947368425,271,-1.6600335836410522,-0.46777158975601196,2.047060489654541,-1.6740423440933228
1.0,383.9166666666667,384.05,6589.171875,6589.28125,67.8,67.4,8.0,0.8203125,272,-1.6600335836410522,-0.46777158975601196,2.047060489654541,-1.6740423440933228
1.0,384.05,384.75,6589.28125,6663.453125,67.4,45.8,42.0,105.95982142857143,273,-1.6600335836410522,-0.46777158975601196,2.047060489654541,-1.6740423440933228
1.0,385.55,385.71666666666664,6663.453125,6676.609375,46.2,42.7,10.0,78.9375,274,-1.6600335836410522,-0.46777158975601196,2.047060489654541,-1.6740423440933228
1.0,386.48333333333335,386.68333333333334,6676.609375,6689.75,42.7,39.2,12.0,65.703125,275,-1.6600335836410522,-0.46777158975601196,2.047060489654541,-1.6740423440933228
1.0,386.68333333333334,398.8,6689.75,6766.881646,39.2,38.8,727.0,6.365747950481415,276,-1.6600335836410522,-0.46777158975601196,2.047060489654541,-1.6740423440933228
1.0,398.8,421.25,6766.881646,6766.881646,38.8,78.0,1347.0,0.0,277,-0.29202011227607727,-1.3963449001312256,1.6389106512069702,0.6988608241081238
1.0,421.25,422.46666666666664,6766.881646,6774.59375,78.0,60.3,73.0,6.338715616438506,278,-1.6600335836410522,-0.46777158975601196,2.047060489654541,-1.6740423440933228
1.0,423.78333333333336,423.9166666666667,6774.59375,6777.3125,60.7,60.7,8.0,20.390625,279,-1.6600335836410522,-0.46777158975601196,2.047060489654541,-1.6740423440933228
1.0,424.1666666666667,424.45,6777.3125,6783.890625,60.0,59.2,17.0,23.216911764705884,280,-1.6600335836410522,-0.46777158975601196,2.047060489654541,-1.6740423440933228
1.0,424.73333333333335,424.98333333333335,6783.890625,6784.484375,58.4,58.4,15.0,2.375,281,-1.6600335836410522,-0.46777158975601196,2.047060489654541,-1.6740423440933228
1.0,426.5,426.55,6784.484375,6785.125,58.0,58.0,3.0,12.8125,282,-1.6600335836410522,-0.46777158975601196,2.047060489654541,-1.6740423440933228
1.0,427.93333333333334,428.96666666666664,6785.125,6864.15625,58.0,29.8,62.0,76.48185483870967,283,-1.6600335836410522,-0.46777158975601196,2.047060489654541,-1.6740423440933228
1.0,432.53333333333336,453.81666666666666,6864.15625,6864.15625,32.1,69.4,1277.0,0.0,284,-0.29202011227607727,-1.3963449001312256,1.6389106512069702,0.6988608241081238
1.0,453.81666666666666,453.8666666666667,6864.15625,6865.796875,69.4,69.0,3.0,32.8125,285,-1.6600335836410522,-0.46777158975601196,2.047060489654541,-1.6740423440933228
1.0,453.8666666666667,456.1333333333333,6865.796875,6950.296875,69.0,50.5,136.0,37.279411764705884,286,-1.6600335836410522,-0.46777158975601196,2.047060489654541,-1.6740423440933228
1.0,456.1333333333333,457.31666666666666,6950.296875,7000.1875,50.5,38.0,71.0,42.161091549295776,287,-1.6600335836410522,-0.46777158975601196,2.047060489654541,-1.6740423440933228
1.0,457.3333333333333,458.1166666666667,7000.1875,7000.1875,38.0,79.6,47.0,0.0,288,-0.29202011227607727,-1.3963449001312256,2.047060489654541,-1.6740423440933228
1.0,458.1166666666667,458.75,7000.1875,7057.0,79.6,61.9,38.0,89.70394736842105,289,-1.6600335836410522,-0.46777158975601196,2.047060489654541,-1.6740423440933228
1.0,459.8,469.1333333333333,7057.0,7057.0,61.9,78.8,560.0,0.0,290,-0.29202011227607727,-1.3963449001312256,1.6389106512069702,0.6988608241081238
1.0,469.1333333333333,470.3333333333333,7057.0,7137.109375,78.8,59.2,72.0,66.7578125,291,-1.6600335836410522,-0.46777158975601196,2.047060489654541,-1.6740423440933228
1.0,470.3333333333333,470.3833333333333,7137.109375,7138.171875,59.2,59.2,3.0,21.25,292,-1.6600335836410522,-0.46777158975601196,2.047060489654541,-1.6740423440933228
1.0,473.03333333333336,473.06666666666666,7138.171875,7138.171875,58.4,58.4,2.0,0.0,293,-1.6600335836410522,-0.46777158975601196,2.047060489654541,-1.6740423440933228
1.0,473.2,473.53333333333336,7138.171875,7146.4375,58.0,56.8,20.0,24.796875,294,-1.6600335836410522,-0.46777158975601196,2.047060489654541,-1.6740423440933228
1.0,473.53333333333336,474.3333333333333,7146.4375,7146.4375,56.8,82.7,48.0,0.0,295,-0.29202011227607727,-1.3963449001312256,1.1969027519226074,-0.9354957938194275
1.0,474.3333333333333,474.48333333333335,7146.4375,7149.375,82.7,82.3,9.0,19.583333333333336,296,-1.6600335836410522,-0.46777158975601196,2.047060489654541,-1.6740423440933228
1.0,475.46666666666664,476.1666666666667,7149.375,7170.859375,82.3,76.4,42.0,30.69196428571429,297,-1.6600335836410522,-0.46777158975601196,2.047060489654541,-1.6740423440933228
1.0,476.31666666666666,476.9,7170.859375,7189.78125,76.0,73.3,35.0,32.4375,298,-1.6600335836410522,-0.46777158975601196,2.047060489654541,-1.6740423440933228
1.0,477.1333333333333,477.8,7189.78125,7189.78125,72.5,79.2,40.0,0.0,299,-0.29202011227607727,-1.3963449001312256,1.5275136232376099,-0.6723349690437317
1.0,477.81666666666666,478.46666666666664,7189.78125,7189.78125,79.2,85.0,39.0,0.0,300,-0.29202011227607727,-1.3963449001312256,1.5275136232376099,-0.6723349690437317
1.0,478.46666666666664,478.51666666666665,7189.78125,7190.9375,85.0,85.0,3.0,23.125,301,-1.6600335836410522,-0.46777158975601196,2.047060489654541,-1.6740423440933228
1.0,481.6666666666667,482.8,7190.9375,7276.265625,85.0,60.3,68.0,75.28952205882354,302,-1.6600335836410522,-0.46777158975601196,2.047060489654541,-1.6740423440933228
1.0,482.8,493.3,7276.265625,7276.265625,60.3,78.8,630.0,0.0,303,-0.29202011227607727,-1.3963449001312256,1.6389106512069702,0.6988608241081238
1.0,493.3,494.4166666666667,7276.265625,7361.375,78.8,60.3,67.0,76.21735074626865,304,-1.6600335836410522,-0.46777158975601196,2.047060489654541,-1.6740423440933228
1.0,496.71666666666664,497.0,7361.375,7371.640625,60.0,58.0,17.0,36.231617647058826,305,-1.6600335836410522,-0.46777158975601196,2.047060489654541,-1.6740423440933228
1.0,497.0,498.35,7371.640625,7384.21875,58.0,54.9,81.0,9.31712962962963,306,-1.6600335836410522,-0.46777158975601196,2.047060489654541,-1.6740423440933228
1.0,498.35,498.6,7384.21875,7390.328125,54.9,53.7,15.0,24.4375,307,-1.6600335836410522,-0.46777158975601196,2.047060489654541,-1.6740423440933228
1.0,498.93333333333334,498.98333333333335,7390.328125,7390.609375,52.9,52.9,3.0,5.625,308,-1.6600335836410522,-0.46777158975601196,2.047060489654541,-1.6740423440933228
1.0,499.05,499.65,7390.609375,7413.34375,52.9,47.4,36.0,37.890625,309,-1.6600335836410522,-0.46777158975601196,2.047060489654541,-1.6740423440933228
1.0,500.0833333333333,500.9,7413.34375,7435.921875,46.6,43.9,49.0,27.64668367346939,310,-1.6600335836410522,-0.46777158975601196,2.047060489654541,-1.6740423440933228
1.0,500.9,501.48333333333335,7435.921875,7435.921875,43.9,49.0,35.0,0.0,311,-0.29202011227607727,-1.3963449001312256,1.5275136232376099,-0.6723349690437317
1.0,501.48333333333335,502.95,7435.921875,7437.140625,49.0,49.0,88.0,0.8309659090909092,312,-1.6600335836410522,-0.46777158975601196,2.047060489654541,-1.6740423440933228
1.0,502.95,505.46666666666664,7437.140625,7520.953125,49.0,28.2,151.0,33.30298013245033,313,-1.6600335836410522,-0.46777158975601196,2.047060489654541,-1.6740423440933228
1.0,505.46666666666664,518.5333333333333,7520.953125,7520.953125,28.2,50.9,784.0,0.0,314,-0.29202011227607727,-1.3963449001312256,1.6389106512069702,0.6988608241081238
1.0,518.5333333333333,519.1666666666666,7520.953125,7551.140625,50.9,42.7,38.0,47.66447368421053,315,-1.6600335836410522,-0.46777158975601196,2.047060489654541,-1.6740423440933228
1.0,519.1666666666666,524.5333333333333,7551.140625,7619.759321,42.7,41.5,322.0,12.786092422360333,316,-1.6600335836410522,-0.46777158975601196,2.047060489654541,-1.6740423440933228
1.0,524.5333333333333,545.9666666666667,7619.759321,7619.759321,41.5,78.8,1286.0,0.0,317,-0.29202011227607727,-1.3963449001312256,1.6389106512069702,0.6988608241081238
1.0,545.9666666666667,546.8666666666667,7619.759321,7631.140625,78.8,59.2,54.0,12.645893333332827,318,-1.6600335836410522,-0.46777158975601196,2.047060489654541,-1.6740423440933228
1.0,550.95,552.4166666666666,7631.140625,7725.734375,60.0,30.5,88.0,64.49573863636364,319,-1.6600335836410522,-0.46777158975601196,2.047060489654541,-1.6740423440933228
1.0,552.9833333333333,572.8166666666667,7725.734375,7725.734375,30.5,65.4,1190.0,0.0,320,-0.29202011227607727,-1.3963449001312256,1.6389106512069702,0.6988608241081238
1.0,572.8166666666667,573.0,7725.734375,7727.453125,65.4,65.4,11.0,9.375,321,-1.6600335836410522,-0.46777158975601196,2.047060489654541,-1.6740423440933228
1.0,573.1166666666667,573.15,7727.453125,7727.75,65.4,65.4,2.0,8.90625,322,-1.6600335836410522,-0.46777158975601196,2.047060489654541,-1.6740423440933228
1.0,573.2833333333333,573.4333333333333,7727.75,7728.875,65.0,64.7,9.0,7.5,323,-1.6600335836410522,-0.46777158975601196,2.047060489654541,-1.6740423440933228
1.0,573.4333333333333,590.7333333333333,7728.875,7728.875,64.7,96.4,1038.0,0.0,324,-0.29202011227607727,-1.3963449001312256,1.6389106512069702,0.6988608241081238
1.0,590.7333333333333,591.7666666666667,7728.875,7813.734375,96.4,75.2,62.0,82.1219758064516,325,-1.6600335836410522,-0.46777158975601196,2.047060489654541,-1.6740423440933228
1.0,593.1333333333333,594.35,7813.734375,7905.984375,75.2,45.4,73.0,75.82191780821918,326,-1.6600335836410522,-0.46777158975601196,2.047060489654541,-1.6740423440933228
1.0,594.4333333333333,621.7166666666667,7905.984375,7905.984375,45.4,94.5,1637.0,0.0,327,-0.29202011227607727,-1.3963449001312256,1.6389106512069702,0.6988608241081238
1.0,621.7166666666667,622.7,7905.984375,7990.921875,94.5,77.2,59.0,86.3771186440678,328,-1.6600335836410522,-0.46777158975601196,2.047060489654541,-1.6740423440933228
1.0,624.1166666666667,624.4333333333333,7990.921875,7997.9375,76.0,74.5,19.0,22.154605263157897,329,-1.6600335836410522,-0.46777158975601196,2.047060489654541,-1.6740423440933228
1.0,624.4833333333333,625.5666666666667,7997.953125,8083.625,74.5,51.3,65.0,79.08173076923077,330,-1.6600335836410522,-0.46777158975601196,2.047060489654541,-1.6740423440933228
1.0,625.5666666666667,625.6833333333333,8083.625,8085.234375,51.3,51.3,7.0,13.794642857142858,331,-1.6600335836410522,-0.46777158975601196,2.047060489654541,-1.6740423440933228
1.0,625.85,625.9,8085.234375,8086.484375,50.9,50.9,3.0,25.0,332,-1.6600335836410522,-0.46777158975601196,2.047060489654541,-1.6740423440933228
1.0,627.8666666666667,636.8833333333333,8086.484375,8086.484375,50.9,66.6,541.0,0.0,333,-0.29202011227607727,-1.3963449001312256,1.6389106512069702,0.6988608241081238
1.0,636.8833333333333,638.2,8086.484375,8165.046875,66.6,47.4,79.0,59.66772151898734,334,-1.6600335836410522,-0.46777158975601196,2.047060489654541,-1.6740423440933228
1.0,638.2,638.3666666666667,8165.046875,8166.09375,47.4,47.4,10.0,6.28125,335,-1.6600335836410522,-0.46777158975601196,2.047060489654541,-1.6740423440933228
1.0,641.5333333333333,641.8333333333334,8166.109375,8172.59375,47.0,45.4,18.0,21.614583333333336,336,-1.6600335836410522,-0.46777158975601196,2.047060489654541,-1.6740423440933228
1.0,641.85,642.3333333333334,8172.59375,8172.59375,45.4,67.0,29.0,0.0,337,-0.29202011227607727,-1.3963449001312256,2.047060489654541,-1.6740423440933228
1.0,642.3333333333334,642.5166666666667,8172.59375,8175.859375,67.0,67.0,11.0,17.8125,338,-1.6600335836410522,-0.46777158975601196,2.047060489654541,-1.6740423440933228
1.0,643.4833333333333,643.5333333333333,8175.875,8176.671875,66.2,66.2,3.0,15.9375,339,-1.6600335836410522,-0.46777158975601196,2.047060489654541,-1.6740423440933228
1.0,647.3833333333333,647.4333333333333,8176.671875,8176.765625,68.2,68.2,3.0,1.875,340,-1.6600335836410522,-0.46777158975601196,2.047060489654541,-1.6740423440933228
1.0,649.5666666666667,650.4166666666666,8176.765625,8262.65625,67.8,36.0,51.0,101.04779411764706,341,-1.6600335836410522,-0.46777158975601196,2.047060489654541,-1.6740423440933228
1.0,651.1166666666667,661.3666666666667,8262.65625,8262.65625,36.4,54.5,615.0,0.0,342,-0.29202011227607727,-1.3963449001312256,1.6389106512069702,0.6988608241081238
1.0,661.3666666666667,662.0,8262.65625,8300.625,54.5,43.9,38.0,59.95065789473684,343,-1.6600335836410522,-0.46777158975601196,2.047060489654541,-1.6740423440933228
1.0,662.0,662.0166666666667,8300.625,8300.625,43.9,43.9,1.0,0.0,344,-1.6600335836410522,-0.46777158975601196,2.047060489654541,-1.6740423440933228
1.0,662.0666666666667,664.2833333333333,8300.625,8300.625,44.3,47.8,133.0,0.0,345,-0.29202011227607727,-1.3963449001312256,1.6389106512069702,0.6988608241081238
1.0,664.2833333333333,666.75,8300.625,8379.4375,47.8,29.4,148.0,31.951013513513512,346,-1.6600335836410522,-0.46777158975601196,2.047060489654541,-1.6740423440933228
1.0,666.75,666.8166666666667,8379.4375,8380.578125,29.4,29.4,4.0,17.109375,347,-1.6600335836410522,-0.46777158975601196,2.047060489654541,-1.6740423440933228
1.0,666.95,667.2666666666667,8380.578125,8386.171875,29.0,28.2,19.0,17.664473684210527,348,-1.6600335836410522,-0.46777158975601196,2.047060489654541,-1.6740423440933228
1.0,667.2833333333333,668.05,8386.171875,8386.171875,28.2,74.5,46.0,0.0,349,-0.29202011227607727,-1.3963449001312256,2.047060489654541,-1.6740423440933228
1.0,668.05,668.6,8386.171875,8391.75,74.5,73.3,33.0,10.142045454545453,350,-1.6600335836410522,-0.46777158975601196,2.047060489654541,-1.6740423440933228
1.0,668.6,668.8666666666667,8391.75,8397.921875,73.3,72.9,16.0,23.14453125,351,-1.6600335836410522,-0.46777158975601196,2.047060489654541,-1.6740423440933228
1.0,668.8833333333333,669.55,8397.921875,8397.921875,72.9,78.8,40.0,0.0,352,-0.29202011227607727,-1.3963449001312256,1.5275136232376099,-0.6723349690437317
1.0,669.55,669.6,8397.921875,8399.125,78.8,78.8,3.0,24.0625,353,-1.6600335836410522,-0.46777158975601196,2.047060489654541,-1.6740423440933228
1.0,671.2166666666667,672.3,8399.125,8484.921875,76.0,52.1,65.0,79.19711538461539,354,-1.6600335836410522,-0.46777158975601196,2.047060489654541,-1.6740423440933228
1.0,672.8,712.35,8484.921875,8484.921875,52.1,100.0,2373.0,0.0,355,-0.29202011227607727,-1.3963449001312256,1.6389106512069702,0.6988608241081238
1.0,712.35,713.1666666666666,8484.921875,8568.421875,100.0,78.8,49.0,102.24489795918367,356,-1.6600335836410522,-0.46777158975601196,2.047060489654541,-1.6740423440933228
1.0,713.2,713.3,8568.421875,8570.1875,78.8,78.4,6.0,17.65625,357,-1.6600335836410522,-0.46777158975601196,2.047060489654541,-1.6740423440933228
1.0,713.3,714.7833333333333,8570.1875,8577.0,78.4,76.4,89.0,4.592696629213483,358,-1.6600335836410522,-0.46777158975601196,2.047060489654541,-1.6740423440933228
1.0,714.7833333333333,714.8666666666667,8577.0,8578.4375,76.4,76.4,5.0,17.25,359,-1.6600335836410522,-0.46777158975601196,2.047060489654541,-1.6740423440933228
1.0,719.0666666666667,720.0166666666667,8578.4375,8657.546875,76.0,52.9,57.0,83.27302631578948,360,-1.6600335836410522,-0.46777158975601196,2.047060489654541,-1.6740423440933228
1.0,721.1,742.8666666666667,8657.546875,8657.546875,52.9,78.0,1306.0,0.0,361,-0.29202011227607727,-1.3963449001312256,1.6389106512069702,0.6988608241081238
1.0,742.8666666666667,743.05,8657.546875,8660.953125,78.0,78.0,11.0,18.579545454545457,362,-1.6600335836410522,-0.46777158975601196,2.047060489654541,-1.6740423440933228
1.0,743.8333333333334,743.8833333333333,8660.953125,8661.140625,77.6,77.6,3.0,3.75,363,-1.6600335836410522,-0.46777158975601196,2.047060489654541,-1.6740423440933228
1.0,744.05,744.1666666666666,8661.140625,8664.078125,77.6,77.2,7.0,25.178571428571427,364,-1.6600335836410522,-0.46777158975601196,2.047060489654541,-1.6740423440933228
1.0,744.1666666666666,745.3333333333334,8664.078125,8665.969882,77.2,76.8,70.0,1.6215059999994992,365,-1.6600335836410522,-0.46777158975601196,2.047060489654541,-1.6740423440933228
1.0,745.3333333333334,764.6333333333333,8665.969882,8665.969882,76.8,100.0,1158.0,0.0,366,-0.29202011227607727,-1.3963449001312256,1.6389106512069702,0.6988608241081238
1.0,764.6333333333333,764.7,8665.969882,8666.078125,100.0,99.6,4.0,1.6236450000087643,367,-1.6600335836410522,-0.46777158975601196,2.047060489654541,-1.6740423440933228
1.0,764.9666666666667,765.0833333333334,8666.078125,8668.390625,99.6,99.6,7.0,19.82142857142857,368,-1.6600335836410522,-0.46777158975601196,2.047060489654541,-1.6740423440933228
1.0,765.25,765.3,8668.390625,8669.59375,99.2,99.2,3.0,24.0625,369,-1.6600335836410522,-0.46777158975601196,2.047060489654541,-1.6740423440933228
1.0,765.3,793.25,8669.59375,8759.53125,99.2,77.2,1677.0,3.217799642218247,370,-1.6600335836410522,-0.46777158975601196,2.047060489654541,-1.6740423440933228
1.0,793.25,793.3333333333334,8759.53125,8761.359375,77.2,77.2,5.0,21.9375,371,-1.6600335836410522,-0.46777158975601196,2.047060489654541,-1.6740423440933228
1.0,794.1333333333333,795.15,8761.359375,8819.265625,76.4,61.9,61.0,56.95696721311476,372,-1.6600335836410522,-0.46777158975601196,2.047060489654541,-1.6740423440933228
1.0,795.2666666666667,795.3166666666667,8819.265625,8820.390625,61.1,61.1,3.0,22.5,373,-1.6600335836410522,-0.46777158975601196,2.047060489654541,-1.6740423440933228
1.0,795.3833333333333,795.8,8820.390625,8853.3125,61.1,50.9,25.0,79.0125,374,-1.6600335836410522,-0.46777158975601196,2.047060489654541,-1.6740423440933228
1.0,796.85,805.35,8853.3125,8853.3125,50.9,65.4,510.0,0.0,375,-0.29202011227607727,-1.3963449001312256,1.6389106512069702,0.6988608241081238
1.0,805.35,806.3833333333333,8853.3125,8932.078125,65.4,49.0,62.0,76.22479838709677,376,-1.6600335836410522,-0.46777158975601196,2.047060489654541,-1.6740423440933228
1.0,806.3833333333333,808.9166666666666,8932.078125,8932.109375,49.0,48.2,152.0,0.012335526315789474,377,-1.6600335836410522,-0.46777158975601196,2.047060489654541,-1.6740423440933228
1.0,808.9166666666666,809.85,8932.109375,9011.171875,48.2,25.0,56.0,84.70982142857143,378,-1.6600335836410522,-0.46777158975601196,2.047060489654541,-1.6740423440933228
1.0,810.0833333333334,810.1666666666666,9011.1875,9014.0,25.0,23.5,5.0,33.75,379,-1.6600335836410522,-0.46777158975601196,2.047060489654541,-1.6740423440933228
1.0,810.1833333333333,818.2666666666667,9014.0,9014.0,23.5,74.5,485.0,0.0,380,-0.29202011227607727,-1.3963449001312256,2.047060489654541,-1.6740423440933228
1.0,818.2666666666667,818.3666666666667,9014.0,9016.859375,74.5,74.5,6.0,28.59375,381,-1.6600335836410522,-0.46777158975601196,2.047060489654541,-1.6740423440933228
1.0,818.4,818.4,9016.859375,9016.875,74.5,74.5,0.0,0.0,382,-1.6600335836410522,-0.46777158975601196,2.047060489654541,-1.6740423440933228
1.0,818.9,819.0333333333333,9016.875,9022.390625,74.5,72.9,8.0,41.3671875,383,-1.6600335836410522,-0.46777158975601196,2.047060489654541,-1.6740423440933228
1.0,819.0333333333333,819.35,9022.390625,9022.390625,72.9,75.2,19.0,0.0,384,-0.29202011227607727,-1.3963449001312256,1.5275136232376099,-0.6723349690437317
1.0,819.35,819.4333333333333,9022.390625,9025.5,75.2,73.7,5.0,37.3125,385,-1.6600335836410522,-0.46777158975601196,2.047060489654541,-1.6740423440933228
1.0,820.9,821.05,9025.5,9033.484375,74.9,74.1,9.0,53.22916666666667,386,-1.6600335836410522,-0.46777158975601196,2.047060489654541,-1.6740423440933228
1.0,837.4833333333333,837.4833333333333,9033.484375,9033.546875,73.7,73.7,0.0,0.0,387,-1.6600335836410522,-0.46777158975601196,2.047060489654541,-1.6740423440933228
1.0,837.65,838.7,9033.546875,9119.140625,73.7,55.6,63.0,81.51785714285714,388,-1.6600335836410522,-0.46777158975601196,2.047060489654541,-1.6740423440933228
1.0,838.7,838.8833333333333,9119.140625,9119.15625,55.6,56.4,11.0,0.08522727272727273,389,-0.29202011227607727,-1.3963449001312256,1.5275136232376099,-0.6723349690437317
1.0,838.8833333333333,838.95,9119.15625,9120.3125,56.4,56.4,4.0,17.34375,390,-1.6600335836410522,-0.46777158975601196,2.047060489654541,-1.6740423440933228
1.0,841.9333333333333,843.8333333333334,9120.3125,9214.28125,56.4,33.3,114.0,49.45723684210527,391,-1.6600335836410522,-0.46777158975601196,2.047060489654541,-1.6740423440933228
1.0,859.95,860.0833333333334,9214.28125,9217.203125,32.5,32.1,8.0,21.9140625,392,-1.6600335836410522,-0.46777158975601196,2.047060489654541,-1.6740423440933228
1.0,860.1,865.2166666666667,9217.203125,9217.203125,32.1,63.9,307.0,0.0,393,-0.29202011227607727,-1.3963449001312256,2.047060489654541,-1.6740423440933228
1.0,865.2166666666667,865.4666666666667,9217.203125,9225.171875,63.9,63.9,15.0,31.875,394,-1.6600335836410522,-0.46777158975601196,2.047060489654541,-1.6740423440933228
1.0,865.4666666666667,880.4833333333333,9225.171875,9234.015625,63.9,62.7,901.0,0.5889289678135404,395,-1.6600335836410522,-0.46777158975601196,2.047060489654541,-1.6740423440933228
1.0,880.4833333333333,881.35,9234.015625,9319.453125,62.7,41.9,52.0,98.58173076923076,396,-1.6600335836410522,-0.46777158975601196,2.047060489654541,-1.6740423440933228
1.0,882.5,882.7333333333333,9319.453125,9326.046875,41.5,40.7,14.0,28.25892857142857,397,-1.6600335836410522,-0.46777158975601196,2.047060489654541,-1.6740423440933228
1.0,882.7333333333333,887.15,9326.046875,9327.125,40.7,38.4,265.0,0.24410377358490565,398,-1.6600335836410522,-0.46777158975601196,2.047060489654541,-1.6740423440933228
1.0,887.15,888.4833333333333,9327.125,9421.515625,38.4,8.6,80.0,70.79296875,399,-1.6600335836410522,-0.46777158975601196,2.047060489654541,-1.6740423440933228
1.0,902.7,902.7166666666667,9421.515625,9421.578125,10.9,10.9,1.0,3.75,400,-1.6600335836410522,-0.46777158975601196,2.047060489654541,-1.6740423440933228
1.0,906.1666666666666,906.2166666666667,9421.578125,9423.296875,10.5,10.1,3.0,34.375,401,-1.6600335836410522,-0.46777158975601196,2.047060489654541,-1.6740423440933228
1.0,906.45,906.5333333333333,9423.296875,9425.171875,10.1,10.1,5.0,22.5,402,-1.6600335836410522,-0.46777158975601196,2.047060489654541,-1.6740423440933228
1.0,908.9,909.0166666666667,9425.171875,9428.0,9.8,8.6,7.0,24.241071428571427,403,-1.6600335836410522,-0.46777158975601196,2.047060489654541,-1.6740423440933228
1.0,909.05,909.1333333333333,9428.0,9428.0,8.6,8.6,5.0,0.0,404,-1.6600335836410522,-0.46777158975601196,2.047060489654541,-1.6740423440933228
1.0,909.1333333333333,909.5,9428.0,9436.203125,8.6,7.8,22.0,22.372159090909093,405,-1.6600335836410522,-0.46777158975601196,2.047060489654541,-1.6740423440933228
1.0,909.6,910.3833333333333,9436.203125,9436.203125,7.8,58.0,47.0,0.0,406,-0.29202011227607727,-1.3963449001312256,1.1969027519226074,-0.9354957938194275
1.0,910.3833333333333,910.7,9436.203125,9436.203125,58.0,74.5,19.0,0.0,407,-0.29202011227607727,-1.3963449001312256,1.1969027519226074,-0.9354957938194275
1.0,910.7,910.8666666666667,9436.203125,9439.96875,74.5,73.3,10.0,22.59375,408,-1.6600335836410522,-0.46777158975601196,2.047060489654541,-1.6740423440933228
1.0,910.8666666666667,910.9333333333333,9439.96875,9441.171875,73.3,72.9,4.0,18.046875,409,-1.6600335836410522,-0.46777158975601196,2.047060489654541,-1.6740423440933228
1.0,958.4666666666667,958.4833333333333,9441.1875,9441.203125,71.3,71.3,1.0,0.9375,410,-1.6600335836410522,-0.46777158975601196,2.047060489654541,-1.6740423440933228
1.0,958.5,973.4,9441.203125,9441.203125,71.3,100.0,894.0,0.0,411,-0.29202011227607727,-1.3963449001312256,1.5275136232376099,-0.6723349690437317
1.0,973.4,974.4333333333333,9441.203125,9520.515625,100.0,82.3,62.0,76.75403225806451,412,-1.6600335836410522,-0.46777158975601196,2.047060489654541,-1.6740423440933228
1.0,976.9833333333333,977.8833333333333,9520.515625,9599.359375,81.9,60.0,54.0,87.60416666666667,413,-1.6600335836410522,-0.46777158975601196,2.047060489654541,-1.6740423440933228
1.0,977.9,982.0333333333333,9599.359375,9599.359375,60.0,81.9,248.0,0.0,414,-0.29202011227607727,-1.3963449001312256,1.5275136232376099,-0.6723349690437317
1.0,982.0333333333333,982.2,9599.359375,9602.375,81.9,81.9,10.0,18.09375,415,-1.6600335836410522,-0.46777158975601196,2.047060489654541,-1.6740423440933228
1.0,982.3333333333334,982.4833333333333,9602.375,9604.4375,81.5,81.1,9.0,13.75,416,-1.6600335836410522,-0.46777158975601196,2.047060489654541,-1.6740423440933228
1.0,982.5666666666667,983.75,9604.4375,9690.875,80.7,62.7,71.0,73.04577464788733,417,-1.6600335836410522,-0.46777158975601196,2.047060489654541,-1.6740423440933228
1.0,984.6833333333333,984.8833333333333,9690.875,9695.40625,61.9,61.5,12.0,22.65625,418,-1.6600335836410522,-0.46777158975601196,2.047060489654541,-1.6740423440933228
1.0,985.1,986.55,9695.40625,9785.4375,61.1,36.8,87.0,62.09051724137931,419,-1.6600335836410522,-0.46777158975601196,2.047060489654541,-1.6740423440933228
1.0,986.5666666666667,1001.75,9785.4375,9785.4375,36.8,100.0,911.0,0.0,420,-0.29202011227607727,-1.3963449001312256,1.5275136232376099,-0.6723349690437317
1.0,1001.75,1001.9833333333333,9785.4375,9793.375,100.0,98.8,14.0,34.01785714285714,421,-1.6600335836410522,-0.46777158975601196,2.047060489654541,-1.6740423440933228
1.0,1003.2166666666667,1003.45,9793.375,9801.546875,98.8,96.8,14.0,35.02232142857143,422,-1.6600335836410522,-0.46777158975601196,2.047060489654541,-1.6740423440933228
1.0,1005.0166666666667,1006.5333333333333,9801.546875,9894.421875,96.0,74.1,91.0,61.23626373626374,423,-1.6600335836410522,-0.46777158975601196,2.047060489654541,-1.6740423440933228
1.0,1007.5833333333334,1009.8166666666667,9894.421875,9980.3125,73.7,55.6,134.0,38.45848880597015,424,-1.6600335836410522,-0.46777158975601196,2.047060489654541,-1.6740423440933228
1.0,1009.8166666666667,1024.0166666666667,9980.3125,9980.3125,55.6,100.0,852.0,0.0,425,-0.29202011227607727,-1.3963449001312256,1.5275136232376099,-0.6723349690437317
1.0,1024.0166666666667,1024.8666666666666,9980.3125,10062.89063,100.0,79.2,51.0,97.15074117647045,426,-1.6600335836410522,-0.46777158975601196,2.047060489654541,-1.6740423440933228
1.0,1001.35,1001.3666666666667,10062.90625,10063.0625,78.8,78.8,1.0,9.375,427,-1.6600335836410522,-0.46777158975601196,2.047060489654541,-1.6740423440933228
1.0,1001.3666666666667,1009.9333333333333,10063.0625,10063.09375,78.8,79.2,514.0,0.0036478599221789884,428,-1.6600335836410522,-0.46777158975601196,2.047060489654541,-1.6740423440933228
1.0,1009.9333333333333,1010.75,10063.09375,10142.79688,79.2,56.0,49.0,97.59566938775495,429,-1.6600335836410522,-0.46777158975601196,2.047060489654541,-1.6740423440933228
2.0,3198.633333333333,3212.8333333333335,4585.78125,4585.78125,27.4,44.7,852.0,0.0,430,-0.29202011227607727,-1.3963449001312256,1.6389106512069702,0.6988608241081238
2.0,3212.8333333333335,3213.1666666666665,4585.78125,4595.21875,44.7,43.5,20.0,28.3125,431,-1.6600335836410522,-0.46777158975601196,2.047060489654541,-1.6740423440933228
2.0,3213.1833333333334,3213.9666666666667,4595.21875,4595.21875,43.5,79.6,47.0,0.0,432,-0.29202011227607727,-1.3963449001312256,1.1969027519226074,-0.9354957938194275
2.0,3213.9666666666667,3214.366666666667,4595.21875,4609.0,79.6,77.6,24.0,34.453125,433,-1.6600335836410522,-0.46777158975601196,2.047060489654541,-1.6740423440933228
2.0,3214.4166666666665,3214.85,4609.0,4624.34375,77.6,74.9,26.0,35.40865384615385,434,-1.6600335836410522,-0.46777158975601196,2.047060489654541,-1.6740423440933228
2.0,3214.883333333333,3219.6666666666665,4624.34375,4792.734375,74.9,41.9,287.0,35.2036149825784,435,-1.6600335836410522,-0.46777158975601196,2.047060489654541,-1.6740423440933228
2.0,3219.766666666667,3219.9666666666667,4792.734375,4802.703125,41.9,40.3,12.0,49.84375,436,-1.6600335836410522,-0.46777158975601196,2.047060489654541,-1.6740423440933228
2.0,3219.983333333333,3220.05,4802.703125,4802.703125,40.3,40.7,4.0,0.0,437,-0.29202011227607727,-1.3963449001312256,1.5275136232376099,-0.6723349690437317
2.0,3220.05,3222.45,4802.703125,4906.609375,40.7,21.1,144.0,43.294270833333336,438,-1.6600335836410522,-0.46777158975601196,2.047060489654541,-1.6740423440933228
2.0,3222.4666666666667,3235.1833333333334,4906.609375,4906.609375,21.1,36.8,763.0,0.0,439,-0.29202011227607727,-1.3963449001312256,1.6389106512069702,0.6988608241081238
2.0,3235.1833333333334,3235.4666666666667,4906.609375,4916.046875,36.8,35.6,17.0,33.30882352941177,440,-1.6600335836410522,-0.46777158975601196,2.047060489654541,-1.6740423440933228
2.0,3235.483333333333,3236.483333333333,4916.046875,4916.046875,35.6,85.0,60.0,0.0,441,-0.29202011227607727,-1.3963449001312256,1.1969027519226074,-0.9354957938194275
2.0,3236.483333333333,3236.65,4916.046875,4922.90625,85.0,83.9,10.0,41.15625,442,-1.6600335836410522,-0.46777158975601196,2.047060489654541,-1.6740423440933228
2.0,3238.15,3239.0333333333333,4930.921875,4967.875,81.5,75.6,53.0,41.83372641509434,443,-1.6600335836410522,-0.46777158975601196,2.047060489654541,-1.6740423440933228
2.0,3239.05,3241.25,4967.875,5073.09375,75.6,53.7,132.0,47.82670454545454,444,-1.6600335836410522,-0.46777158975601196,2.047060489654541,-1.6740423440933228
2.0,3241.266666666667,3243.266666666667,5073.09375,5073.09375,53.7,55.6,120.0,0.0,445,-0.29202011227607727,-1.3963449001312256,1.6389106512069702,0.6988608241081238
2.0,3243.266666666667,3245.733333333333,5073.09375,5156.3125,55.6,40.7,148.0,33.73733108108108,446,-1.6600335836410522,-0.46777158975601196,2.047060489654541,-1.6740423440933228
2.0,3245.75,3256.2833333333333,5156.3125,5156.3125,40.7,53.3,632.0,0.0,447,-0.29202011227607727,-1.3963449001312256,1.6389106512069702,0.6988608241081238
2.0,3256.2833333333333,3256.55,5156.3125,5161.515625,53.3,52.5,16.0,19.51171875,448,-1.6600335836410522,-0.46777158975601196,2.047060489654541,-1.6740423440933228
2.0,3256.6,3256.6,5161.515625,5161.53125,52.1,52.1,0.0,0.0,449,-1.6600335836410522,-0.46777158975601196,2.047060489654541,-1.6740423440933228
2.0,3257.383333333333,3257.8,5161.53125,5171.65625,52.1,50.9,25.0,24.299999999999997,450,-1.6600335836410522,-0.46777158975601196,2.047060489654541,-1.6740423440933228
2.0,3257.8166666666666,3259.65,5171.65625,5171.65625,50.9,52.9,110.0,0.0,451,-0.29202011227607727,-1.3963449001312256,1.6389106512069702,0.6988608241081238
2.0,3259.65,3263.3333333333335,5171.65625,5301.796875,52.9,29.4,221.0,35.3322963800905,452,-1.6600335836410522,-0.46777158975601196,2.047060489654541,-1.6740423440933228
2.0,3263.4,3264.05,5301.796875,5318.875,29.4,27.0,39.0,26.27403846153846,453,-1.6600335836410522,-0.46777158975601196,2.047060489654541,-1.6740423440933228
2.0,3264.0833333333335,3264.25,5318.875,5320.609375,27.0,27.0,10.0,10.40625,454,-1.6600335836410522,-0.46777158975601196,2.047060489654541,-1.6740423440933228
2.0,3264.266666666667,3265.266666666667,5320.609375,5320.609375,27.0,35.2,60.0,0.0,455,-0.29202011227607727,-1.3963449001312256,1.5275136232376099,-0.6723349690437317
2.0,3265.266666666667,3265.516666666667,5320.609375,5328.546875,35.2,33.7,15.0,31.75,456,-1.6600335836410522,-0.46777158975601196,2.047060489654541,-1.6740423440933228
2.0,3265.516666666667,3265.766666666667,5328.546875,5335.984375,33.7,32.5,15.0,29.75,457,-1.6600335836410522,-0.46777158975601196,2.047060489654541,-1.6740423440933228
2.0,3265.7833333333333,3267.6,5335.984375,5335.984375,32.5,34.5,109.0,0.0,458,-0.29202011227607727,-1.3963449001312256,1.6389106512069702,0.6988608241081238
2.0,3267.6,3268.0666666666666,5335.984375,5352.0625,34.5,32.1,28.0,34.453125,459,-1.6600335836410522,-0.46777158975601196,2.047060489654541,-1.6740423440933228
2.0,3268.0833333333335,3269.1,5352.0625,5352.0625,32.1,82.7,61.0,0.0,460,-0.29202011227607727,-1.3963449001312256,1.1969027519226074,-0.9354957938194275
2.0,3269.1,3270.0833333333335,5352.0625,5392.28125,82.7,72.1,59.0,40.900423728813564,461,-1.6600335836410522,-0.46777158975601196,2.047060489654541,-1.6740423440933228
2.0,3270.1,3279.633333333333,5392.28125,5392.28125,72.1,83.5,572.0,0.0,462,-0.29202011227607727,-1.3963449001312256,1.6389106512069702,0.6988608241081238
2.0,3279.633333333333,3281.4333333333334,5392.28125,5484.109375,83.5,65.4,108.0,51.015625,463,-1.6600335836410522,-0.46777158975601196,2.047060489654541,-1.6740423440933228
2.0,3281.883333333333,3285.75,5484.109375,5648.609375,65.4,32.9,232.0,42.543103448275865,464,-1.6600335836410522,-0.46777158975601196,2.047060489654541,-1.6740423440933228
2.0,3286.05,3287.0,5648.609375,5648.609375,32.9,34.1,57.0,0.0,465,-0.29202011227607727,-1.3963449001312256,1.6389106512069702,0.6988608241081238
2.0,3287.0,3287.3166666666666,5648.609375,5660.828125,34.1,32.1,19.0,38.58552631578947,466,-1.6600335836410522,-0.46777158975601196,2.047060489654541,-1.6740423440933228
2.0,3288.5,3288.616666666667,5660.828125,5662.734375,32.1,32.1,7.0,16.339285714285715,467,-1.6600335836410522,-0.46777158975601196,2.047060489654541,-1.6740423440933228
2.0,3288.633333333333,3289.65,5662.734375,5662.734375,32.1,81.5,61.0,0.0,468,-0.29202011227607727,-1.3963449001312256,2.047060489654541,-1.6740423440933228
2.0,3289.65,3291.4333333333334,5662.734375,5761.390625,81.5,61.1,107.0,55.32126168224299,469,-1.6600335836410522,-0.46777158975601196,2.047060489654541,-1.6740423440933228
2.0,3291.45,3291.983333333333,5761.390625,5783.21875,61.1,56.0,32.0,40.927734375,470,-1.6600335836410522,-0.46777158975601196,2.047060489654541,-1.6740423440933228
2.0,3292.0,3292.85,5783.21875,5783.21875,56.0,56.8,51.0,0.0,471,-0.29202011227607727,-1.3963449001312256,1.6389106512069702,0.6988608241081238
2.0,3292.85,3293.9333333333334,5783.21875,5850.03125,56.8,42.3,65.0,61.67307692307693,472,-1.6600335836410522,-0.46777158975601196,2.047060489654541,-1.6740423440933228
2.0,3293.9333333333334,3301.616666666667,5850.03125,5850.03125,42.3,51.7,461.0,0.0,473,-0.29202011227607727,-1.3963449001312256,1.6389106512069702,0.6988608241081238
2.0,3301.616666666667,3302.9666666666667,5850.03125,5906.265625,51.7,41.1,81.0,41.65509259259259,474,-1.6600335836410522,-0.46777158975601196,2.047060489654541,-1.6740423440933228
2.0,3303.0,3304.0,5906.265625,5906.265625,41.1,83.1,60.0,0.0,475,-0.29202011227607727,-1.3963449001312256,1.1969027519226074,-0.9354957938194275
2.0,3304.0,3304.25,5906.265625,5915.03125,83.1,81.1,15.0,35.0625,476,-1.6600335836410522,-0.46777158975601196,2.047060489654541,-1.6740423440933228
2.0,3305.2833333333333,3305.4666666666667,5915.03125,5918.46875,81.1,80.7,11.0,18.75,477,-1.6600335836410522,-0.46777158975601196,2.047060489654541,-1.6740423440933228
2.0,3305.5666666666666,3305.883333333333,5918.46875,5928.3125,80.3,79.6,19.0,31.085526315789476,478,-1.6600335836410522,-0.46777158975601196,2.047060489654541,-1.6740423440933228
2.0,3305.9666666666667,3307.633333333333,5928.3125,6001.046875,79.6,65.0,100.0,43.640625,479,-1.6600335836410522,-0.46777158975601196,2.047060489654541,-1.6740423440933228
2.0,3307.9666666666667,3308.0333333333333,6001.046875,6001.046875,64.7,64.7,4.0,0.0,480,-1.6600335836410522,-0.46777158975601196,2.047060489654541,-1.6740423440933228
2.0,3308.0333333333333,3309.75,6001.046875,6051.25,64.7,54.9,103.0,29.24453883495146,481,-1.6600335836410522,-0.46777158975601196,2.047060489654541,-1.6740423440933228
2.0,3310.0333333333333,3310.3333333333335,6051.25,6063.265625,54.9,52.9,18.0,40.052083333333336,482,-1.6600335836410522,-0.46777158975601196,2.047060489654541,-1.6740423440933228
2.0,3310.3333333333335,3312.5666666666666,6063.265625,6063.265625,52.9,72.9,134.0,0.0,483,-0.29202011227607727,-1.3963449001312256,1.5275136232376099,-0.6723349690437317
2.0,3312.5666666666666,3313.0666666666666,6063.265625,6078.125,72.9,69.8,30.0,29.71875,484,-1.6600335836410522,-0.46777158975601196,2.047060489654541,-1.6740423440933228
2.0,3313.0833333333335,3325.9666666666667,6078.125,6078.125,69.8,85.0,773.0,0.0,485,-0.29202011227607727,-1.3963449001312256,1.6389106512069702,0.6988608241081238
2.0,3325.9666666666667,3329.7166666666667,6078.125,6243.375,85.0,48.6,225.0,44.06666666666667,486,-1.6600335836410522,-0.46777158975601196,2.047060489654541,-1.6740423440933228
2.0,3329.9,3330.2166666666667,6243.375,6250.46875,48.6,47.4,19.0,22.401315789473685,487,-1.6600335836410522,-0.46777158975601196,2.047060489654541,-1.6740423440933228
2.0,3330.233333333333,3330.5666666666666,6250.46875,6260.734375,47.4,45.0,20.0,30.796875,488,-1.6600335836410522,-0.46777158975601196,2.047060489654541,-1.6740423440933228
2.0,3330.6,3334.8166666666666,6260.734375,6411.953125,45.0,17.2,253.0,35.862154150197625,489,-1.6600335836410522,-0.46777158975601196,2.047060489654541,-1.6740423440933228
2.0,3334.8333333333335,3335.85,6411.953125,6411.953125,17.2,69.0,61.0,0.0,490,-0.29202011227607727,-1.3963449001312256,1.1969027519226074,-0.9354957938194275
2.0,3335.85,3336.0,6411.953125,6415.640625,69.0,68.6,9.0,24.583333333333336,491,-1.6600335836410522,-0.46777158975601196,2.047060489654541,-1.6740423440933228
2.0,3336.25,3336.45,6415.0,6422.0,67.8,67.0,12.0,35.0,492,-1.6600335836410522,-0.46777158975601196,2.047060489654541,-1.6740423440933228
2.0,3336.4666666666667,3338.8166666666666,6422.5625,6422.5625,67.0,69.4,141.0,0.0,493,-0.29202011227607727,-1.3963449001312256,1.6389106512069702,0.6988608241081238
2.0,3338.8166666666666,3340.0833333333335,6422.5625,6489.46875,69.4,55.6,76.0,52.82072368421053,494,-1.6600335836410522,-0.46777158975601196,2.047060489654541,-1.6740423440933228
2.0,3340.0833333333335,3349.5333333333333,6489.46875,6489.46875,55.6,66.6,567.0,0.0,495,-0.29202011227607727,-1.3963449001312256,1.6389106512069702,0.6988608241081238
2.0,3349.5333333333333,3351.383333333333,6489.46875,6575.015625,66.6,49.0,111.0,46.24155405405405,496,-1.6600335836410522,-0.46777158975601196,2.047060489654541,-1.6740423440933228
2.0,3351.4,3352.2,6575.015625,6575.015625,49.0,80.0,48.0,0.0,497,-0.29202011227607727,-1.3963449001312256,1.1969027519226074,-0.9354957938194275
2.0,3352.2,3354.2166666666667,6575.015625,6681.359375,80.0,59.2,121.0,52.732438016528924,498,-1.6600335836410522,-0.46777158975601196,2.047060489654541,-1.6740423440933228
2.0,3354.383333333333,3357.35,6681.359375,6774.09375,59.2,40.3,178.0,31.258778089887638,499,-1.6600335836410522,-0.46777158975601196,2.047060489654541,-1.6740423440933228
2.0,3357.366666666667,3358.133333333333,6774.09375,6774.09375,40.3,41.1,46.0,0.0,500,-0.29202011227607727,-1.3963449001312256,1.6389106512069702,0.6988608241081238
2.0,3358.133333333333,3358.6,6774.09375,6790.234375,41.1,38.8,28.0,34.58705357142857,501,-1.6600335836410522,-0.46777158975601196,2.047060489654541,-1.6740423440933228
2.0,3358.6833333333334,3359.0333333333333,6790.234375,6801.5625,38.4,36.4,21.0,32.36607142857143,502,-1.6600335836410522,-0.46777158975601196,2.047060489654541,-1.6740423440933228
2.0,3359.0333333333333,3361.133333333333,6801.5625,6801.5625,36.4,38.4,126.0,0.0,503,-0.29202011227607727,-1.3963449001312256,1.6389106512069702,0.6988608241081238
2.0,3361.133333333333,3361.733333333333,6801.5625,6816.40625,38.4,36.0,36.0,24.739583333333336,504,-1.6600335836410522,-0.46777158975601196,2.047060489654541,-1.6740423440933228
2.0,3362.0666666666666,3363.0,6816.40625,6844.453125,36.0,31.7,56.0,30.050223214285715,505,-1.6600335836410522,-0.46777158975601196,2.047060489654541,-1.6740423440933228
2.0,3363.016666666667,3363.9,6844.453125,6844.453125,31.7,76.4,53.0,0.0,506,-0.29202011227607727,-1.3963449001312256,1.1969027519226074,-0.9354957938194275
2.0,3363.9,3363.983333333333,6844.453125,6846.171875,76.4,76.4,5.0,20.625,507,-1.6600335836410522,-0.46777158975601196,2.047060489654541,-1.6740423440933228
2.0,3364.016666666667,3364.483333333333,6846.171875,6857.265625,76.4,73.7,28.0,23.772321428571427,508,-1.6600335836410522,-0.46777158975601196,2.047060489654541,-1.6740423440933228
2.0,3364.5,3373.516666666667,6857.265625,6857.265625,73.7,84.3,541.0,0.0,509,-0.29202011227607727,-1.3963449001312256,1.6389106512069702,0.6988608241081238
2.0,3373.516666666667,3374.9166666666665,6857.265625,6903.546875,84.3,75.6,84.0,33.058035714285715,510,-1.6600335836410522,-0.46777158975601196,2.047060489654541,-1.6740423440933228
2.0,3375.116666666667,3376.1,6903.546875,6941.0,75.6,68.2,59.0,38.087923728813564,511,-1.6600335836410522,-0.46777158975601196,2.047060489654541,-1.6740423440933228
2.0,3376.133333333333,3376.3333333333335,6941.0,6950.859375,68.2,65.4,12.0,49.296875,512,-1.6600335836410522,-0.46777158975601196,2.047060489654541,-1.6740423440933228
2.0,3376.35,3377.233333333333,6950.859375,6950.859375,65.4,65.8,53.0,0.0,513,-0.29202011227607727,-1.3963449001312256,1.6389106512069702,0.6988608241081238
2.0,3377.233333333333,3377.95,6950.859375,6974.71875,65.8,61.9,43.0,33.292151162790695,514,-1.6600335836410522,-0.46777158975601196,2.047060489654541,-1.6740423440933228
2.0,3377.983333333333,3378.05,6974.71875,6976.5,61.9,61.9,4.0,26.71875,515,-1.6600335836410522,-0.46777158975601196,2.047060489654541,-1.6740423440933228
2.0,3378.05,3378.366666666667,6976.5,6976.5,61.9,64.3,19.0,0.0,516,-0.29202011227607727,-1.3963449001312256,1.5275136232376099,-0.6723349690437317
2.0,3378.366666666667,3378.9166666666665,6976.5,6988.34375,64.3,61.9,33.0,21.534090909090907,517,-1.6600335836410522,-0.46777158975601196,2.047060489654541,-1.6740423440933228
2.0,3378.9333333333334,3379.5333333333333,6988.34375,6988.34375,61.9,62.7,36.0,0.0,518,-0.29202011227607727,-1.3963449001312256,1.6389106512069702,0.6988608241081238
2.0,3379.5333333333333,3381.9666666666667,6988.34375,7096.46875,62.7,42.7,146.0,44.43493150684932,519,-1.6600335836410522,-0.46777158975601196,2.047060489654541,-1.6740423440933228
1.0,1034.7833333333333,1070.6333333333334,10142.79688,10142.79688,56.0,100.0,2151.0,0.0,520,-0.29202011227607727,-1.3963449001312256,1.5275136232376099,-0.6723349690437317
1.0,1070.6333333333334,1071.5666666666666,10142.79688,10210.1875,100.0,83.1,56.0,72.20423571428584,521,-1.6600335836410522,-0.46777158975601196,2.047060489654541,-1.6740423440933228
1.0,1071.5666666666666,1072.6166666666666,10210.1875,10210.21875,83.1,82.7,63.0,0.02976190476190476,522,-1.6600335836410522,-0.46777158975601196,2.047060489654541,-1.6740423440933228
1.0,1072.6166666666666,1072.7333333333333,10210.21875,10212.20313,82.7,82.7,7.0,17.008971428570344,523,-1.6600335836410522,-0.46777158975601196,2.047060489654541,-1.6740423440933228
1.0,1074.9833333333333,1075.6666666666667,10212.20313,10272.75,81.9,65.4,41.0,88.60517560975629,524,-1.6600335836410522,-0.46777158975601196,2.047060489654541,-1.6740423440933228
1.0,1075.6666666666667,1082.1,10272.75,10272.75,65.4,100.0,386.0,0.0,525,-0.29202011227607727,-1.3963449001312256,1.5275136232376099,-0.6723349690437317
1.0,1082.1,1096.7,10272.75,10277.89063,100.0,100.0,876.0,0.35209794520547083,526,-1.6600335836410522,-0.46777158975601196,2.047060489654541,-1.6740423440933228
1.0,1096.7,1096.8666666666666,10277.89063,10282.57813,100.0,98.8,10.0,28.125,527,-1.6600335836410522,-0.46777158975601196,2.047060489654541,-1.6740423440933228
1.0,1096.8666666666666,1126.3333333333333,10282.57813,10411.04688,98.8,70.1,1768.0,4.359799208144796,528,-1.6600335836410522,-0.46777158975601196,2.047060489654541,-1.6740423440933228
1.0,1126.3333333333333,1126.7166666666667,10411.04688,10415.17188,70.1,69.4,23.0,10.76086956521739,529,-1.6600335836410522,-0.46777158975601196,2.047060489654541,-1.6740423440933228
1.0,1127.9166666666667,1129.5666666666666,10415.17188,10500.6875,69.8,50.1,99.0,51.82764848484857,530,-1.6600335836410522,-0.46777158975601196,2.047060489654541,-1.6740423440933228
1.0,1129.5833333333333,1141.4,10500.6875,10500.70313,50.1,100.0,709.0,0.0013227080394815534,531,-0.29202011227607727,-1.3963449001312256,1.5275136232376099,-0.6723349690437317
1.0,1141.4,1141.4166666666667,10500.70313,10500.71875,100.0,100.0,1.0,0.9372000000075786,532,-1.6600335836410522,-0.46777158975601196,2.047060489654541,-1.6740423440933228
1.0,1141.4166666666667,1242.85,10500.71875,10500.75,100.0,100.0,6086.0,0.0003080841275057509,533,-1.6600335836410522,-0.46777158975601196,2.047060489654541,-1.6740423440933228
1.0,1242.85,1242.9333333333334,10500.75,10502.40625,100.0,100.0,5.0,19.875,534,-1.6600335836410522,-0.46777158975601196,2.047060489654541,-1.6740423440933228
1.0,1243.3,1243.4166666666667,10502.40625,10504.34375,99.6,99.6,7.0,16.607142857142858,535,-1.6600335836410522,-0.46777158975601196,2.047060489654541,-1.6740423440933228
1.0,1264.5,1264.5166666666667,10504.35938,10504.375,98.8,98.8,1.0,0.9372000000075786,536,-1.6600335836410522,-0.46777158975601196,2.047060489654541,-1.6740423440933228
1.0,1274.6833333333334,1274.9333333333334,10504.375,10522.6875,98.8,93.7,15.0,73.25,537,-1.6600335836410522,-0.46777158975601196,2.047060489654541,-1.6740423440933228
1.0,1276.55,1277.0333333333333,10522.6875,10542.9375,92.9,87.0,29.0,41.89655172413793,538,-1.6600335836410522,-0.46777158975601196,2.047060489654541,-1.6740423440933228
1.0,1277.05,1279.45,10542.9375,10542.9375,87.0,100.0,144.0,0.0,539,-0.29202011227607727,-1.3963449001312256,1.5275136232376099,-0.6723349690437317
1.0,1279.45,1289.65,10542.9375,10542.96875,100.0,100.0,612.0,0.003063725490196079,540,-1.6600335836410522,-0.46777158975601196,2.047060489654541,-1.6740423440933228
1.0,1289.65,1289.7666666666667,10542.96875,10544.8125,100.0,100.0,7.0,15.803571428571429,541,-1.6600335836410522,-0.46777158975601196,2.047060489654541,-1.6740423440933228
1.0,1289.8,1290.7,10544.8125,10628.625,100.0,81.5,54.0,93.125,542,-1.6600335836410522,-0.46777158975601196,2.047060489654541,-1.6740423440933228
1.0,1290.7,1291.1166666666666,10628.625,10632.57813,81.5,80.3,25.0,9.487511999999697,543,-1.6600335836410522,-0.46777158975601196,2.047060489654541,-1.6740423440933228
1.0,1291.1166666666666,1292.65,10632.57813,10716.6875,80.3,59.6,92.0,54.85393695652182,544,-1.6600335836410522,-0.46777158975601196,2.047060489654541,-1.6740423440933228
1.0,1292.7,1292.9333333333334,10716.6875,10722.78125,59.2,58.0,14.0,26.116071428571427,545,-1.6600335836410522,-0.46777158975601196,2.047060489654541,-1.6740423440933228
1.0,1310.8833333333334,1312.4333333333334,10722.79688,10722.79688,58.4,67.0,93.0,0.0,546,-0.29202011227607727,-1.3963449001312256,1.5275136232376099,-0.6723349690437317
1.0,1312.4333333333334,1312.4333333333334,10722.79688,10722.8125,67.0,67.0,0.0,0.0,547,-1.6600335836410522,-0.46777158975601196,2.047060489654541,-1.6740423440933228
1.0,1312.45,1317.15,10722.8125,10722.8125,67.0,93.3,282.0,0.0,548,-0.29202011227607727,-1.3963449001312256,1.5275136232376099,-0.6723349690437317
1.0,1317.15,1317.3833333333334,10722.8125,10730.67188,93.3,92.1,14.0,33.6830571428566,549,-1.6600335836410522,-0.46777158975601196,2.047060489654541,-1.6740423440933228
1.0,1318.25,1319.4833333333333,10730.67188,10812.1875,92.1,74.9,74.0,66.09374594594604,550,-1.6600335836410522,-0.46777158975601196,2.047060489654541,-1.6740423440933228
1.0,1321.4666666666667,1321.7,10812.1875,10827.82813,73.7,69.0,14.0,67.03127142857089,551,-1.6600335836410522,-0.46777158975601196,2.047060489654541,-1.6740423440933228
1.0,1323.1833333333334,1324.6333333333334,10827.82813,10933.90625,69.0,33.3,87.0,73.15732413793113,552,-1.6600335836410522,-0.46777158975601196,2.047060489654541,-1.6740423440933228
1.0,1324.6666666666667,1338.9,10933.90625,10933.90625,33.3,100.0,854.0,0.0,553,-0.29202011227607727,-1.3963449001312256,1.5275136232376099,-0.6723349690437317
1.0,1338.9,1340.1833333333334,10933.90625,11017.64063,100.0,83.1,77.0,65.24756883116872,554,-1.6600335836410522,-0.46777158975601196,2.047060489654541,-1.6740423440933228
1.0,1340.1833333333334,1340.9333333333334,11017.64063,11034.1875,83.1,78.4,45.0,22.062493333333503,555,-1.6600335836410522,-0.46777158975601196,2.047060489654541,-1.6740423440933228
1.0,1340.9333333333334,1341.7666666666667,11034.1875,11052.39063,78.4,75.6,50.0,21.843755999999846,556,-1.6600335836410522,-0.46777158975601196,2.047060489654541,-1.6740423440933228
1.0,1344.1,1346.0,11052.39063,11137.67188,75.6,58.8,114.0,44.88486842105264,557,-1.6600335836410522,-0.46777158975601196,2.047060489654541,-1.6740423440933228
1.0,1346.0166666666667,1362.55,11137.67188,11137.67188,58.8,100.0,992.0,0.0,558,-0.29202011227607727,-1.3963449001312256,1.5275136232376099,-0.6723349690437317
1.0,1362.55,1363.2166666666667,11137.67188,11156.71875,100.0,95.6,40.0,28.57030500000019,559,-1.6600335836410522,-0.46777158975601196,2.047060489654541,-1.6740423440933228
1.0,1364.95,1365.4166666666667,11156.71875,11169.60938,95.2,92.5,28.0,27.6227785714283,560,-1.6600335836410522,-0.46777158975601196,2.047060489654541,-1.6740423440933228
1.0,1365.75,1365.9666666666667,11169.60938,11175.98438,92.1,90.9,13.0,29.423076923076923,561,-1.6600335836410522,-0.46777158975601196,2.047060489654541,-1.6740423440933228
1.0,1365.9666666666667,1369.3166666666666,11175.98438,11244.72859,90.9,90.1,201.0,20.52065970149276,562,-1.6600335836410522,-0.46777158975601196,2.047060489654541,-1.6740423440933228
1.0,1369.3166666666666,1383.6166666666666,11244.72859,11244.72859,90.1,100.0,858.0,0.0,563,-0.29202011227607727,-1.3963449001312256,1.5275136232376099,-0.6723349690437317
1.0,1383.6166666666666,1384.45,11244.72859,11261.76563,100.0,80.3,50.0,20.444447999999102,564,-1.6600335836410522,-0.46777158975601196,2.047060489654541,-1.6740423440933228
1.0,1385.6166666666666,1385.7166666666667,11261.76563,11263.51563,79.6,79.2,6.0,17.5,565,-1.6600335836410522,-0.46777158975601196,2.047060489654541,-1.6740423440933228
1.0,1385.8833333333334,1386.85,11263.53125,11347.67188,79.2,55.6,58.0,87.04203103448263,566,-1.6600335836410522,-0.46777158975601196,2.047060489654541,-1.6740423440933228
1.0,1386.8833333333334,1413.1166666666666,11347.67188,11347.67188,55.6,100.0,1574.0,0.0,567,-0.29202011227607727,-1.3963449001312256,1.5275136232376099,-0.6723349690437317
1.0,1413.1166666666666,1414.7333333333333,11347.67188,11469.78125,100.0,70.1,97.0,75.53156907216503,568,-1.6600335836410522,-0.46777158975601196,2.047060489654541,-1.6740423440933228
1.0,1414.9,1414.9666666666667,11469.78125,11471.03125,70.1,70.1,4.0,18.75,569,-1.6600335836410522,-0.46777158975601196,2.047060489654541,-1.6740423440933228
1.0,1417.1166666666666,1418.4,11471.03125,11592.375,70.1,33.3,77.0,94.55357142857142,570,-1.6600335836410522,-0.46777158975601196,2.047060489654541,-1.6740423440933228
1.0,1418.4166666666667,1430.8,11592.375,11592.375,33.3,100.0,743.0,0.0,571,-0.29202011227607727,-1.3963449001312256,1.5275136232376099,-0.6723349690437317
1.0,1430.8,1430.85,11592.375,11593.625,100.0,100.0,3.0,25.0,572,-1.6600335836410522,-0.46777158975601196,2.047060489654541,-1.6740423440933228
1.0,1430.85,1434.5,11593.625,11678.8125,100.0,81.9,219.0,23.339041095890412,573,-1.6600335836410522,-0.46777158975601196,2.047060489654541,-1.6740423440933228
1.0,1434.5,1436.45,11678.8125,11770.79688,81.9,58.4,117.0,47.17147692307686,574,-1.6600335836410522,-0.46777158975601196,2.047060489654541,-1.6740423440933228
1.0,1440.4333333333334,1462.3666666666666,11770.79688,11770.79688,58.8,100.0,1316.0,0.0,575,-0.29202011227607727,-1.3963449001312256,1.5275136232376099,-0.6723349690437317
1.0,1462.3666666666666,1463.4333333333334,11770.79688,11858.32813,100.0,82.3,64.0,82.060546875,576,-1.6600335836410522,-0.46777158975601196,2.047060489654541,-1.6740423440933228
1.0,1463.4333333333334,1465.0,11858.32813,11859.17188,82.3,81.5,94.0,0.538563829787234,577,-1.6600335836410522,-0.46777158975601196,2.047060489654541,-1.6740423440933228
1.0,1465.0,1465.45,11859.17188,11888.78125,81.5,74.1,27.0,65.79860000000028,578,-1.6600335836410522,-0.46777158975601196,2.047060489654541,-1.6740423440933228
1.0,1465.6666666666667,1465.75,11888.78125,11890.4375,73.7,73.7,5.0,19.875,579,-1.6600335836410522,-0.46777158975601196,2.047060489654541,-1.6740423440933228
1.0,1466.2666666666667,1466.8833333333334,11890.4375,11948.375,72.9,55.2,37.0,93.9527027027027,580,-1.6600335836410522,-0.46777158975601196,2.047060489654541,-1.6740423440933228
1.0,1466.9333333333334,1479.1666666666667,11948.375,11948.375,55.2,100.0,734.0,0.0,581,-0.29202011227607727,-1.3963449001312256,1.5275136232376099,-0.6723349690437317
2.0,3382.05,3383.8333333333335,7096.46875,7160.109375,42.3,31.7,107.0,35.686331775700936,582,-1.6600335836410522,-0.46777158975601196,2.047060489654541,-1.6740423440933228
2.0,3383.85,3384.883333333333,7160.109375,7160.109375,31.7,82.3,62.0,0.0,583,-0.29202011227607727,-1.3963449001312256,1.1969027519226074,-0.9354957938194275
2.0,3384.883333333333,3385.016666666667,7160.109375,7163.84375,82.3,81.9,8.0,28.0078125,584,-1.6600335836410522,-0.46777158975601196,2.047060489654541,-1.6740423440933228
2.0,3385.133333333333,3385.3333333333335,7163.84375,7170.78125,81.5,80.7,12.0,34.6875,585,-1.6600335836410522,-0.46777158975601196,2.047060489654541,-1.6740423440933228
2.0,3385.483333333333,3387.5666666666666,7170.78125,7266.296875,80.3,62.3,125.0,45.8475,586,-1.6600335836410522,-0.46777158975601196,2.047060489654541,-1.6740423440933228
2.0,3387.5833333333335,3397.5,7266.296875,7266.296875,62.3,73.7,595.0,0.0,587,-0.29202011227607727,-1.3963449001312256,1.6389106512069702,0.6988608241081238
2.0,3397.5,3401.233333333333,7266.296875,7448.0,73.7,37.6,224.0,48.670479910714285,588,-1.6600335836410522,-0.46777158975601196,2.047060489654541,-1.6740423440933228
2.0,3401.25,3401.516666666667,7448.0,7448.015625,37.6,39.6,16.0,0.05859375,589,-0.29202011227607727,-1.3963449001312256,1.5275136232376099,-0.6723349690437317
2.0,3401.516666666667,3402.766666666667,7448.015625,7498.046875,39.6,29.4,75.0,40.025,590,-1.6600335836410522,-0.46777158975601196,2.047060489654541,-1.6740423440933228
2.0,3402.7833333333333,3402.8166666666666,7498.046875,7498.1875,29.4,29.4,2.0,4.21875,591,-1.6600335836410522,-0.46777158975601196,2.047060489654541,-1.6740423440933228
2.0,3402.8166666666666,3402.95,7498.1875,7498.1875,29.4,29.8,8.0,0.0,592,-0.29202011227607727,-1.3963449001312256,1.5275136232376099,-0.6723349690437317
2.0,3402.95,3403.25,7498.1875,7507.84375,29.8,28.2,18.0,32.1875,593,-1.6600335836410522,-0.46777158975601196,2.047060489654541,-1.6740423440933228
2.0,3403.25,3403.483333333333,7507.84375,7507.84375,28.2,29.8,14.0,0.0,594,-0.29202011227607727,-1.3963449001312256,1.5275136232376099,-0.6723349690437317
2.0,3403.483333333333,3405.733333333333,7507.84375,7577.390625,29.8,16.8,135.0,30.90972222222222,595,-1.6600335836410522,-0.46777158975601196,2.047060489654541,-1.6740423440933228
2.0,3405.766666666667,3406.766666666667,7577.390625,7577.390625,16.8,67.8,60.0,0.0,596,-0.29202011227607727,-1.3963449001312256,1.1969027519226074,-0.9354957938194275
2.0,3406.766666666667,3407.0,7577.390625,7586.546875,67.8,66.2,14.0,39.24107142857143,597,-1.6600335836410522,-0.46777158975601196,2.047060489654541,-1.6740423440933228
2.0,3407.0,3408.2,7586.546875,7586.546875,66.2,67.4,72.0,0.0,598,-0.29202011227607727,-1.3963449001312256,1.6389106512069702,0.6988608241081238
2.0,3408.2,3408.8166666666666,7586.546875,7607.90625,67.4,63.9,37.0,34.63682432432432,599,-1.6600335836410522,-0.46777158975601196,2.047060489654541,-1.6740423440933228
2.0,3408.8333333333335,3410.15,7607.90625,7607.90625,63.9,74.9,79.0,0.0,600,-0.29202011227607727,-1.3963449001312256,1.5275136232376099,-0.6723349690437317
2.0,3410.15,3410.5833333333335,7607.90625,7628.296875,74.9,70.5,26.0,47.05528846153846,601,-1.6600335836410522,-0.46777158975601196,2.047060489654541,-1.6740423440933228
2.0,3410.5833333333335,3421.65,7628.296875,7628.296875,70.5,83.5,664.0,0.0,602,-0.29202011227607727,-1.3963449001312256,1.6389106512069702,0.6988608241081238
2.0,3421.65,3424.6666666666665,7628.296875,7790.421875,83.5,47.0,181.0,53.74309392265194,603,-1.6600335836410522,-0.46777158975601196,2.047060489654541,-1.6740423440933228
2.0,3424.6833333333334,3425.3333333333335,7790.421875,7790.421875,47.0,47.4,39.0,0.0,604,-0.29202011227607727,-1.3963449001312256,1.6389106512069702,0.6988608241081238
2.0,3425.3333333333335,3425.5833333333335,7790.421875,7799.296875,47.4,45.4,15.0,35.5,605,-1.6600335836410522,-0.46777158975601196,2.047060489654541,-1.6740423440933228
2.0,3427.116666666667,3427.15,7799.296875,7799.328125,43.1,43.1,2.0,0.9375,606,-1.6600335836410522,-0.46777158975601196,2.047060489654541,-1.6740423440933228
2.0,3428.116666666667,3428.25,7799.328125,7799.375,42.7,42.7,8.0,0.3515625,607,-1.6600335836410522,-0.46777158975601196,2.047060489654541,-1.6740423440933228
2.0,3428.55,3428.6,7799.375,7800.234375,42.7,42.7,3.0,17.1875,608,-1.6600335836410522,-0.46777158975601196,2.047060489654541,-1.6740423440933228
2.0,3451.116666666667,3451.15,7800.234375,7800.375,42.3,42.3,2.0,4.21875,609,-1.6600335836410522,-0.46777158975601196,2.047060489654541,-1.6740423440933228
2.0,3452.0,3452.016666666667,7800.375,7800.453125,42.3,42.3,1.0,4.6875,610,-1.6600335836410522,-0.46777158975601196,2.047060489654541,-1.6740423440933228
2.0,3453.4666666666667,3453.9166666666665,7800.453125,7813.546875,42.7,40.7,27.0,29.09722222222222,611,-1.6600335836410522,-0.46777158975601196,2.047060489654541,-1.6740423440933228
2.0,3453.95,3454.95,7813.546875,7813.546875,40.7,82.3,60.0,0.0,612,-0.29202011227607727,-1.3963449001312256,1.1969027519226074,-0.9354957938194275
2.0,3454.95,3455.4666666666667,7813.546875,7824.890625,82.3,80.3,31.0,21.95564516129032,613,-1.6600335836410522,-0.46777158975601196,2.047060489654541,-1.6740423440933228
2.0,3455.4666666666667,3458.266666666667,7824.890625,7824.890625,80.3,83.5,168.0,0.0,614,-0.29202011227607727,-1.3963449001312256,1.6389106512069702,0.6988608241081238
2.0,3458.266666666667,3459.15,7824.890625,7866.78125,83.5,76.8,53.0,47.423349056603776,615,-1.6600335836410522,-0.46777158975601196,2.047060489654541,-1.6740423440933228
2.0,3459.2,3459.8166666666666,7866.78125,7900.53125,76.8,68.6,37.0,54.729729729729726,616,-1.6600335836410522,-0.46777158975601196,2.047060489654541,-1.6740423440933228
2.0,3459.85,3460.0833333333335,7900.53125,7908.578125,68.6,67.0,14.0,34.48660714285714,617,-1.6600335836410522,-0.46777158975601196,2.047060489654541,-1.6740423440933228
2.0,3460.1,3469.616666666667,7908.578125,7908.578125,67.0,78.4,571.0,0.0,618,-0.29202011227607727,-1.3963449001312256,1.6389106512069702,0.6988608241081238
2.0,3469.616666666667,3473.65,7908.578125,8090.84375,78.4,44.3,242.0,45.18982438016529,619,-1.6600335836410522,-0.46777158975601196,2.047060489654541,-1.6740423440933228
2.0,3473.9,3477.2833333333333,8090.84375,8221.5625,44.3,22.3,203.0,38.63608374384236,620,-1.6600335836410522,-0.46777158975601196,2.047060489654541,-1.6740423440933228
2.0,3477.3,3477.9166666666665,8221.5625,8221.5625,22.3,27.0,37.0,0.0,621,-0.29202011227607727,-1.3963449001312256,1.5275136232376099,-0.6723349690437317
2.0,3477.9166666666665,3478.8,8221.5625,8263.234375,27.0,19.6,53.0,47.175707547169814,622,-1.6600335836410522,-0.46777158975601196,2.047060489654541,-1.6740423440933228
2.0,3478.9,3479.116666666667,8263.234375,8271.859375,19.2,18.0,13.0,39.80769230769231,623,-1.6600335836410522,-0.46777158975601196,2.047060489654541,-1.6740423440933228
2.0,3479.133333333333,3482.383333333333,8271.859375,8271.859375,18.0,21.5,195.0,0.0,624,-0.29202011227607727,-1.3963449001312256,1.6389106512069702,0.6988608241081238
2.0,3482.383333333333,3482.766666666667,8271.859375,8284.5,21.5,20.0,23.0,32.97554347826087,625,-1.6600335836410522,-0.46777158975601196,2.047060489654541,-1.6740423440933228
2.0,3482.8,3482.9166666666665,8284.5,8285.859375,20.0,20.0,7.0,11.651785714285714,626,-1.6600335836410522,-0.46777158975601196,2.047060489654541,-1.6740423440933228
2.0,3482.9166666666665,3484.15,8285.859375,8285.859375,20.0,30.5,74.0,0.0,627,-0.29202011227607727,-1.3963449001312256,1.5275136232376099,-0.6723349690437317
2.0,3484.15,3484.8,8285.859375,8311.765625,30.5,25.8,39.0,39.855769230769226,628,-1.6600335836410522,-0.46777158975601196,2.047060489654541,-1.6740423440933228
2.0,3484.8166666666666,3491.9333333333334,8311.765625,8311.765625,25.8,34.5,427.0,0.0,629,-0.29202011227607727,-1.3963449001312256,1.6389106512069702,0.6988608241081238
2.0,3491.9333333333334,3492.483333333333,8311.765625,8337.09375,34.5,30.5,33.0,46.05113636363636,630,-1.6600335836410522,-0.46777158975601196,2.047060489654541,-1.6740423440933228
2.0,3492.5,3493.5,8337.09375,8337.09375,30.5,81.1,60.0,0.0,631,-0.29202011227607727,-1.3963449001312256,1.1969027519226074,-0.9354957938194275
2.0,3493.5,3495.383333333333,8337.09375,8396.609375,81.1,68.2,113.0,31.601216814159294,632,-1.6600335836410522,-0.46777158975601196,2.047060489654541,-1.6740423440933228
2.0,3495.4,3497.5,8396.609375,8396.609375,68.2,70.5,126.0,0.0,633,-0.29202011227607727,-1.3963449001312256,2.047060489654541,-1.6740423440933228
2.0,3497.5,3499.2,8396.609375,8459.0625,70.5,58.0,102.0,36.737132352941174,634,-1.6600335836410522,-0.46777158975601196,2.047060489654541,-1.6740423440933228
2.0,3499.3,3503.616666666667,8459.0625,8599.96875,57.6,30.5,259.0,32.64237451737452,635,-1.6600335836410522,-0.46777158975601196,2.047060489654541,-1.6740423440933228
2.0,3503.616666666667,3504.1,8599.96875,8599.96875,30.5,30.9,29.0,0.0,636,-0.29202011227607727,-1.3963449001312256,1.6389106512069702,0.6988608241081238
2.0,3504.1,3504.4,8599.96875,8609.40625,30.9,29.4,18.0,31.458333333333336,637,-1.6600335836410522,-0.46777158975601196,2.047060489654541,-1.6740423440933228
2.0,3504.4166666666665,3505.4333333333334,8609.40625,8609.40625,29.4,80.7,61.0,0.0,638,-0.29202011227607727,-1.3963449001312256,1.1969027519226074,-0.9354957938194275
2.0,3505.4333333333334,3506.516666666667,8609.40625,8664.640625,80.7,69.8,65.0,50.98557692307693,639,-1.6600335836410522,-0.46777158975601196,2.047060489654541,-1.6740423440933228
2.0,3506.5333333333333,3507.3166666666666,8664.640625,8697.453125,69.8,63.9,47.0,41.888297872340424,640,-1.6600335836410522,-0.46777158975601196,2.047060489654541,-1.6740423440933228
2.0,3507.35,3517.2833333333333,8697.453125,8697.453125,63.9,74.9,596.0,0.0,641,-0.29202011227607727,-1.3963449001312256,1.6389106512069702,0.6988608241081238
2.0,3517.2833333333333,3519.9666666666667,8697.453125,8782.421875,74.9,58.4,161.0,31.665372670807457,642,-1.6600335836410522,-0.46777158975601196,2.047060489654541,-1.6740423440933228
2.0,3520.0333333333333,3526.4166666666665,8782.421875,8963.484375,58.4,24.7,383.0,28.36488250652741,643,-1.6600335836410522,-0.46777158975601196,2.047060489654541,-1.6740423440933228
2.0,3526.7,3526.7833333333333,8963.484375,8965.78125,24.3,23.1,5.0,27.5625,644,-1.6600335836410522,-0.46777158975601196,2.047060489654541,-1.6740423440933228
2.0,3527.1,3527.3333333333335,8965.78125,8971.859375,23.1,22.3,14.0,26.049107142857142,645,-1.6600335836410522,-0.46777158975601196,2.047060489654541,-1.6740423440933228
2.0,3527.65,3528.866666666667,8971.859375,9006.984375,22.3,16.8,73.0,28.869863013698634,646,-1.6600335836410522,-0.46777158975601196,2.047060489654541,-1.6740423440933228
2.0,3528.883333333333,3529.383333333333,9006.984375,9006.984375,16.8,49.4,30.0,0.0,647,-0.29202011227607727,-1.3963449001312256,1.1969027519226074,-0.9354957938194275
2.0,3529.383333333333,3530.05,9006.984375,9037.890625,49.4,43.5,40.0,46.359375,648,-1.6600335836410522,-0.46777158975601196,2.047060489654541,-1.6740423440933228
2.0,3531.016666666667,3531.266666666667,9037.890625,9046.90625,86.2,84.3,15.0,36.0625,649,-1.6600335836410522,-0.46777158975601196,2.047060489654541,-1.6740423440933228
2.0,3531.266666666667,3539.483333333333,9046.90625,9046.90625,84.3,94.9,493.0,0.0,650,-0.29202011227607727,-1.3963449001312256,1.6389106512069702,0.6988608241081238
2.0,3539.483333333333,3548.85,9046.90625,9425.09375,94.9,20.3,562.0,40.3758896797153,651,-1.6600335836410522,-0.46777158975601196,2.047060489654541,-1.6740423440933228
2.0,3548.85,3549.3166666666666,9425.09375,9425.09375,20.3,23.9,28.0,0.0,652,-0.29202011227607727,-1.3963449001312256,1.5275136232376099,-0.6723349690437317
2.0,3549.3166666666666,3549.85,9425.09375,9449.96875,23.9,20.3,32.0,46.640625,653,-1.6600335836410522,-0.46777158975601196,2.047060489654541,-1.6740423440933228
2.0,3550.366666666667,3550.733333333333,9449.96875,9465.828125,20.0,17.6,22.0,43.252840909090914,654,-1.6600335836410522,-0.46777158975601196,2.047060489654541,-1.6740423440933228
2.0,3551.133333333333,3551.366666666667,9465.828125,9477.65625,17.6,16.4,14.0,50.691964285714285,655,-1.6600335836410522,-0.46777158975601196,2.047060489654541,-1.6740423440933228
2.0,3551.366666666667,3554.0666666666666,9477.65625,9477.65625,16.4,33.3,162.0,0.0,656,-0.29202011227607727,-1.3963449001312256,1.5275136232376099,-0.6723349690437317
2.0,3554.0666666666666,3554.1,9477.65625,9477.890625,33.3,33.3,2.0,7.03125,657,-1.6600335836410522,-0.46777158975601196,2.047060489654541,-1.6740423440933228
2.0,3556.0666666666666,3556.3333333333335,9477.890625,9490.40625,33.3,30.9,16.0,46.93359375,658,-1.6600335836410522,-0.46777158975601196,2.047060489654541,-1.6740423440933228
2.0,3556.4333333333334,3557.366666666667,9490.40625,9523.4375,30.9,24.7,56.0,35.390625,659,-1.6600335836410522,-0.46777158975601196,2.047060489654541,-1.6740423440933228
2.0,3557.383333333333,3558.4,9523.4375,9523.4375,24.7,77.2,61.0,0.0,660,-0.29202011227607727,-1.3963449001312256,1.1969027519226074,-0.9354957938194275
2.0,3558.4,3558.65,9523.4375,9532.46875,77.2,75.2,15.0,36.125,661,-1.6600335836410522,-0.46777158975601196,2.047060489654541,-1.6740423440933228
2.0,3558.6833333333334,3563.9333333333334,9532.46875,9532.46875,75.2,81.5,315.0,0.0,662,-0.29202011227607727,-1.3963449001312256,2.047060489654541,-1.6740423440933228
2.0,3563.9333333333334,3566.633333333333,9532.46875,9639.34375,81.5,60.7,162.0,39.58333333333333,663,-1.6600335836410522,-0.46777158975601196,2.047060489654541,-1.6740423440933228
2.0,3566.65,3569.5,9639.34375,9639.34375,60.7,63.9,171.0,0.0,664,-0.29202011227607727,-1.3963449001312256,1.6389106512069702,0.6988608241081238
2.0,3569.5,3573.0333333333333,9639.34375,9766.671875,63.9,40.7,212.0,36.036261792452834,665,-1.6600335836410522,-0.46777158975601196,2.047060489654541,-1.6740423440933228
2.0,3573.266666666667,3575.0333333333333,9766.671875,9861.796875,40.7,24.3,106.0,53.84433962264151,666,-1.6600335836410522,-0.46777158975601196,2.047060489654541,-1.6740423440933228
2.0,3575.633333333333,3575.7166666666667,9861.796875,9862.953125,55.6,55.6,5.0,13.875,667,-1.6600335836410522,-0.46777158975601196,2.047060489654541,-1.6740423440933228
2.0,3576.6666666666665,3577.0833333333335,9862.953125,9883.421875,55.2,51.3,25.0,49.125,668,-1.6600335836410522,-0.46777158975601196,2.047060489654541,-1.6740423440933228
2.0,3577.1,3595.016666666667,9883.421875,9883.421875,51.3,72.5,1075.0,0.0,669,-0.29202011227607727,-1.3963449001312256,2.047060489654541,-1.6740423440933228
2.0,3595.016666666667,3596.45,9883.421875,9987.890625,72.5,50.9,86.0,72.88517441860465,670,-1.6600335836410522,-0.46777158975601196,2.047060489654541,-1.6740423440933228
2.0,3596.5666666666666,3597.1833333333334,9987.890625,10029.54688,50.9,41.9,37.0,67.55068378378357,671,-1.6600335836410522,-0.46777158975601196,2.047060489654541,-1.6740423440933228
2.0,3597.616666666667,3598.0833333333335,10029.54688,10055.34375,41.5,36.0,28.0,55.27900714285741,672,-1.6600335836410522,-0.46777158975601196,2.047060489654541,-1.6740423440933228
2.0,3598.266666666667,3599.2,10055.34375,10106.98438,36.0,25.8,56.0,55.329246428571295,673,-1.6600335836410522,-0.46777158975601196,2.047060489654541,-1.6740423440933228
2.0,3599.2166666666667,3599.766666666667,10106.98438,10106.98438,25.8,57.6,33.0,0.0,674,-0.29202011227607727,-1.3963449001312256,1.1969027519226074,-0.9354957938194275
2.0,3599.766666666667,3599.8,10106.98438,10107.07813,57.6,57.6,2.0,2.8125,675,-1.6600335836410522,-0.46777158975601196,2.047060489654541,-1.6740423440933228
2.0,3599.9333333333334,3600.55,10107.07813,10127.5,57.6,52.9,37.0,33.11654594594615,676,-1.6600335836410522,-0.46777158975601196,2.047060489654541,-1.6740423440933228
2.0,3600.5833333333335,3603.7166666666667,10127.5,10127.5,52.9,56.0,188.0,0.0,677,-0.29202011227607727,-1.3963449001312256,1.6389106512069702,0.6988608241081238
2.0,3603.7166666666667,3605.8166666666666,10127.5,10230.65625,56.0,37.2,126.0,49.12202380952381,678,-1.6600335836410522,-0.46777158975601196,2.047060489654541,-1.6740423440933228
2.0,3605.8333333333335,3606.866666666667,10230.65625,10230.65625,37.2,85.8,62.0,0.0,679,-0.29202011227607727,-1.3963449001312256,1.1969027519226074,-0.9354957938194275
2.0,3606.866666666667,3607.1,10230.65625,10239.67188,85.8,83.9,14.0,38.63841428571374,680,-1.6600335836410522,-0.46777158975601196,2.047060489654541,-1.6740423440933228
2.0,3622.0666666666666,3624.45,10368.71875,10441.39063,73.3,60.3,143.0,30.49169790209785,681,-1.6600335836410522,-0.46777158975601196,2.047060489654541,-1.6740423440933228
2.0,3624.483333333333,3624.733333333333,10441.39063,10450.75,60.3,58.4,15.0,37.437480000000505,682,-1.6600335836410522,-0.46777158975601196,2.047060489654541,-1.6740423440933228
2.0,3624.75,3642.45,10450.75,10450.75,58.4,79.2,1062.0,0.0,683,-0.29202011227607727,-1.3963449001312256,1.6389106512069702,0.6988608241081238
2.0,3642.45,3642.9166666666665,10450.75,10464.5,79.2,77.2,28.0,29.464285714285715,684,-1.6600335836410522,-0.46777158975601196,2.047060489654541,-1.6740423440933228
2.0,3643.6666666666665,3644.0,10464.5,10476.14063,76.8,75.2,20.0,34.92188999999962,685,-1.6600335836410522,-0.46777158975601196,2.047060489654541,-1.6740423440933228
2.0,3644.016666666667,3644.9666666666667,10476.14063,10476.14063,75.2,75.6,57.0,0.0,686,-0.29202011227607727,-1.3963449001312256,2.047060489654541,-1.6740423440933228
2.0,3644.9666666666667,3648.9,10476.14063,10608.26563,75.6,50.9,236.0,33.59110169491525,687,-1.6600335836410522,-0.46777158975601196,2.047060489654541,-1.6740423440933228
2.0,3648.9166666666665,3664.9,10608.26563,10608.26563,50.9,69.8,959.0,0.0,688,-0.29202011227607727,-1.3963449001312256,1.6389106512069702,0.6988608241081238
2.0,3664.9,3665.133333333333,10608.26563,10616.23438,69.8,69.4,14.0,34.151785714285715,689,-1.6600335836410522,-0.46777158975601196,2.047060489654541,-1.6740423440933228
2.0,3665.3,3665.4166666666665,10616.23438,10620.57813,68.6,68.2,7.0,37.232142857142854,690,-1.6600335836410522,-0.46777158975601196,2.047060489654541,-1.6740423440933228
2.0,3665.5,3665.7,10620.57813,10627.65625,67.8,67.0,12.0,35.39060000000063,691,-1.6600335836410522,-0.46777158975601196,2.047060489654541,-1.6740423440933228
2.0,3666.8,3670.8166666666666,10627.65625,10763.82813,65.4,40.3,241.0,33.90171286307051,692,-1.6600335836410522,-0.46777158975601196,2.047060489654541,-1.6740423440933228
2.0,3670.85,3671.366666666667,10763.82813,10763.82813,40.3,70.5,31.0,0.0,693,-0.29202011227607727,-1.3963449001312256,2.047060489654541,-1.6740423440933228
2.0,3671.366666666667,3673.016666666667,10763.82813,10818.6875,70.5,60.0,99.0,33.248103030303106,694,-1.6600335836410522,-0.46777158975601196,2.047060489654541,-1.6740423440933228
2.0,3673.016666666667,3685.733333333333,10818.6875,10818.6875,60.0,74.5,763.0,0.0,695,-0.29202011227607727,-1.3963449001312256,1.6389106512069702,0.6988608241081238
2.0,3685.733333333333,3686.3333333333335,10818.6875,10853.32813,74.5,69.4,36.0,57.73438333333313,696,-1.6600335836410522,-0.46777158975601196,2.047060489654541,-1.6740423440933228
2.0,3686.35,3686.516666666667,10853.32813,10853.32813,69.4,69.8,10.0,0.0,697,-0.29202011227607727,-1.3963449001312256,1.5275136232376099,-0.6723349690437317
2.0,3686.516666666667,3687.1,10853.32813,10885.5,69.8,64.3,35.0,55.151777142857355,698,-1.6600335836410522,-0.46777158975601196,2.047060489654541,-1.6740423440933228
2.0,3687.116666666667,3689.633333333333,10885.5,10885.5,64.3,66.6,151.0,0.0,699,-0.29202011227607727,-1.3963449001312256,1.6389106512069702,0.6988608241081238
2.0,3689.633333333333,3689.75,10885.5,10888.1875,66.6,66.6,7.0,23.035714285714285,700,-1.6600335836410522,-0.46777158975601196,2.047060489654541,-1.6740423440933228
2.0,3689.8,3689.8166666666666,10888.1875,10888.5,66.6,66.6,1.0,18.75,701,-1.6600335836410522,-0.46777158975601196,2.047060489654541,-1.6740423440933228
2.0,3690.0,3690.1,10888.5,10891.09375,66.2,65.8,6.0,25.9375,702,-1.6600335836410522,-0.46777158975601196,2.047060489654541,-1.6740423440933228
2.0,3690.133333333333,3694.0833333333335,10891.09375,10891.09375,65.8,70.1,237.0,0.0,703,-0.29202011227607727,-1.3963449001312256,2.047060489654541,-1.6740423440933228
2.0,3694.0833333333335,3696.6833333333334,10891.09375,10952.3125,70.1,59.6,156.0,23.545673076923077,704,-1.6600335836410522,-0.46777158975601196,2.047060489654541,-1.6740423440933228
2.0,3696.9333333333334,3697.9166666666665,10952.3125,10992.03125,59.2,52.1,59.0,40.391949152542374,705,-1.6600335836410522,-0.46777158975601196,2.047060489654541,-1.6740423440933228
2.0,3697.9333333333334,3702.4,10992.03125,10992.03125,52.1,56.8,268.0,0.0,706,-0.29202011227607727,-1.3963449001312256,1.6389106512069702,0.6988608241081238
2.0,3702.4,3702.4333333333334,10992.03125,10992.03125,56.8,56.8,2.0,0.0,707,-1.6600335836410522,-0.46777158975601196,2.047060489654541,-1.6740423440933228
2.0,3702.4333333333334,3711.133333333333,10992.03125,10992.03125,56.8,67.4,522.0,0.0,708,-0.29202011227607727,-1.3963449001312256,1.6389106512069702,0.6988608241081238
2.0,3711.133333333333,3713.733333333333,10992.03125,11086.8125,67.4,50.5,156.0,36.45432692307692,709,-1.6600335836410522,-0.46777158975601196,2.047060489654541,-1.6740423440933228
2.0,3713.9333333333334,3714.0333333333333,11086.8125,11089.46875,50.5,50.5,6.0,26.5625,710,-1.6600335836410522,-0.46777158975601196,2.047060489654541,-1.6740423440933228
2.0,3714.05,3714.1,11089.46875,11089.76563,50.5,50.5,3.0,5.937599999997474,711,-1.6600335836410522,-0.46777158975601196,2.047060489654541,-1.6740423440933228
2.0,3714.4,3714.5333333333333,11089.76563,11092.625,50.5,49.8,8.0,21.445275000000947,712,-1.6600335836410522,-0.46777158975601196,2.047060489654541,-1.6740423440933228
2.0,3714.616666666667,3715.0833333333335,11092.625,11092.625,49.8,50.1,28.0,0.0,713,-0.29202011227607727,-1.3963449001312256,2.047060489654541,-1.6740423440933228
2.0,3715.0833333333335,3715.3166666666666,11092.625,11100.15625,50.1,48.6,14.0,32.276785714285715,714,-1.6600335836410522,-0.46777158975601196,2.047060489654541,-1.6740423440933228
2.0,3715.366666666667,3715.633333333333,11100.15625,11109.8125,48.6,47.4,16.0,36.2109375,715,-1.6600335836410522,-0.46777158975601196,2.047060489654541,-1.6740423440933228
2.0,3715.65,3717.9666666666667,11109.8125,11109.8125,47.4,49.4,139.0,0.0,716,-0.29202011227607727,-1.3963449001312256,1.6389106512069702,0.6988608241081238
2.0,3717.9666666666667,3718.2833333333333,11109.8125,11121.20313,49.4,48.2,19.0,35.97041052631539,717,-1.6600335836410522,-0.46777158975601196,2.047060489654541,-1.6740423440933228
2.0,3718.3,3720.5833333333335,11121.20313,11121.20313,48.2,67.4,137.0,0.0,718,-0.29202011227607727,-1.3963449001312256,1.5275136232376099,-0.6723349690437317
2.0,3720.5833333333335,3723.016666666667,11121.20313,11210.01563,67.4,49.8,146.0,36.49828767123288,719,-1.6600335836410522,-0.46777158975601196,2.047060489654541,-1.6740423440933228
2.0,3723.0333333333333,3740.1666666666665,11210.01563,11210.01563,49.8,70.1,1028.0,0.0,720,-0.29202011227607727,-1.3963449001312256,1.6389106512069702,0.6988608241081238
2.0,3740.1666666666665,3741.05,11210.01563,11253.875,70.1,60.0,53.0,49.65211698113222,721,-1.6600335836410522,-0.46777158975601196,2.047060489654541,-1.6740423440933228
2.0,3741.9666666666667,3745.483333333333,11253.875,11408.96875,60.0,28.6,211.0,44.10248815165877,722,-1.6600335836410522,-0.46777158975601196,2.047060489654541,-1.6740423440933228
2.0,3745.5,3746.016666666667,11408.96875,11408.96875,28.6,62.3,31.0,0.0,723,-0.29202011227607727,-1.3963449001312256,1.1969027519226074,-0.9354957938194275
2.0,3746.016666666667,3746.35,11408.96875,11429.9375,62.3,58.8,20.0,62.90625,724,-1.6600335836410522,-0.46777158975601196,2.047060489654541,-1.6740423440933228
2.0,3746.35,3747.133333333333,11429.9375,11429.9375,58.8,61.5,47.0,0.0,725,-0.29202011227607727,-1.3963449001312256,1.5275136232376099,-0.6723349690437317
2.0,3747.133333333333,3748.9333333333334,11429.9375,11534.03125,61.5,37.6,108.0,57.82986111111111,726,-1.6600335836410522,-0.46777158975601196,2.047060489654541,-1.6740423440933228
2.0,3766.383333333333,3767.2833333333333,11559.07813,11603.96875,49.8,41.1,54.0,49.8784666666668,727,-1.6600335836410522,-0.46777158975601196,2.047060489654541,-1.6740423440933228
2.0,3767.45,3767.5333333333333,11603.96875,11604.79688,41.1,41.1,5.0,9.937559999998484,728,-1.6600335836410522,-0.46777158975601196,2.047060489654541,-1.6740423440933228
2.0,3769.1666666666665,3769.366666666667,11604.8125,11612.20313,40.3,38.4,12.0,36.95314999999937,729,-1.6600335836410522,-0.46777158975601196,2.047060489654541,-1.6740423440933228
2.0,3769.4333333333334,3770.366666666667,11612.20313,11661.75,38.4,29.8,56.0,53.085932142857274,730,-1.6600335836410522,-0.46777158975601196,2.047060489654541,-1.6740423440933228
2.0,3770.4,3770.9166666666665,11661.75,11661.75,29.8,65.0,31.0,0.0,731,-0.29202011227607727,-1.3963449001312256,1.1969027519226074,-0.9354957938194275
2.0,3770.9166666666665,3771.266666666667,11661.75,11686.67188,65.0,59.6,21.0,71.20537142857107,732,-1.6600335836410522,-0.46777158975601196,2.047060489654541,-1.6740423440933228
2.0,3771.35,3771.733333333333,11686.67188,11697.67188,59.2,56.8,23.0,28.695652173913043,733,-1.6600335836410522,-0.46777158975601196,2.047060489654541,-1.6740423440933228
2.0,3772.3333333333335,3774.3166666666666,11697.67188,11782.85938,56.4,38.8,119.0,42.95168067226891,734,-1.6600335836410522,-0.46777158975601196,2.047060489654541,-1.6740423440933228
2.0,3774.3166666666666,3788.55,11782.85938,11782.85938,38.8,56.4,854.0,0.0,735,-0.29202011227607727,-1.3963449001312256,1.6389106512069702,0.6988608241081238
2.0,3788.55,3788.9,11782.85938,11793.82813,56.4,54.9,21.0,31.339285714285715,736,-1.6600335836410522,-0.46777158975601196,2.047060489654541,-1.6740423440933228
2.0,3788.9,3789.116666666667,11793.82813,11793.82813,54.9,55.6,13.0,0.0,737,-0.29202011227607727,-1.3963449001312256,1.5275136232376099,-0.6723349690437317
2.0,3789.116666666667,3789.233333333333,11793.82813,11799.10938,55.6,55.2,7.0,45.26785714285714,738,-1.6600335836410522,-0.46777158975601196,2.047060489654541,-1.6740423440933228
2.0,3789.383333333333,3790.0666666666666,11799.10938,11821.70313,54.9,51.3,41.0,33.0640243902439,739,-1.6600335836410522,-0.46777158975601196,2.047060489654541,-1.6740423440933228
2.0,3790.2166666666667,3790.366666666667,11821.70313,11825.15625,50.5,50.5,9.0,23.020800000000843,740,-1.6600335836410522,-0.46777158975601196,2.047060489654541,-1.6740423440933228
2.0,3790.383333333333,3790.4166666666665,11825.15625,11825.65625,50.5,49.8,2.0,15.0,741,-1.6600335836410522,-0.46777158975601196,2.047060489654541,-1.6740423440933228
2.0,3790.4166666666665,3790.616666666667,11825.65625,11825.65625,49.8,51.7,12.0,0.0,742,-0.29202011227607727,-1.3963449001312256,1.5275136232376099,-0.6723349690437317
2.0,3790.616666666667,3793.2166666666667,11825.65625,11925.70313,51.7,31.3,156.0,38.47956923076918,743,-1.6600335836410522,-0.46777158975601196,2.047060489654541,-1.6740423440933228
2.0,3793.233333333333,3793.4666666666667,11925.70313,11933.76563,31.3,30.5,14.0,34.55357142857143,744,-1.6600335836410522,-0.46777158975601196,2.047060489654541,-1.6740423440933228
2.0,3793.483333333333,3795.4,11933.76563,11933.76563,30.5,32.5,115.0,0.0,745,-0.29202011227607727,-1.3963449001312256,1.6389106512069702,0.6988608241081238
2.0,3795.4,3795.6666666666665,11933.76563,11943.20313,32.5,31.3,16.0,35.390625,746,-1.6600335836410522,-0.46777158975601196,2.047060489654541,-1.6740423440933228
2.0,3795.6833333333334,3796.7,11943.20313,11943.20313,31.3,82.3,61.0,0.0,747,-0.29202011227607727,-1.3963449001312256,1.1969027519226074,-0.9354957938194275
2.0,3796.7,3797.25,11943.20313,11963.25,82.3,78.4,33.0,36.44885454545477,748,-1.6600335836410522,-0.46777158975601196,2.047060489654541,-1.6740423440933228
2.0,3797.25,3808.233333333333,11963.25,11963.25,78.4,91.3,659.0,0.0,749,-0.29202011227607727,-1.3963449001312256,1.6389106512069702,0.6988608241081238
2.0,3808.233333333333,3812.1666666666665,11963.25,12141.46875,91.3,56.0,236.0,45.30985169491526,750,-1.6600335836410522,-0.46777158975601196,2.047060489654541,-1.6740423440933228
2.0,3812.1833333333334,3813.266666666667,12141.46875,12141.46875,56.0,56.8,65.0,0.0,751,-0.29202011227607727,-1.3963449001312256,1.6389106512069702,0.6988608241081238
2.0,3813.266666666667,3816.383333333333,12141.46875,12244.53125,56.8,39.2,187.0,33.06818181818182,752,-1.6600335836410522,-0.46777158975601196,2.047060489654541,-1.6740423440933228
2.0,3816.4,3817.383333333333,12244.53125,12244.53125,39.2,39.6,59.0,0.0,753,-0.29202011227607727,-1.3963449001312256,1.6389106512069702,0.6988608241081238
2.0,3817.383333333333,3818.266666666667,12244.53125,12278.67188,39.6,34.1,53.0,38.64976981132061,754,-1.6600335836410522,-0.46777158975601196,2.047060489654541,-1.6740423440933228
2.0,3818.2833333333333,3818.7833333333333,12278.67188,12278.67188,34.1,66.6,30.0,0.0,755,-0.29202011227607727,-1.3963449001312256,1.1969027519226074,-0.9354957938194275
2.0,3818.7833333333333,3820.75,12278.67188,12357.54688,66.6,50.1,118.0,40.105932203389834,756,-1.6600335836410522,-0.46777158975601196,2.047060489654541,-1.6740423440933228
2.0,3821.1,3821.45,12357.54688,12369.95313,50.1,47.0,21.0,35.44642857142858,757,-1.6600335836410522,-0.46777158975601196,2.047060489654541,-1.6740423440933228
2.0,3821.4666666666667,3822.4166666666665,12369.95313,12369.95313,47.0,87.8,57.0,0.0,758,-0.29202011227607727,-1.3963449001312256,1.1969027519226074,-0.9354957938194275
1.0,1479.1666666666667,1480.4333333333334,11948.375,12040.60938,100.0,80.0,76.0,72.81661578947359,759,-1.6600335836410522,-0.46777158975601196,2.047060489654541,-1.6740423440933228
1.0,1481.6,1482.0,12040.60938,12049.8125,79.6,78.0,24.0,23.007800000000316,760,-1.6600335836410522,-0.46777158975601196,2.047060489654541,-1.6740423440933228
1.0,1483.9666666666667,1484.2333333333333,12049.8125,12052.78125,77.6,77.2,16.0,11.1328125,761,-1.6600335836410522,-0.46777158975601196,2.047060489654541,-1.6740423440933228
1.0,1484.2333333333333,1489.5833333333333,12052.78125,12055.875,77.2,75.6,321.0,0.5782710280373832,762,-1.6600335836410522,-0.46777158975601196,2.047060489654541,-1.6740423440933228
1.0,1489.5833333333333,1490.75,12055.875,12142.45313,75.6,53.3,70.0,74.2098257142856,763,-1.6600335836410522,-0.46777158975601196,2.047060489654541,-1.6740423440933228
1.0,1490.7833333333333,1509.35,12142.45313,12142.45313,53.3,100.0,1114.0,0.0,764,-0.29202011227607727,-1.3963449001312256,1.5275136232376099,-0.6723349690437317
1.0,1509.35,1509.4166666666667,12142.45313,12143.64063,100.0,100.0,4.0,17.8125,765,-1.6600335836410522,-0.46777158975601196,2.047060489654541,-1.6740423440933228
1.0,1509.5,1510.85,12143.64063,12229.60938,100.0,81.5,81.0,63.68055555555555,766,-1.6600335836410522,-0.46777158975601196,2.047060489654541,-1.6740423440933228
1.0,1512.1,1512.45,12229.60938,12244.82813,81.5,78.0,21.0,43.48214285714286,767,-1.6600335836410522,-0.46777158975601196,2.047060489654541,-1.6740423440933228
1.0,1524.1166666666666,1527.5333333333333,12244.82813,12341.8125,100.0,100.0,205.0,28.38566926829272,768,-1.6600335836410522,-0.46777158975601196,2.047060489654541,-1.6740423440933228
1.0,1527.5333333333333,1528.3333333333333,12341.8125,12384.6875,100.0,88.6,48.0,53.59375,769,-1.6600335836410522,-0.46777158975601196,2.047060489654541,-1.6740423440933228
1.0,1533.0166666666667,1533.5333333333333,12384.6875,12414.70313,88.2,82.3,31.0,58.094767741935236,770,-1.6600335836410522,-0.46777158975601196,2.047060489654541,-1.6740423440933228
1.0,1533.5333333333333,1534.8666666666666,12414.70313,12417.09375,82.3,81.1,80.0,1.7929650000000947,771,-1.6600335836410522,-0.46777158975601196,2.047060489654541,-1.6740423440933228
1.0,1534.8666666666666,1534.9666666666667,12417.09375,12419.78125,81.1,80.7,6.0,26.875,772,-1.6600335836410522,-0.46777158975601196,2.047060489654541,-1.6740423440933228
1.0,1553.6666666666667,1555.05,12505.25,12598.125,78.4,54.1,83.0,67.13855421686748,773,-1.6600335836410522,-0.46777158975601196,2.047060489654541,-1.6740423440933228
1.0,1555.0666666666666,1561.45,12598.125,12598.125,54.1,88.2,383.0,0.0,774,-0.29202011227607727,-1.3963449001312256,2.047060489654541,-1.6740423440933228
1.0,1561.45,1562.0666666666666,12598.125,12655.64063,88.2,74.5,37.0,93.26858918918899,775,-1.6600335836410522,-0.46777158975601196,2.047060489654541,-1.6740423440933228
1.0,1564.0333333333333,1564.6,12655.64063,12712.5,74.5,57.6,34.0,100.34006470588258,776,-1.6600335836410522,-0.46777158975601196,2.047060489654541,-1.6740423440933228
1.0,1564.6166666666666,1583.9833333333333,12712.5,12712.51563,57.6,100.0,1162.0,0.0008070567986165416,777,-0.29202011227607727,-1.3963449001312256,1.5275136232376099,-0.6723349690437317
1.0,1583.9833333333333,1584.2166666666667,12712.51563,12721.01563,100.0,99.6,14.0,36.42857142857143,778,-1.6600335836410522,-0.46777158975601196,2.047060489654541,-1.6740423440933228
1.0,1586.6166666666666,1586.8666666666666,12721.01563,12730.54688,99.2,96.4,15.0,38.125,779,-1.6600335836410522,-0.46777158975601196,2.047060489654541,-1.6740423440933228
1.0,1586.8666666666666,1600.6666666666667,12730.54688,12809.23438,96.4,78.0,828.0,5.7019927536231885,780,-1.6600335836410522,-0.46777158975601196,2.047060489654541,-1.6740423440933228
1.0,1600.6666666666667,1601.1666666666667,12809.23438,12828.60938,78.0,73.7,30.0,38.75,781,-1.6600335836410522,-0.46777158975601196,2.047060489654541,-1.6740423440933228
1.0,1601.1666666666667,1603.65,12828.60938,12837.78125,73.7,72.1,149.0,3.6933704697987086,782,-1.6600335836410522,-0.46777158975601196,2.047060489654541,-1.6740423440933228
1.0,1603.65,1605.0666666666666,12837.78125,12922.64063,72.1,50.9,85.0,59.900738823529316,783,-1.6600335836410522,-0.46777158975601196,2.047060489654541,-1.6740423440933228
1.0,1609.85,1627.4666666666667,12922.64063,12922.64063,50.9,100.0,1057.0,0.0,784,-0.29202011227607727,-1.3963449001312256,1.5275136232376099,-0.6723349690437317
1.0,1627.4666666666667,1627.6333333333334,12922.64063,12924.64063,100.0,99.6,10.0,12.0,785,-1.6600335836410522,-0.46777158975601196,2.047060489654541,-1.6740423440933228
1.0,1627.7,1628.95,12924.64063,13024.59375,99.6,75.2,75.0,79.9624960000001,786,-1.6600335836410522,-0.46777158975601196,2.047060489654541,-1.6740423440933228
1.0,1629.75,1630.8166666666666,13024.59375,13047.07813,75.2,71.7,64.0,21.07910624999988,787,-1.6600335836410522,-0.46777158975601196,2.047060489654541,-1.6740423440933228
1.0,1630.8166666666666,1633.9833333333333,13047.07813,13082.90625,71.7,64.3,190.0,11.314143157894778,788,-1.6600335836410522,-0.46777158975601196,2.047060489654541,-1.6740423440933228
1.0,1633.9833333333333,1634.0,13082.90625,13082.98438,64.3,64.3,1.0,4.687799999992421,789,-1.6600335836410522,-0.46777158975601196,2.047060489654541,-1.6740423440933228
1.0,1635.0,1657.6833333333334,13254.39063,13254.39063,32.1,80.3,1361.0,0.0,790,-0.29202011227607727,-1.3963449001312256,1.5275136232376099,-0.6723349690437317
1.0,1657.6833333333334,1658.65,13254.39063,13340.32813,80.3,53.7,58.0,88.90086206896552,791,-1.6600335836410522,-0.46777158975601196,2.047060489654541,-1.6740423440933228
1.0,1658.65,1673.0166666666667,13340.32813,13340.32813,53.7,100.0,862.0,0.0,792,-0.29202011227607727,-1.3963449001312256,1.5275136232376099,-0.6723349690437317
1.0,1673.0166666666667,1673.95,13340.32813,13425.0,100.0,79.6,56.0,90.71986071428584,793,-1.6600335836410522,-0.46777158975601196,2.047060489654541,-1.6740423440933228
1.0,1674.1,1674.4833333333333,13425.0,13433.84375,79.2,78.4,23.0,23.070652173913043,794,-1.6600335836410522,-0.46777158975601196,2.047060489654541,-1.6740423440933228
1.0,1674.4833333333333,1674.55,13433.84375,13434.0625,78.4,78.4,4.0,3.28125,795,-1.6600335836410522,-0.46777158975601196,2.047060489654541,-1.6740423440933228
1.0,1674.55,1676.95,13434.0625,13442.98438,78.4,76.0,144.0,3.7174499999999475,796,-1.6600335836410522,-0.46777158975601196,2.047060489654541,-1.6740423440933228
1.0,1676.95,1677.2,13442.98438,13446.98438,76.0,75.6,15.0,16.0,797,-1.6600335836410522,-0.46777158975601196,2.047060489654541,-1.6740423440933228
1.0,1690.1166666666666,1695.9166666666667,13446.98438,13532.29688,100.0,100.0,348.0,14.70905172413793,798,-1.6600335836410522,-0.46777158975601196,2.047060489654541,-1.6740423440933228
1.0,1695.9166666666667,1697.3833333333334,13532.29688,13586.17188,100.0,83.9,88.0,36.73295454545455,799,-1.6600335836410522,-0.46777158975601196,2.047060489654541,-1.6740423440933228
1.0,1697.5166666666667,1698.4333333333334,13586.17188,13659.5625,83.5,71.3,55.0,80.06249454545468,800,-1.6600335836410522,-0.46777158975601196,2.047060489654541,-1.6740423440933228
1.0,1699.8166666666666,1701.65,13659.5625,13782.09375,71.3,34.5,110.0,66.83522727272728,801,-1.6600335836410522,-0.46777158975601196,2.047060489654541,-1.6740423440933228
1.0,1701.6666666666667,1719.6833333333334,13782.09375,13782.09375,34.5,100.0,1081.0,0.0,802,-0.29202011227607727,-1.3963449001312256,1.5275136232376099,-0.6723349690437317
1.0,1719.6833333333334,1720.5,13782.09375,13867.5625,100.0,79.2,49.0,104.65561224489797,803,-1.6600335836410522,-0.46777158975601196,2.047060489654541,-1.6740423440933228
1.0,1722.8,1747.45,13867.5625,14039.28125,78.8,54.5,1479.0,6.9662778904665315,804,-1.6600335836410522,-0.46777158975601196,2.047060489654541,-1.6740423440933228
1.0,1747.45,1771.6833333333334,14039.28125,14039.28125,54.5,81.5,1454.0,0.0,805,-0.29202011227607727,-1.3963449001312256,1.5275136232376099,-0.6723349690437317
1.0,1771.6833333333334,1773.5833333333333,14039.28125,14131.84375,81.5,57.2,114.0,48.7171052631579,806,-1.6600335836410522,-0.46777158975601196,2.047060489654541,-1.6740423440933228
1.0,1778.2833333333333,1797.7833333333333,14131.84375,14131.84375,57.6,100.0,1170.0,0.0,807,-0.29202011227607727,-1.3963449001312256,1.5275136232376099,-0.6723349690437317
1.0,1797.7833333333333,1798.8166666666666,14131.84375,14217.35938,100.0,81.9,62.0,82.75706129032245,808,-1.6600335836410522,-0.46777158975601196,2.047060489654541,-1.6740423440933228
1.0,1800.05,1801.6833333333334,14217.35938,14301.03125,81.5,62.3,98.0,51.22767551020416,809,-1.6600335836410522,-0.46777158975601196,2.047060489654541,-1.6740423440933228
1.0,1801.7,1808.7166666666667,14301.03125,14301.03125,62.3,100.0,421.0,0.0,810,-0.29202011227607727,-1.3963449001312256,1.5275136232376099,-0.6723349690437317
1.0,1808.7166666666667,1824.7,14301.03125,14389.60938,100.0,81.9,959.0,5.541905943691337,811,-1.6600335836410522,-0.46777158975601196,2.047060489654541,-1.6740423440933228
1.0,1824.7,1824.9,14389.60938,14393.3125,81.9,80.7,12.0,18.51560000000063,812,-1.6600335836410522,-0.46777158975601196,2.047060489654541,-1.6740423440933228
1.0,1824.9,1826.4833333333333,14393.3125,14484.89063,80.7,57.2,95.0,57.838818947368345,813,-1.6600335836410522,-0.46777158975601196,2.047060489654541,-1.6740423440933228
1.0,1826.4833333333333,1842.3833333333334,14484.89063,14484.89063,57.2,100.0,954.0,0.0,814,-0.29202011227607727,-1.3963449001312256,1.5275136232376099,-0.6723349690437317
1.0,1842.3833333333334,1842.4666666666667,14484.89063,14486.5,100.0,100.0,5.0,19.312440000001516,815,-1.6600335836410522,-0.46777158975601196,2.047060489654541,-1.6740423440933228
1.0,1842.5166666666667,1845.15,14486.51563,14654.67188,100.0,48.2,158.0,63.85680379746835,816,-1.6600335836410522,-0.46777158975601196,2.047060489654541,-1.6740423440933228
1.0,1845.2166666666667,1845.7833333333333,14654.67188,14718.48438,49.0,36.0,34.0,112.61029411764706,817,-1.6600335836410522,-0.46777158975601196,2.047060489654541,-1.6740423440933228
1.0,1845.8166666666666,1846.7166666666667,14718.48438,14718.48438,36.0,85.4,54.0,0.0,818,-0.29202011227607727,-1.3963449001312256,1.1969027519226074,-0.9354957938194275
1.0,1846.7166666666667,1848.4833333333333,14718.48438,14921.125,85.4,8.2,106.0,114.70223773584914,819,-1.6600335836410522,-0.46777158975601196,2.047060489654541,-1.6740423440933228
1.0,1850.2,1852.3833333333334,14921.125,15163.375,98.4,11.7,131.0,110.95419847328246,820,-1.6600335836410522,-0.46777158975601196,2.047060489654541,-1.6740423440933228
1.0,1888.7333333333333,1888.8333333333333,15163.375,15165.34375,13.3,13.3,6.0,19.6875,821,-1.6600335836410522,-0.46777158975601196,2.047060489654541,-1.6740423440933228
1.0,1888.85,1889.0666666666666,15165.34375,15165.34375,13.3,15.2,13.0,0.0,822,-0.29202011227607727,-1.3963449001312256,2.047060489654541,-1.6740423440933228
1.0,1889.0666666666666,1889.0833333333333,15165.34375,15165.35938,15.2,15.2,1.0,0.9377999999924214,823,-1.6600335836410522,-0.46777158975601196,2.047060489654541,-1.6740423440933228
1.0,1889.1166666666666,1892.3333333333333,15165.35938,15165.35938,15.2,100.0,193.0,0.0,824,-0.29202011227607727,-1.3963449001312256,2.047060489654541,-1.6740423440933228
1.0,1892.3333333333333,1893.2,15165.35938,15241.98438,100.0,79.2,52.0,88.41346153846153,825,-1.6600335836410522,-0.46777158975601196,2.047060489654541,-1.6740423440933228
1.0,1893.2333333333333,1893.55,15241.98438,15241.98438,79.2,88.6,19.0,0.0,826,-0.29202011227607727,-1.3963449001312256,1.1969027519226074,-0.9354957938194275
1.0,1893.55,1894.8833333333334,15241.98438,15406.34375,88.6,36.0,80.0,123.2695275000001,827,-1.6600335836410522,-0.46777158975601196,2.047060489654541,-1.6740423440933228
1.0,1894.9166666666667,1896.0,15406.34375,15406.34375,36.0,90.9,65.0,0.0,828,-0.29202011227607727,-1.3963449001312256,1.1969027519226074,-0.9354957938194275
1.0,1896.0,1896.8166666666666,15406.34375,15499.84375,90.9,60.7,49.0,114.48979591836735,829,-1.6600335836410522,-0.46777158975601196,2.047060489654541,-1.6740423440933228
1.0,1896.8166666666666,1897.25,15499.84375,15499.84375,60.7,63.9,26.0,0.0,830,-0.29202011227607727,-1.3963449001312256,1.5275136232376099,-0.6723349690437317
1.0,1897.25,1898.8666666666666,15499.84375,15676.39063,63.9,10.5,97.0,109.20425567010301,831,-1.6600335836410522,-0.46777158975601196,2.047060489654541,-1.6740423440933228
1.0,1899.0666666666666,1899.0833333333333,15676.40625,15676.8125,10.1,10.5,1.0,24.375,832,-1.6600335836410522,-0.46777158975601196,2.047060489654541,-1.6740423440933228
1.0,1899.0833333333333,1900.1,15676.8125,15676.8125,10.5,74.1,61.0,0.0,833,-0.29202011227607727,-1.3963449001312256,1.1969027519226074,-0.9354957938194275
1.0,1900.1,1901.9333333333334,15676.8125,15881.70313,74.1,9.4,110.0,111.75852545454539,834,-1.6600335836410522,-0.46777158975601196,2.047060489654541,-1.6740423440933228
1.0,1901.9333333333334,1937.0,15881.70313,15881.70313,9.4,100.0,2104.0,0.0,835,-0.29202011227607727,-1.3963449001312256,1.5275136232376099,-0.6723349690437317
1.0,1937.0,1938.7166666666667,15881.70313,15980.39063,100.0,77.6,103.0,57.487864077669904,836,-1.6600335836410522,-0.46777158975601196,2.047060489654541,-1.6740423440933228
1.0,1939.8,1941.1333333333334,15980.39063,16071.07813,77.2,56.8,80.0,68.015625,837,-1.6600335836410522,-0.46777158975601196,2.047060489654541,-1.6740423440933228
1.0,1941.1333333333334,1961.8333333333333,16071.07813,16073.95313,56.8,55.2,1242.0,0.1388888888888889,838,-1.6600335836410522,-0.46777158975601196,2.047060489654541,-1.6740423440933228
1.0,1961.8333333333333,1962.05,16073.95313,16080.71875,55.2,54.5,13.0,31.225938461539045,839,-1.6600335836410522,-0.46777158975601196,2.047060489654541,-1.6740423440933228
1.0,1962.05,1962.1166666666666,16080.71875,16082.05134,54.5,54.1,4.0,19.98884999999973,840,-1.6600335836410522,-0.46777158975601196,2.047060489654541,-1.6740423440933228
1.0,1962.1166666666666,1963.9166666666667,16082.05134,16082.05134,54.1,69.4,108.0,0.0,841,-0.29202011227607727,-1.3963449001312256,1.5275136232376099,-0.6723349690437317
1.0,1963.9166666666667,1964.1333333333334,16082.05134,16087.0,69.4,67.4,13.0,22.839969230769313,842,-1.6600335836410522,-0.46777158975601196,2.047060489654541,-1.6740423440933228
1.0,1964.1333333333334,1965.8333333333333,16087.0,16087.0,67.4,76.4,102.0,0.0,843,-0.29202011227607727,-1.3963449001312256,1.5275136232376099,-0.6723349690437317
1.0,1965.8333333333333,1966.95,16087.0,16173.40625,76.4,57.2,67.0,77.37873134328358,844,-1.6600335836410522,-0.46777158975601196,2.047060489654541,-1.6740423440933228
1.0,1968.0833333333333,1968.9,16173.40625,16200.29688,56.8,50.9,49.0,32.92730204081617,845,-1.6600335836410522,-0.46777158975601196,2.047060489654541,-1.6740423440933228
1.0,1970.45,1971.1,16200.29688,16260.78125,50.1,31.7,39.0,93.05287692307711,846,-1.6600335836410522,-0.46777158975601196,2.047060489654541,-1.6740423440933228
1.0,1971.1,1989.5333333333333,16260.78125,16260.78125,31.7,100.0,1106.0,0.0,847,-0.29202011227607727,-1.3963449001312256,1.5275136232376099,-0.6723349690437317
1.0,1989.5333333333333,1990.6833333333334,16260.78125,16347.01563,100.0,81.1,69.0,74.98641739130424,848,-1.6600335836410522,-0.46777158975601196,2.047060489654541,-1.6740423440933228
1.0,1990.9,1991.3333333333333,16347.03125,16354.53125,81.1,80.3,26.0,17.307692307692307,849,-1.6600335836410522,-0.46777158975601196,2.047060489654541,-1.6740423440933228
1.0,1992.5666666666666,1994.1166666666666,16354.53125,16441.34375,80.3,60.7,93.0,56.00806451612903,850,-1.6600335836410522,-0.46777158975601196,2.047060489654541,-1.6740423440933228
1.0,1994.1333333333334,1995.8833333333334,16441.34375,16441.34375,60.7,69.4,105.0,0.0,851,-0.29202011227607727,-1.3963449001312256,1.5275136232376099,-0.6723349690437317
1.0,1995.8833333333334,1995.9666666666667,16441.34375,16443.01563,69.4,68.6,5.0,20.062560000020312,852,-1.6600335836410522,-0.46777158975601196,2.047060489654541,-1.6740423440933228
1.0,1996.2,1996.2666666666667,16443.01563,16444.75,68.6,68.6,4.0,26.01554999997461,853,-1.6600335836410522,-0.46777158975601196,2.047060489654541,-1.6740423440933228
1.0,2055.55,2056.4333333333334,16444.75,16530.1875,100.0,80.3,53.0,96.72169811320755,854,-1.6600335836410522,-0.46777158975601196,2.047060489654541,-1.6740423440933228
1.0,2058.85,2060.1666666666665,16530.1875,16615.40625,80.0,59.6,79.0,64.72310126582279,855,-1.6600335836410522,-0.46777158975601196,2.047060489654541,-1.6740423440933228
1.0,2082.75,2083.116666666667,16615.40625,16630.23438,59.6,55.6,22.0,40.440354545459165,856,-1.6600335836410522,-0.46777158975601196,2.047060489654541,-1.6740423440933228
1.0,2083.3,2083.55,16630.23438,16645.625,55.2,51.3,15.0,61.56247999999323,857,-1.6600335836410522,-0.46777158975601196,2.047060489654541,-1.6740423440933228
1.0,2083.55,2109.266666666667,16645.625,16652.125,51.3,50.1,1543.0,0.25275437459494493,858,-1.6600335836410522,-0.46777158975601196,2.047060489654541,-1.6740423440933228
1.0,2109.266666666667,2115.65,16652.125,16652.125,50.1,66.2,383.0,0.0,859,-0.29202011227607727,-1.3963449001312256,1.5275136232376099,-0.6723349690437317
1.0,2115.65,2115.8333333333335,16652.125,16658.625,66.2,65.4,11.0,35.45454545454546,860,-1.6600335836410522,-0.46777158975601196,2.047060489654541,-1.6740423440933228
1.0,2115.9,2128.95,16673.48438,16673.48438,64.7,95.6,783.0,0.0,861,-0.29202011227607727,-1.3963449001312256,1.5275136232376099,-0.6723349690437317
1.0,2129.0,2129.0,16673.5,16673.51563,95.2,95.2,0.0,0.0,862,-1.6600335836410522,-0.46777158975601196,2.047060489654541,-1.6740423440933228
1.0,2129.1,2129.116666666667,16673.51563,16673.6875,95.2,95.2,1.0,10.31219999989844,863,-1.6600335836410522,-0.46777158975601196,2.047060489654541,-1.6740423440933228
1.0,2129.116666666667,2129.883333333333,16673.6875,16673.79688,95.2,95.2,46.0,0.14266956521959914,864,-1.6600335836410522,-0.46777158975601196,2.047060489654541,-1.6740423440933228
1.0,2129.883333333333,2129.9,16673.79688,16673.90625,95.2,95.2,1.0,6.562199999898439,865,-1.6600335836410522,-0.46777158975601196,2.047060489654541,-1.6740423440933228
1.0,2129.9333333333334,2129.95,16673.90625,16674.10938,95.2,95.2,1.0,12.18780000010156,866,-1.6600335836410522,-0.46777158975601196,2.047060489654541,-1.6740423440933228
1.0,2129.95,2131.383333333333,16674.10938,16674.20313,95.2,94.9,86.0,0.06540697674418605,867,-1.6600335836410522,-0.46777158975601196,2.047060489654541,-1.6740423440933228
1.0,2131.383333333333,2131.616666666667,16674.20313,16689.8125,94.9,90.1,14.0,66.89729999999274,868,-1.6600335836410522,-0.46777158975601196,2.047060489654541,-1.6740423440933228
1.0,2131.616666666667,2133.25,16689.8125,16689.84375,90.1,89.8,98.0,0.01913265306122449,869,-1.6600335836410522,-0.46777158975601196,2.047060489654541,-1.6740423440933228
1.0,2133.25,2134.55,16689.84375,16779.6875,89.8,72.9,78.0,69.11057692307692,870,-1.6600335836410522,-0.46777158975601196,2.047060489654541,-1.6740423440933228
1.0,2135.5833333333335,2135.9333333333334,16779.6875,16785.15625,72.1,71.3,21.0,15.625000000000002,871,-1.6600335836410522,-0.46777158975601196,2.047060489654541,-1.6740423440933228
1.0,2137.266666666667,2137.5666666666666,16785.15625,16790.8125,71.3,70.1,18.0,18.854166666666668,872,-1.6600335836410522,-0.46777158975601196,2.047060489654541,-1.6740423440933228
1.0,2137.616666666667,2139.05,16790.8125,16881.03125,69.8,44.3,86.0,62.94331395348837,873,-1.6600335836410522,-0.46777158975601196,2.047060489654541,-1.6740423440933228
1.0,2139.0666666666666,2150.016666666667,16881.03125,16881.03125,44.3,100.0,657.0,0.0,874,-0.29202011227607727,-1.3963449001312256,1.5275136232376099,-0.6723349690437317
1.0,2150.016666666667,2151.5,16881.03125,16967.8125,100.0,82.3,89.0,58.50421348314607,875,-1.6600335836410522,-0.46777158975601196,2.047060489654541,-1.6740423440933228
1.0,2151.5,2152.9,16967.8125,16975.625,82.3,80.0,84.0,5.580357142857143,876,-1.6600335836410522,-0.46777158975601196,2.047060489654541,-1.6740423440933228
1.0,2152.9,2154.2166666666667,16975.625,17066.9375,80.0,59.2,79.0,69.35126582278481,877,-1.6600335836410522,-0.46777158975601196,2.047060489654541,-1.6740423440933228
1.0,2154.233333333333,2158.1,17066.9375,17066.9375,59.2,79.6,232.0,0.0,878,-0.29202011227607727,-1.3963449001312256,1.5275136232376099,-0.6723349690437317
1.0,2158.116666666667,2159.2833333333333,17066.9375,17152.48438,79.6,63.5,70.0,73.3258971428586,879,-1.6600335836410522,-0.46777158975601196,2.047060489654541,-1.6740423440933228
1.0,2161.95,2163.0833333333335,17152.48438,17241.0625,63.9,41.9,68.0,78.15716470588086,880,-1.6600335836410522,-0.46777158975601196,2.047060489654541,-1.6740423440933228
1.0,2163.15,2177.6,17241.0625,17241.0625,41.9,100.0,867.0,0.0,881,-0.29202011227607727,-1.3963449001312256,1.5275136232376099,-0.6723349690437317
1.0,2177.6,2177.9166666666665,17241.0625,17259.32813,100.0,96.0,19.0,57.68093684211061,882,-1.6600335836410522,-0.46777158975601196,2.047060489654541,-1.6740423440933228
1.0,2179.3333333333335,2181.1,17259.32813,17342.0625,95.6,77.6,106.0,46.83077547169716,883,-1.6600335836410522,-0.46777158975601196,2.047060489654541,-1.6740423440933228
1.0,2181.1,2182.4,17342.0625,17342.14063,77.6,77.2,78.0,0.060100000001302056,884,-1.6600335836410522,-0.46777158975601196,2.047060489654541,-1.6740423440933228
1.0,2182.4,2183.0833333333335,17342.14063,17357.57813,77.2,74.9,41.0,22.591463414634145,885,-1.6600335836410522,-0.46777158975601196,2.047060489654541,-1.6740423440933228
1.0,2185.25,2186.3333333333335,17357.59375,17443.26563,74.5,51.3,65.0,79.08173538461695,886,-1.6600335836410522,-0.46777158975601196,2.047060489654541,-1.6740423440933228
1.0,2187.05,2196.0833333333335,17443.26563,17443.26563,51.3,100.0,542.0,0.0,887,-0.29202011227607727,-1.3963449001312256,1.5275136232376099,-0.6723349690437317
1.0,2196.0833333333335,2203.5333333333333,17443.26563,17564.82813,100.0,71.7,447.0,16.31711409395973,888,-1.6600335836410522,-0.46777158975601196,2.047060489654541,-1.6740423440933228
1.0,2203.5333333333333,2203.633333333333,17564.82813,17566.54688,71.7,71.3,6.0,17.1875,889,-1.6600335836410522,-0.46777158975601196,2.047060489654541,-1.6740423440933228
1.0,2248.9166666666665,2249.016666666667,17566.54688,17568.60938,70.5,70.5,6.0,20.625,890,-1.6600335836410522,-0.46777158975601196,2.047060489654541,-1.6740423440933228
1.0,2249.15,2249.2833333333333,17568.60938,17572.51563,70.1,69.4,8.0,29.296875,891,-1.6600335836410522,-0.46777158975601196,2.047060489654541,-1.6740423440933228
1.0,2249.2833333333333,2253.2166666666667,17572.51563,17578.92188,69.4,67.8,236.0,1.6287076271186443,892,-1.6600335836410522,-0.46777158975601196,2.047060489654541,-1.6740423440933228
1.0,2253.2166666666667,2254.633333333333,17578.92188,17694.46875,67.8,30.5,85.0,81.56249647058704,893,-1.6600335836410522,-0.46777158975601196,2.047060489654541,-1.6740423440933228
1.0,2254.65,2258.45,17694.46875,17694.46875,30.5,50.9,228.0,0.0,894,-0.29202011227607727,-1.3963449001312256,1.5275136232376099,-0.6723349690437317
1.0,2258.45,2258.5666666666666,17694.46875,17697.17188,50.9,50.9,7.0,23.169685714300222,895,-1.6600335836410522,-0.46777158975601196,2.047060489654541,-1.6740423440933228
1.0,2258.883333333333,2258.983333333333,17697.17188,17699.84375,50.9,50.5,6.0,26.718699999983073,896,-1.6600335836410522,-0.46777158975601196,2.047060489654541,-1.6740423440933228
1.0,2258.983333333333,2298.766666666667,17699.84375,17699.85938,50.5,100.0,2387.0,0.00039287808969483065,897,-0.29202011227607727,-1.3963449001312256,1.5275136232376099,-0.6723349690437317
1.0,2298.766666666667,2298.883333333333,17699.85938,17706.25,100.0,99.2,7.0,54.77674285712835,898,-1.6600335836410522,-0.46777158975601196,2.047060489654541,-1.6740423440933228
1.0,2299.8166666666666,2299.9666666666667,17706.25,17713.23438,98.4,96.0,9.0,46.56253333334462,899,-1.6600335836410522,-0.46777158975601196,2.047060489654541,-1.6740423440933228
1.0,2300.4166666666665,2301.616666666667,17713.25,17803.125,95.2,75.2,72.0,74.89583333333334,900,-1.6600335836410522,-0.46777158975601196,2.047060489654541,-1.6740423440933228
1.0,2302.55,2302.9,17803.125,17809.0625,74.9,74.1,21.0,16.964285714285715,901,-1.6600335836410522,-0.46777158975601196,2.047060489654541,-1.6740423440933228
1.0,2304.233333333333,2304.45,17809.0625,17813.51563,73.7,72.9,13.0,20.552907692315504,902,-1.6600335836410522,-0.46777158975601196,2.047060489654541,-1.6740423440933228
1.0,2304.55,2305.9166666666665,17813.51563,17895.4375,72.1,49.8,82.0,59.94283170731583,903,-1.6600335836410522,-0.46777158975601196,2.047060489654541,-1.6740423440933228
1.0,2306.4333333333334,2306.6,17895.4375,17902.92188,49.4,48.2,10.0,44.906280000010156,904,-1.6600335836410522,-0.46777158975601196,2.047060489654541,-1.6740423440933228
1.0,2306.616666666667,2316.35,17902.92188,17902.92188,48.2,100.0,584.0,0.0,905,-0.29202011227607727,-1.3963449001312256,1.5275136232376099,-0.6723349690437317
1.0,2316.35,2321.0,17902.92188,17994.53125,100.0,81.1,279.0,19.70093978494587,906,-1.6600335836410522,-0.46777158975601196,2.047060489654541,-1.6740423440933228
1.0,2321.0,2321.3333333333335,17994.53125,18000.26563,81.1,80.7,20.0,17.203140000005078,907,-1.6600335836410522,-0.46777158975601196,2.047060489654541,-1.6740423440933228
1.0,2321.3333333333335,2322.116666666667,18000.26563,18005.70313,80.7,79.2,47.0,6.941489361702128,908,-1.6600335836410522,-0.46777158975601196,2.047060489654541,-1.6740423440933228
1.0,2322.116666666667,2322.2833333333333,18005.70313,18007.625,79.2,78.4,10.0,11.531219999989844,909,-1.6600335836410522,-0.46777158975601196,2.047060489654541,-1.6740423440933228
1.0,2324.8333333333335,2324.95,18007.625,18010.9375,78.4,77.2,7.0,28.392857142857142,910,-1.6600335836410522,-0.46777158975601196,2.047060489654541,-1.6740423440933228
1.0,2325.4166666666665,2325.55,18010.9375,18012.34375,77.2,76.8,8.0,10.546875,911,-1.6600335836410522,-0.46777158975601196,2.047060489654541,-1.6740423440933228
1.0,2325.55,2329.516666666667,18012.34375,18014.64063,76.8,74.9,238.0,0.5790453781516872,912,-1.6600335836410522,-0.46777158975601196,2.047060489654541,-1.6740423440933228
1.0,2329.516666666667,2329.55,18014.64063,18015.39063,74.9,74.9,2.0,22.5,913,-1.6600335836410522,-0.46777158975601196,2.047060489654541,-1.6740423440933228
1.0,2329.633333333333,2330.75,18015.39063,18100.57813,74.9,51.7,67.0,76.28731343283582,914,-1.6600335836410522,-0.46777158975601196,2.047060489654541,-1.6740423440933228
1.0,2330.8166666666666,2348.7166666666667,18100.57813,18100.57813,52.1,100.0,1074.0,0.0,915,-0.29202011227607727,-1.3963449001312256,1.5275136232376099,-0.6723349690437317
1.0,2348.7166666666667,2350.2166666666667,18100.57813,18189.89063,100.0,81.9,90.0,59.541666666666664,916,-1.6600335836410522,-0.46777158975601196,2.047060489654541,-1.6740423440933228
1.0,2351.1666666666665,2351.516666666667,18189.89063,18195.46875,81.5,80.7,21.0,15.937485714280879,917,-1.6600335836410522,-0.46777158975601196,2.047060489654541,-1.6740423440933228
1.0,2352.8333333333335,2352.95,18195.46875,18197.625,80.3,80.3,7.0,18.482142857142858,918,-1.6600335836410522,-0.46777158975601196,2.047060489654541,-1.6740423440933228
1.0,2353.4,2353.45,18197.625,18198.625,80.0,80.0,3.0,20.0,919,-1.6600335836410522,-0.46777158975601196,2.047060489654541,-1.6740423440933228
1.0,2354.0,2354.9333333333334,18198.625,18281.17188,79.6,58.8,56.0,88.44308571428752,920,-1.6600335836410522,-0.46777158975601196,2.047060489654541,-1.6740423440933228
1.0,2367.2833333333333,2368.5666666666666,18281.17188,18281.17188,58.8,65.4,77.0,0.0,921,-0.29202011227607727,-1.3963449001312256,1.5275136232376099,-0.6723349690437317
1.0,2368.5666666666666,2368.6666666666665,18281.17188,18286.5,65.4,64.3,6.0,53.28119999998307,922,-1.6600335836410522,-0.46777158975601196,2.047060489654541,-1.6740423440933228
1.0,2368.6666666666665,2370.2166666666667,18286.5,18288.14063,64.3,64.7,93.0,1.0584709677430275,923,-1.6600335836410522,-0.46777158975601196,2.047060489654541,-1.6740423440933228
1.0,2370.2166666666667,2370.4333333333334,18288.14063,18295.01563,64.7,62.7,13.0,31.73076923076923,924,-1.6600335836410522,-0.46777158975601196,2.047060489654541,-1.6740423440933228
1.0,2370.4333333333334,2371.9333333333334,18295.01563,18295.01563,62.7,70.1,90.0,0.0,925,-0.29202011227607727,-1.3963449001312256,1.5275136232376099,-0.6723349690437317
1.0,2371.9333333333334,2371.9333333333334,18295.01563,18295.04688,70.1,70.1,0.0,0.0,926,-1.6600335836410522,-0.46777158975601196,2.047060489654541,-1.6740423440933228
1.0,2371.9666666666667,2372.1,18295.0625,18297.84375,70.1,68.6,8.0,20.859375,927,-1.6600335836410522,-0.46777158975601196,2.047060489654541,-1.6740423440933228
1.0,2372.116666666667,2373.85,18297.84375,18297.84375,68.6,80.3,104.0,0.0,928,-0.29202011227607727,-1.3963449001312256,1.5275136232376099,-0.6723349690437317
1.0,2373.85,2373.9166666666665,18297.84375,18300.70313,80.3,80.3,4.0,42.89070000002539,929,-1.6600335836410522,-0.46777158975601196,2.047060489654541,-1.6740423440933228
1.0,2373.9166666666665,2375.3166666666666,18300.70313,18393.96875,80.3,60.7,84.0,66.6182999999988,930,-1.6600335836410522,-0.46777158975601196,2.047060489654541,-1.6740423440933228
1.0,2375.3333333333335,2376.3166666666666,18393.96875,18393.98438,60.7,97.6,59.0,0.015894915255958656,931,-0.29202011227607727,-1.3963449001312256,1.1969027519226074,-0.9354957938194275
1.0,2376.3166666666666,2376.9666666666667,18393.98438,18407.17188,97.6,95.2,39.0,20.288461538461537,932,-1.6600335836410522,-0.46777158975601196,2.047060489654541,-1.6740423440933228
1.0,2376.983333333333,2377.3333333333335,18407.17188,18414.5,95.2,93.7,21.0,20.93748571428088,933,-1.6600335836410522,-0.46777158975601196,2.047060489654541,-1.6740423440933228
1.0,2377.9166666666665,2378.2,18414.5,18419.96875,93.3,92.1,17.0,19.301470588235293,934,-1.6600335836410522,-0.46777158975601196,2.047060489654541,-1.6740423440933228
1.0,2379.733333333333,2379.75,18419.96875,18420.10938,90.5,90.5,1.0,8.43780000010156,935,-1.6600335836410522,-0.46777158975601196,2.047060489654541,-1.6740423440933228
1.0,2379.75,2394.766666666667,18420.10938,18429.75,90.5,89.0,901.0,0.6419946725859028,936,-1.6600335836410522,-0.46777158975601196,2.047060489654541,-1.6740423440933228
1.0,2394.766666666667,2395.133333333333,18429.75,18435.3125,89.0,87.8,22.0,15.170454545454547,937,-1.6600335836410522,-0.46777158975601196,2.047060489654541,-1.6740423440933228
1.0,2395.133333333333,2398.0,18435.3125,18440.76563,87.8,86.2,172.0,1.902254651163381,938,-1.6600335836410522,-0.46777158975601196,2.047060489654541,-1.6740423440933228
1.0,2398.0,2399.9333333333334,18440.76563,18546.6875,86.2,57.6,116.0,54.78717413793016,939,-1.6600335836410522,-0.46777158975601196,2.047060489654541,-1.6740423440933228
1.0,2400.733333333333,2400.766666666667,18546.6875,18547.54688,57.2,57.2,2.0,25.78140000005078,940,-1.6600335836410522,-0.46777158975601196,2.047060489654541,-1.6740423440933228
1.0,2416.633333333333,2417.9666666666667,18547.54688,18547.54688,56.4,56.4,80.0,0.0,941,-1.6600335836410522,-0.46777158975601196,2.047060489654541,-1.6740423440933228
1.0,2418.5,2419.5833333333335,18547.54688,18643.46875,56.0,32.9,65.0,88.54326461538307,942,-1.6600335836410522,-0.46777158975601196,2.047060489654541,-1.6740423440933228
1.0,2419.8,2420.15,18643.46875,18653.9375,32.9,30.9,21.0,29.91071428571429,943,-1.6600335836410522,-0.46777158975601196,2.047060489654541,-1.6740423440933228
1.0,2420.15,2421.4,18653.9375,18653.9375,30.9,39.2,75.0,0.0,944,-0.29202011227607727,-1.3963449001312256,1.5275136232376099,-0.6723349690437317
1.0,2421.4,2421.7,18653.9375,18661.0,39.2,38.4,18.0,23.541666666666668,945,-1.6600335836410522,-0.46777158975601196,2.047060489654541,-1.6740423440933228
1.0,2421.9,2422.2833333333333,18661.0,18662.10938,38.4,38.0,23.0,2.894034782613111,946,-1.6600335836410522,-0.46777158975601196,2.047060489654541,-1.6740423440933228
1.0,2422.2833333333333,2422.9,18662.10938,18664.90625,38.0,37.2,37.0,4.53546486486212,947,-1.6600335836410522,-0.46777158975601196,2.047060489654541,-1.6740423440933228
1.0,2422.9,2423.1833333333334,18664.90625,18664.90625,37.2,37.2,17.0,0.0,948,-1.6600335836410522,-0.46777158975601196,2.047060489654541,-1.6740423440933228
1.0,2423.2,2423.3333333333335,18664.90625,18667.42188,37.2,36.4,8.0,18.867225000012695,949,-1.6600335836410522,-0.46777158975601196,2.047060489654541,-1.6740423440933228
1.0,2423.4333333333334,2423.733333333333,18667.42188,18672.8125,36.0,35.2,18.0,17.96873333332769,950,-1.6600335836410522,-0.46777158975601196,2.047060489654541,-1.6740423440933228
1.0,2424.2,2424.233333333333,18672.8125,18673.5,35.2,35.2,2.0,20.625,951,-1.6600335836410522,-0.46777158975601196,2.047060489654541,-1.6740423440933228
1.0,2424.25,2426.0,18673.5,18673.5,35.2,87.4,105.0,0.0,952,-0.29202011227607727,-1.3963449001312256,1.1969027519226074,-0.9354957938194275
1.0,2426.0,2427.0333333333333,18673.5,18772.25,87.4,61.9,62.0,95.56451612903224,953,-1.6600335836410522,-0.46777158975601196,2.047060489654541,-1.6740423440933228
1.0,2440.1,2440.366666666667,18772.25,18787.79688,63.1,59.6,16.0,58.30080000000635,954,-1.6600335836410522,-0.46777158975601196,2.047060489654541,-1.6740423440933228
1.0,2441.733333333333,2441.75,18787.79688,18787.90625,58.4,58.4,1.0,6.562199999898439,955,-1.6600335836410522,-0.46777158975601196,2.047060489654541,-1.6740423440933228
1.0,2441.9166666666665,2442.1666666666665,18787.90625,18802.39063,58.0,54.9,15.0,57.93752000000677,956,-1.6600335836410522,-0.46777158975601196,2.047060489654541,-1.6740423440933228
1.0,2446.8,2446.8333333333335,18802.39063,18803.28125,54.5,54.5,2.0,26.71859999994922,957,-1.6600335836410522,-0.46777158975601196,2.047060489654541,-1.6740423440933228
1.0,2446.983333333333,2447.05,18803.28125,18804.14063,54.1,54.1,4.0,12.89070000002539,958,-1.6600335836410522,-0.46777158975601196,2.047060489654541,-1.6740423440933228
1.0,2447.383333333333,2447.733333333333,18804.14063,18819.64063,54.1,50.1,21.0,44.28571428571429,959,-1.6600335836410522,-0.46777158975601196,2.047060489654541,-1.6740423440933228
1.0,2449.1666666666665,2449.366666666667,18819.64063,18824.75,49.4,48.6,12.0,25.546849999991537,960,-1.6600335836410522,-0.46777158975601196,2.047060489654541,-1.6740423440933228
1.0,2449.366666666667,2450.9,18824.75,18824.75,48.6,96.4,92.0,0.0,961,-0.29202011227607727,-1.3963449001312256,1.1969027519226074,-0.9354957938194275
1.0,2450.9,2451.1666666666665,18824.75,18837.60938,96.4,93.7,16.0,48.22267500000635,962,-1.6600335836410522,-0.46777158975601196,2.047060489654541,-1.6740423440933228
1.0,2451.1666666666665,2464.516666666667,18837.60938,18853.1875,93.7,89.8,801.0,1.1669003745317084,963,-1.6600335836410522,-0.46777158975601196,2.047060489654541,-1.6740423440933228
1.0,2464.516666666667,2464.516666666667,18853.1875,18853.28125,89.8,89.8,0.0,0.0,964,-1.6600335836410522,-0.46777158975601196,2.047060489654541,-1.6740423440933228
1.0,2464.616666666667,2464.75,18853.28125,18858.79688,89.8,88.2,8.0,41.367225000012695,965,-1.6600335836410522,-0.46777158975601196,2.047060489654541,-1.6740423440933228
1.0,2465.133333333333,2465.25,18858.79688,18863.46875,88.2,87.4,7.0,40.04459999998549,966,-1.6600335836410522,-0.46777158975601196,2.047060489654541,-1.6740423440933228
1.0,2465.3,2465.7,18863.46875,18863.46875,87.4,95.6,24.0,0.0,967,-0.29202011227607727,-1.3963449001312256,1.1969027519226074,-0.9354957938194275
1.0,2465.7,2466.75,18863.46875,18948.75,95.6,77.6,63.0,81.22023809523809,968,-1.6600335836410522,-0.46777158975601196,2.047060489654541,-1.6740423440933228
1.0,2467.133333333333,2467.25,18948.75,18951.375,77.2,76.8,7.0,22.5,969,-1.6600335836410522,-0.46777158975601196,2.047060489654541,-1.6740423440933228
1.0,2467.3333333333335,2467.35,18951.375,18951.5625,76.4,76.4,1.0,11.25,970,-1.6600335836410522,-0.46777158975601196,2.047060489654541,-1.6740423440933228
1.0,2467.35,2468.983333333333,18951.5625,18957.04688,76.4,74.1,98.0,3.3577836734704243,971,-1.6600335836410522,-0.46777158975601196,2.047060489654541,-1.6740423440933228
1.0,2468.983333333333,2469.133333333333,18957.04688,18958.60938,74.1,74.1,9.0,10.416666666666668,972,-1.6600335836410522,-0.46777158975601196,2.047060489654541,-1.6740423440933228
1.0,2469.133333333333,2472.1833333333334,18958.60938,18964.10938,74.1,72.9,183.0,1.8032786885245902,973,-1.6600335836410522,-0.46777158975601196,2.047060489654541,-1.6740423440933228
1.0,2472.1833333333334,2473.2833333333333,18964.10938,19013.8125,72.9,62.3,66.0,45.184654545453,974,-1.6600335836410522,-0.46777158975601196,2.047060489654541,-1.6740423440933228
1.0,2473.6666666666665,2474.05,19013.8125,19034.26563,61.9,56.0,23.0,53.35599130435224,975,-1.6600335836410522,-0.46777158975601196,2.047060489654541,-1.6740423440933228
1.0,2484.65,2484.7,19034.26563,19035.78125,54.5,54.1,3.0,30.312399999966146,976,-1.6600335836410522,-0.46777158975601196,2.047060489654541,-1.6740423440933228
1.0,2484.766666666667,2484.9666666666667,19035.78125,19054.82813,53.7,45.8,12.0,95.23440000000846,977,-1.6600335836410522,-0.46777158975601196,2.047060489654541,-1.6740423440933228
1.0,2486.2,2487.7833333333333,19054.82813,19150.54688,45.8,26.2,95.0,60.453947368421055,978,-1.6600335836410522,-0.46777158975601196,2.047060489654541,-1.6740423440933228
1.0,2488.8333333333335,2489.133333333333,19150.54688,19158.32813,25.8,25.0,18.0,25.9375,979,-1.6600335836410522,-0.46777158975601196,2.047060489654541,-1.6740423440933228
1.0,2489.25,2489.35,19158.32813,19160.51563,24.7,24.3,6.0,21.875,980,-1.6600335836410522,-0.46777158975601196,2.047060489654541,-1.6740423440933228
1.0,2489.383333333333,2489.7166666666667,19160.51563,19160.51563,24.3,53.3,20.0,0.0,981,-0.29202011227607727,-1.3963449001312256,1.1969027519226074,-0.9354957938194275
1.0,2489.7166666666667,2489.866666666667,19160.51563,19162.59375,53.3,53.3,9.0,13.85413333332205,982,-1.6600335836410522,-0.46777158975601196,2.047060489654541,-1.6740423440933228
1.0,2489.9,2492.65,19162.59375,19162.60938,53.3,78.4,165.0,0.005683636364251884,983,-0.29202011227607727,-1.3963449001312256,1.5275136232376099,-0.6723349690437317
1.0,2492.65,2492.95,19162.60938,19168.89063,78.4,75.2,18.0,20.9375,984,-1.6600335836410522,-0.46777158975601196,2.047060489654541,-1.6740423440933228
1.0,2494.4166666666665,2494.7833333333333,19168.89063,19175.76563,72.1,70.9,22.0,18.75,985,-1.6600335836410522,-0.46777158975601196,2.047060489654541,-1.6740423440933228
1.0,2494.8333333333335,2496.8166666666666,19175.76563,19175.76563,70.1,90.1,119.0,0.0,986,-0.29202011227607727,-1.3963449001312256,1.5275136232376099,-0.6723349690437317
1.0,2496.8166666666666,2498.4666666666667,19175.76563,19242.625,90.1,74.9,99.0,40.52083030302928,987,-1.6600335836410522,-0.46777158975601196,2.047060489654541,-1.6740423440933228
1.0,2498.4666666666667,2498.5833333333335,19242.625,19245.01563,74.9,74.5,7.0,20.491114285728795,988,-1.6600335836410522,-0.46777158975601196,2.047060489654541,-1.6740423440933228
1.0,2510.4166666666665,2510.4333333333334,19245.01563,19245.40625,73.7,73.7,1.0,23.43719999989844,989,-1.6600335836410522,-0.46777158975601196,2.047060489654541,-1.6740423440933228
1.0,2510.4333333333334,2510.516666666667,19245.40625,19245.59375,73.7,73.7,5.0,2.25,990,-1.6600335836410522,-0.46777158975601196,2.047060489654541,-1.6740423440933228
1.0,2510.516666666667,2510.5333333333333,19245.59375,19245.96875,73.7,73.7,1.0,22.5,991,-1.6600335836410522,-0.46777158975601196,2.047060489654541,-1.6740423440933228
1.0,2510.8166666666666,2510.8333333333335,19245.96875,19246.21875,73.3,73.3,1.0,15.0,992,-1.6600335836410522,-0.46777158975601196,2.047060489654541,-1.6740423440933228
1.0,2512.4666666666667,2512.733333333333,19246.21875,19266.64063,73.3,68.2,16.0,76.58205000000635,993,-1.6600335836410522,-0.46777158975601196,2.047060489654541,-1.6740423440933228
1.0,2512.8333333333335,2512.85,19266.64063,19266.78125,68.2,68.2,1.0,8.43719999989844,994,-1.6600335836410522,-0.46777158975601196,2.047060489654541,-1.6740423440933228
1.0,2514.233333333333,2514.616666666667,19266.78125,19288.10938,68.2,63.1,23.0,55.63860000000441,995,-1.6600335836410522,-0.46777158975601196,2.047060489654541,-1.6740423440933228
1.0,2514.616666666667,2515.75,19288.10938,19288.15625,63.1,62.3,68.0,0.04135588235144764,996,-1.6600335836410522,-0.46777158975601196,2.047060489654541,-1.6740423440933228
1.0,2515.75,2516.9333333333334,19288.15625,19350.93197,62.3,46.6,71.0,53.049904225353345,997,-1.6600335836410522,-0.46777158975601196,2.047060489654541,-1.6740423440933228
1.0,2516.9333333333334,2517.3333333333335,19350.93197,19350.93197,46.6,69.4,24.0,0.0,998,-0.29202011227607727,-1.3963449001312256,1.1969027519226074,-0.9354957938194275
1.0,2517.3333333333335,2517.65,19350.93197,19367.96875,69.4,68.2,19.0,53.800357894732244,999,-1.6600335836410522,-0.46777158975601196,2.047060489654541,-1.6740423440933228
1.0,2519.1,2519.4666666666667,19367.96875,19373.53125,68.6,67.8,22.0,15.170454545454547,1000,-1.6600335836410522,-0.46777158975601196,2.047060489654541,-1.6740423440933228
1.0,2520.8333333333335,2521.9666666666667,19373.53125,19438.28125,67.0,53.7,68.0,57.13235294117647,1001,-1.6600335836410522,-0.46777158975601196,2.047060489654541,-1.6740423440933228
1.0,2522.3166666666666,2522.4666666666667,19438.28125,19442.375,53.3,52.1,9.0,27.291666666666668,1002,-1.6600335836410522,-0.46777158975601196,2.047060489654541,-1.6740423440933228
1.0,2532.5333333333333,2532.616666666667,19442.375,19442.375,50.5,50.5,5.0,0.0,1003,-1.6600335836410522,-0.46777158975601196,2.047060489654541,-1.6740423440933228
1.0,2536.483333333333,2536.7833333333333,19442.375,19463.03125,50.5,43.9,18.0,68.85416666666667,1004,-1.6600335836410522,-0.46777158975601196,2.047060489654541,-1.6740423440933228
1.0,2538.2833333333333,2538.5333333333333,19463.03125,19466.60938,44.3,43.9,15.0,14.31252000000677,1005,-1.6600335836410522,-0.46777158975601196,2.047060489654541,-1.6740423440933228
1.0,2539.0,2539.7,19466.60938,19466.60938,43.1,48.2,42.0,0.0,1006,-0.29202011227607727,-1.3963449001312256,1.5275136232376099,-0.6723349690437317
1.0,2539.7,2539.7,19466.60938,19467.75,48.2,48.2,0.0,0.0,1007,-1.6600335836410522,-0.46777158975601196,2.047060489654541,-1.6740423440933228
1.0,2539.7,2539.7166666666667,19467.75,19467.78125,48.2,48.2,1.0,1.875,1008,-1.6600335836410522,-0.46777158975601196,2.047060489654541,-1.6740423440933228
1.0,2539.733333333333,2540.3,19467.78125,19467.78125,48.2,74.9,34.0,0.0,1009,-0.29202011227607727,-1.3963449001312256,1.1969027519226074,-0.9354957938194275
1.0,2540.3,2540.766666666667,19467.78125,19489.5,74.9,69.8,28.0,46.54017857142857,1010,-1.6600335836410522,-0.46777158975601196,2.047060489654541,-1.6740423440933228
1.0,2542.3166666666666,2542.75,19489.5,19514.84375,70.5,66.2,26.0,58.48557692307692,1011,-1.6600335836410522,-0.46777158975601196,2.047060489654541,-1.6740423440933228
1.0,2542.9333333333334,2543.05,19514.84375,19518.29688,65.4,65.0,7.0,29.598257142871653,1012,-1.6600335836410522,-0.46777158975601196,2.047060489654541,-1.6740423440933228
1.0,2545.0,2545.016666666667,19518.29688,19518.3125,64.3,64.3,1.0,0.9371999998984393,1013,-1.6600335836410522,-0.46777158975601196,2.047060489654541,-1.6740423440933228
1.0,2546.516666666667,2547.116666666667,19518.3125,19552.76563,64.3,57.2,36.0,57.421883333336154,1014,-1.6600335836410522,-0.46777158975601196,2.047060489654541,-1.6740423440933228
1.0,2547.116666666667,2547.65,19552.76563,19552.76563,57.2,80.3,32.0,0.0,1015,-0.29202011227607727,-1.3963449001312256,1.1969027519226074,-0.9354957938194275
1.0,2547.65,2547.7833333333333,19552.76563,19553.89063,80.3,80.3,8.0,8.4375,1016,-1.6600335836410522,-0.46777158975601196,2.047060489654541,-1.6740423440933228
1.0,2550.75,2550.8166666666666,19553.89063,19554.34375,80.0,80.0,4.0,6.79679999997461,1017,-1.6600335836410522,-0.46777158975601196,2.047060489654541,-1.6740423440933228
1.0,2550.85,2551.5666666666666,19554.34375,19593.9375,80.0,69.8,43.0,55.247093023255815,1018,-1.6600335836410522,-0.46777158975601196,2.047060489654541,-1.6740423440933228
1.0,2557.6666666666665,2557.883333333333,19593.95313,19608.8125,69.8,64.7,13.0,68.58170769229987,1019,-1.6600335836410522,-0.46777158975601196,2.047060489654541,-1.6740423440933228
1.0,2559.2,2560.0666666666666,19608.8125,19698.25,64.7,40.0,52.0,103.19711538461539,1020,-1.6600335836410522,-0.46777158975601196,2.047060489654541,-1.6740423440933228
1.0,2561.9,2562.15,19698.25,19712.14903,40.3,39.2,15.0,55.596120000001974,1021,-1.6600335836410522,-0.46777158975601196,2.047060489654541,-1.6740423440933228
1.0,2562.15,2562.4,19712.14903,19712.14903,39.2,58.8,15.0,0.0,1022,-0.29202011227607727,-1.3963449001312256,1.1969027519226074,-0.9354957938194275
1.0,2562.4,2562.9666666666667,19712.14903,19742.55035,58.8,52.1,34.0,53.64938823529562,1023,-1.6600335836410522,-0.46777158975601196,2.047060489654541,-1.6740423440933228
1.0,2562.9666666666667,2563.55,19742.55035,19742.55035,52.1,80.3,35.0,0.0,1024,-0.29202011227607727,-1.3963449001312256,1.1969027519226074,-0.9354957938194275
1.0,2563.55,2564.383333333333,19742.55035,19787.35938,80.3,65.4,50.0,53.770836000000415,1025,-1.6600335836410522,-0.46777158975601196,2.047060489654541,-1.6740423440933228
1.0,2564.9333333333334,2567.1833333333334,19787.35938,19966.34375,65.0,18.4,135.0,79.54860888888814,1026,-1.6600335836410522,-0.46777158975601196,2.047060489654541,-1.6740423440933228
1.0,2596.616666666667,2596.7166666666667,19966.34375,19969.07813,18.4,18.4,6.0,27.343800000016927,1027,-1.6600335836410522,-0.46777158975601196,2.047060489654541,-1.6740423440933228
1.0,2596.75,2597.8333333333335,19969.07813,19969.07813,18.4,80.0,65.0,0.0,1028,-0.29202011227607727,-1.3963449001312256,2.047060489654541,-1.6740423440933228
1.0,2597.8333333333335,2597.95,19969.07813,19970.125,80.0,80.0,7.0,8.97317142855692,1029,-1.6600335836410522,-0.46777158975601196,2.047060489654541,-1.6740423440933228
1.0,2598.016666666667,2598.1666666666665,19970.125,19973.59375,79.6,79.2,9.0,23.125,1030,-1.6600335836410522,-0.46777158975601196,2.047060489654541,-1.6740423440933228
1.0,2598.1666666666665,2609.766666666667,19973.59375,20153.15625,79.2,26.2,696.0,15.479525862068966,1031,-1.6600335836410522,-0.46777158975601196,2.047060489654541,-1.6740423440933228
1.0,2609.766666666667,2610.35,20153.15625,20164.73438,26.2,24.3,35.0,19.848222857145757,1032,-1.6600335836410522,-0.46777158975601196,2.047060489654541,-1.6740423440933228
1.0,2610.35,2611.5666666666666,20164.73438,20164.73438,24.3,78.4,73.0,0.0,1033,-0.29202011227607727,-1.3963449001312256,1.1969027519226074,-0.9354957938194275
1.0,2611.5666666666666,2612.8166666666666,20164.73438,20250.04688,78.4,62.3,75.0,68.25,1034,-1.6600335836410522,-0.46777158975601196,2.047060489654541,-1.6740423440933228
1.0,2614.05,2614.4,20250.04688,20255.26563,60.3,59.2,21.0,14.910714285714286,1035,-1.6600335836410522,-0.46777158975601196,2.047060489654541,-1.6740423440933228
1.0,2614.5666666666666,2616.85,20255.26563,20352.10938,58.8,37.2,137.0,42.41332116788321,1036,-1.6600335836410522,-0.46777158975601196,2.047060489654541,-1.6740423440933228
1.0,2617.016666666667,2617.0333333333333,20352.125,20352.125,37.2,37.2,1.0,0.0,1037,-1.6600335836410522,-0.46777158975601196,2.047060489654541,-1.6740423440933228
1.0,2637.233333333333,2637.483333333333,20352.125,20366.32813,36.0,32.1,15.0,56.81252000000677,1038,-1.6600335836410522,-0.46777158975601196,2.047060489654541,-1.6740423440933228
1.0,2637.6666666666665,2638.0,20366.32813,20369.78125,32.5,31.7,20.0,10.359359999994922,1039,-1.6600335836410522,-0.46777158975601196,2.047060489654541,-1.6740423440933228
1.0,2638.016666666667,2639.8166666666666,20369.78125,20369.78125,31.7,46.6,108.0,0.0,1040,-0.29202011227607727,-1.3963449001312256,1.5275136232376099,-0.6723349690437317
1.0,2639.8166666666666,2640.1833333333334,20369.78125,20388.46875,46.6,43.9,22.0,50.96590909090909,1041,-1.6600335836410522,-0.46777158975601196,2.047060489654541,-1.6740423440933228
1.0,2640.55,2640.733333333333,20388.46875,20394.23438,43.9,42.7,11.0,31.448890909100143,1042,-1.6600335836410522,-0.46777158975601196,2.047060489654541,-1.6740423440933228
1.0,2640.7833333333333,2641.8166666666666,20394.23438,20394.23438,42.7,86.6,62.0,0.0,1043,-0.29202011227607727,-1.3963449001312256,2.047060489654541,-1.6740423440933228
1.0,2641.8166666666666,2641.8333333333335,20394.23438,20394.28125,86.6,86.6,1.0,2.8121999998984393,1044,-1.6600335836410522,-0.46777158975601196,2.047060489654541,-1.6740423440933228
1.0,2641.8333333333335,2641.95,20394.28125,20397.65625,86.6,86.6,7.0,28.928571428571427,1045,-1.6600335836410522,-0.46777158975601196,2.047060489654541,-1.6740423440933228
1.0,2643.55,2643.766666666667,20397.65625,20405.28125,85.8,83.9,13.0,35.19230769230769,1046,-1.6600335836410522,-0.46777158975601196,2.047060489654541,-1.6740423440933228
1.0,2643.766666666667,2652.6833333333334,20405.28125,20415.875,83.9,80.7,535.0,1.1880841121495327,1047,-1.6600335836410522,-0.46777158975601196,2.047060489654541,-1.6740423440933228
1.0,2652.6833333333334,2652.883333333333,20415.875,20415.875,80.7,80.7,12.0,0.0,1048,-1.6600335836410522,-0.46777158975601196,2.047060489654541,-1.6740423440933228
1.0,2654.233333333333,2654.616666666667,20415.875,20428.96875,80.7,77.2,23.0,34.15760869565217,1049,-1.6600335836410522,-0.46777158975601196,2.047060489654541,-1.6740423440933228
1.0,2656.0833333333335,2660.2166666666667,20513.45313,20513.45313,74.9,82.3,248.0,0.0,1050,-0.29202011227607727,-1.3963449001312256,1.1969027519226074,-0.9354957938194275
1.0,2660.2166666666667,2660.4666666666667,20513.45313,20515.46875,82.3,81.9,15.0,8.06247999999323,1051,-1.6600335836410522,-0.46777158975601196,2.047060489654541,-1.6740423440933228
1.0,2660.4666666666667,2660.65,20515.46875,20519.03125,81.9,81.5,11.0,19.431818181818183,1052,-1.6600335836410522,-0.46777158975601196,2.047060489654541,-1.6740423440933228
1.0,2663.366666666667,2663.65,20519.03125,20524.14063,81.1,80.7,17.0,18.033105882358917,1053,-1.6600335836410522,-0.46777158975601196,2.047060489654541,-1.6740423440933228
1.0,2665.766666666667,2665.9333333333334,20524.14063,20527.25,80.3,79.6,10.0,18.656219999989844,1054,-1.6600335836410522,-0.46777158975601196,2.047060489654541,-1.6740423440933228
1.0,2666.3,2666.616666666667,20527.25,20533.23438,79.6,78.0,19.0,18.898042105268505,1055,-1.6600335836410522,-0.46777158975601196,2.047060489654541,-1.6740423440933228
1.0,2679.0833333333335,2679.133333333333,20533.23438,20534.04688,77.6,77.6,3.0,16.25,1056,-1.6600335836410522,-0.46777158975601196,2.047060489654541,-1.6740423440933228
1.0,2679.35,2679.4666666666667,20534.04688,20536.0,77.6,77.6,7.0,16.741028571414063,1057,-1.6600335836410522,-0.46777158975601196,2.047060489654541,-1.6740423440933228
1.0,2679.4666666666667,2687.4166666666665,20536.0,20616.39063,77.6,58.4,477.0,10.112028930817823,1058,-1.6600335836410522,-0.46777158975601196,2.047060489654541,-1.6740423440933228
1.0,2687.4166666666665,2687.983333333333,20616.39063,20639.39063,58.4,55.2,34.0,40.588235294117645,1059,-1.6600335836410522,-0.46777158975601196,2.047060489654541,-1.6740423440933228
1.0,2687.983333333333,2706.2,20639.39063,20654.71875,55.2,50.1,1093.0,0.8414338517839877,1060,-1.6600335836410522,-0.46777158975601196,2.047060489654541,-1.6740423440933228
2.0,3822.4166666666665,3823.45,12369.95313,12415.85938,87.8,76.4,62.0,44.42540322580645,1061,-1.6600335836410522,-0.46777158975601196,2.047060489654541,-1.6740423440933228
2.0,3823.4666666666667,3832.6,12415.85938,12415.85938,76.4,87.0,548.0,0.0,1062,-0.29202011227607727,-1.3963449001312256,1.6389106512069702,0.6988608241081238
2.0,3832.6,3833.2166666666667,12415.85938,12426.65625,87.0,85.0,37.0,17.50843783783804,1063,-1.6600335836410522,-0.46777158975601196,2.047060489654541,-1.6740423440933228
2.0,3833.25,3834.7833333333333,12426.65625,12511.14063,85.0,68.6,92.0,55.098508695652086,1064,-1.6600335836410522,-0.46777158975601196,2.047060489654541,-1.6740423440933228
2.0,3835.2833333333333,3838.3,12511.14063,12652.95313,68.2,42.3,181.0,47.00966850828729,1065,-1.6600335836410522,-0.46777158975601196,2.047060489654541,-1.6740423440933228
2.0,3838.3166666666666,3841.1833333333334,12652.95313,12652.95313,42.3,45.0,172.0,0.0,1066,-0.29202011227607727,-1.3963449001312256,1.6389106512069702,0.6988608241081238
2.0,3841.1833333333334,3842.7,12652.95313,12708.5625,45.0,35.6,91.0,36.665518681318765,1067,-1.6600335836410522,-0.46777158975601196,2.047060489654541,-1.6740423440933228
2.0,3842.7166666666667,3843.2166666666667,12708.5625,12708.5625,35.6,67.0,30.0,0.0,1068,-0.29202011227607727,-1.3963449001312256,1.1969027519226074,-0.9354957938194275
2.0,3843.2166666666667,3843.8166666666666,12708.5625,12734.0,67.0,62.3,36.0,42.395833333333336,1069,-1.6600335836410522,-0.46777158975601196,2.047060489654541,-1.6740423440933228
2.0,3843.8166666666666,3860.1666666666665,12734.0,12734.0,62.3,81.5,981.0,0.0,1070,-0.29202011227607727,-1.3963449001312256,1.6389106512069702,0.6988608241081238
2.0,3860.1666666666665,3862.7833333333333,12734.0,12823.29688,81.5,65.4,157.0,34.1261961783439,1071,-1.6600335836410522,-0.46777158975601196,2.047060489654541,-1.6740423440933228
2.0,3862.8,3863.35,12823.29688,12823.29688,65.4,83.1,33.0,0.0,1072,-0.29202011227607727,-1.3963449001312256,2.047060489654541,-1.6740423440933228
2.0,3863.35,3866.633333333333,12823.29688,12943.01563,83.1,61.1,197.0,36.46256345177665,1073,-1.6600335836410522,-0.46777158975601196,2.047060489654541,-1.6740423440933228
2.0,3866.9,3869.116666666667,12943.01563,13036.5,61.1,41.9,133.0,42.17340000000006,1074,-1.6600335836410522,-0.46777158975601196,2.047060489654541,-1.6740423440933228
2.0,3869.25,3871.0,13036.5,13116.875,41.9,26.2,105.0,45.92857142857143,1075,-1.6600335836410522,-0.46777158975601196,2.047060489654541,-1.6740423440933228
2.0,3871.016666666667,3872.0333333333333,13116.875,13116.875,26.2,77.2,61.0,0.0,1076,-0.29202011227607727,-1.3963449001312256,1.1969027519226074,-0.9354957938194275
2.0,3872.0333333333333,3872.266666666667,13116.875,13125.89063,77.2,75.6,14.0,38.63841428571374,1077,-1.6600335836410522,-0.46777158975601196,2.047060489654541,-1.6740423440933228
2.0,3872.2833333333333,3885.8333333333335,13125.89063,13125.89063,75.6,92.1,813.0,0.0,1078,-0.29202011227607727,-1.3963449001312256,1.6389106512069702,0.6988608241081238
2.0,3885.8333333333335,3887.633333333333,13125.89063,13191.4375,92.1,80.0,108.0,36.41492777777785,1079,-1.6600335836410522,-0.46777158975601196,2.047060489654541,-1.6740423440933228
2.0,3887.6666666666665,3887.7833333333333,13191.4375,13194.0,80.0,78.8,7.0,21.964285714285715,1080,-1.6600335836410522,-0.46777158975601196,2.047060489654541,-1.6740423440933228
2.0,3887.95,3891.8,13194.0,13388.90625,78.8,38.0,231.0,50.625,1081,-1.6600335836410522,-0.46777158975601196,2.047060489654541,-1.6740423440933228
2.0,3891.95,3893.7166666666667,13388.90625,13479.03125,38.0,14.5,106.0,51.01415094339623,1082,-1.6600335836410522,-0.46777158975601196,2.047060489654541,-1.6740423440933228
2.0,3893.733333333333,3894.75,13479.03125,13479.03125,14.5,64.3,61.0,0.0,1083,-0.29202011227607727,-1.3963449001312256,1.1969027519226074,-0.9354957938194275
2.0,3894.75,3894.983333333333,13479.03125,13488.0625,64.3,61.9,14.0,38.70535714285714,1084,-1.6600335836410522,-0.46777158975601196,2.047060489654541,-1.6740423440933228
2.0,3895.0,3904.983333333333,13488.0625,13488.0625,61.9,73.7,599.0,0.0,1085,-0.29202011227607727,-1.3963449001312256,1.6389106512069702,0.6988608241081238
2.0,3904.983333333333,3905.0,13488.0625,13488.35938,73.7,73.7,1.0,17.81279999999242,1086,-1.6600335836410522,-0.46777158975601196,2.047060489654541,-1.6740423440933228
2.0,3905.7166666666667,3905.9166666666665,13488.35938,13491.59375,73.3,72.1,12.0,16.17185000000063,1087,-1.6600335836410522,-0.46777158975601196,2.047060489654541,-1.6740423440933228
2.0,3906.2,3907.75,13491.59375,13542.04688,72.1,62.7,93.0,32.55040645161282,1088,-1.6600335836410522,-0.46777158975601196,2.047060489654541,-1.6740423440933228
2.0,3908.65,3908.95,13542.04688,13550.42188,62.7,60.3,18.0,27.916666666666668,1089,-1.6600335836410522,-0.46777158975601196,2.047060489654541,-1.6740423440933228
2.0,3909.266666666667,3911.5833333333335,13550.42188,13633.48438,60.0,42.3,139.0,35.85431654676259,1090,-1.6600335836410522,-0.46777158975601196,2.047060489654541,-1.6740423440933228
2.0,3911.6,3912.116666666667,13633.48438,13633.48438,42.3,70.5,31.0,0.0,1091,-0.29202011227607727,-1.3963449001312256,1.1969027519226074,-0.9354957938194275
2.0,3912.116666666667,3915.15,13633.48438,13791.8125,70.5,35.2,182.0,52.19608351648356,1092,-1.6600335836410522,-0.46777158975601196,2.047060489654541,-1.6740423440933228
2.0,3915.15,3916.9166666666665,13791.8125,13791.8125,35.2,37.2,106.0,0.0,1093,-0.29202011227607727,-1.3963449001312256,1.6389106512069702,0.6988608241081238
2.0,3916.9166666666665,3917.15,13791.8125,13800.59375,37.2,36.0,14.0,37.63392857142857,1094,-1.6600335836410522,-0.46777158975601196,2.047060489654541,-1.6740423440933228
2.0,3917.2,3917.5833333333335,13800.59375,13800.59375,36.0,54.5,23.0,0.0,1095,-0.29202011227607727,-1.3963449001312256,1.1969027519226074,-0.9354957938194275
2.0,3917.5833333333335,3917.8,13800.59375,13808.875,54.5,52.1,13.0,38.22115384615385,1096,-1.6600335836410522,-0.46777158975601196,2.047060489654541,-1.6740423440933228
2.0,3917.8166666666666,3925.55,13808.875,13808.875,52.1,61.9,464.0,0.0,1097,-0.29202011227607727,-1.3963449001312256,1.6389106512069702,0.6988608241081238
2.0,3925.55,3927.45,13808.875,13912.0625,61.9,42.3,114.0,54.309210526315795,1098,-1.6600335836410522,-0.46777158975601196,2.047060489654541,-1.6740423440933228
2.0,3927.4666666666667,3927.983333333333,13912.0625,13912.0625,42.3,70.5,31.0,0.0,1099,-0.29202011227607727,-1.3963449001312256,2.047060489654541,-1.6740423440933228
2.0,3927.983333333333,3929.0333333333333,13912.0625,13944.01563,70.5,64.3,63.0,30.431552380952258,1100,-1.6600335836410522,-0.46777158975601196,2.047060489654541,-1.6740423440933228
2.0,3929.0333333333333,3934.0666666666666,13944.01563,13944.01563,64.3,70.1,302.0,0.0,1101,-0.29202011227607727,-1.3963449001312256,1.6389106512069702,0.6988608241081238
2.0,3934.0666666666666,3934.383333333333,13944.01563,13953.14063,70.1,69.0,19.0,28.815789473684212,1102,-1.6600335836410522,-0.46777158975601196,2.047060489654541,-1.6740423440933228
2.0,3934.8333333333335,3935.1,13953.14063,13962.625,69.0,67.4,16.0,35.566387500000474,1103,-1.6600335836410522,-0.46777158975601196,2.047060489654541,-1.6740423440933228
2.0,3935.1,3935.2833333333333,13962.625,13967.69957,67.4,67.0,11.0,27.67947272727642,1104,-1.6600335836410522,-0.46777158975601196,2.047060489654541,-1.6740423440933228
2.0,3935.2833333333333,3935.516666666667,13967.69957,13967.69957,67.0,67.4,14.0,0.0,1105,-0.29202011227607727,-1.3963449001312256,1.6389106512069702,0.6988608241081238
2.0,3935.516666666667,3937.3,13967.69957,14014.04688,67.4,58.8,107.0,25.989145794392073,1106,-1.6600335836410522,-0.46777158975601196,2.047060489654541,-1.6740423440933228
2.0,3937.3166666666666,3937.5666666666666,14014.04688,14015.78125,58.8,58.4,15.0,6.937480000000505,1107,-1.6600335836410522,-0.46777158975601196,2.047060489654541,-1.6740423440933228
2.0,3937.5666666666666,3937.8,14015.78125,14023.23438,58.4,56.8,14.0,31.941985714285174,1108,-1.6600335836410522,-0.46777158975601196,2.047060489654541,-1.6740423440933228
2.0,3937.866666666667,3940.2166666666667,14023.23438,14119.625,56.8,37.2,141.0,41.01728510638303,1109,-1.6600335836410522,-0.46777158975601196,2.047060489654541,-1.6740423440933228
2.0,3940.233333333333,3949.5333333333333,14119.625,14119.625,37.2,49.0,558.0,0.0,1110,-0.29202011227607727,-1.3963449001312256,1.6389106512069702,0.6988608241081238
2.0,3949.5333333333333,3949.8166666666666,14119.625,14129.34375,49.0,47.8,17.0,34.3014705882353,1111,-1.6600335836410522,-0.46777158975601196,2.047060489654541,-1.6740423440933228
2.0,3949.85,3951.25,14129.34375,14175.92188,47.8,39.2,84.0,33.27009285714277,1112,-1.6600335836410522,-0.46777158975601196,2.047060489654541,-1.6740423440933228
2.0,3951.25,3954.05,14175.92188,14175.92188,39.2,42.3,168.0,0.0,1113,-0.29202011227607727,-1.3963449001312256,1.6389106512069702,0.6988608241081238
2.0,3954.05,3954.7,14175.92188,14213.375,42.3,35.6,39.0,57.62018461538481,1114,-1.6600335836410522,-0.46777158975601196,2.047060489654541,-1.6740423440933228
2.0,3954.766666666667,3955.3166666666666,14213.375,14241.29688,35.2,29.8,33.0,50.767054545454315,1115,-1.6600335836410522,-0.46777158975601196,2.047060489654541,-1.6740423440933228
2.0,3955.516666666667,3956.0,14241.29688,14262.07813,29.8,27.0,29.0,42.99568965517241,1116,-1.6600335836410522,-0.46777158975601196,2.047060489654541,-1.6740423440933228
2.0,3956.05,3956.733333333333,14262.07813,14291.57813,27.0,20.7,41.0,43.170731707317074,1117,-1.6600335836410522,-0.46777158975601196,2.047060489654541,-1.6740423440933228
2.0,3957.15,3957.35,14291.57813,14297.70313,20.7,20.3,12.0,30.625,1118,-1.6600335836410522,-0.46777158975601196,2.047060489654541,-1.6740423440933228
2.0,3957.4666666666667,3957.9,14297.70313,14297.70313,20.3,33.3,26.0,0.0,1119,-0.29202011227607727,-1.3963449001312256,2.047060489654541,-1.6740423440933228
2.0,3957.9,3958.1833333333334,14297.70313,14308.9375,33.3,31.7,17.0,39.65071764705927,1120,-1.6600335836410522,-0.46777158975601196,2.047060489654541,-1.6740423440933228
2.0,3958.6833333333334,3959.35,14308.9375,14327.26563,31.7,29.0,40.0,27.49219499999981,1121,-1.6600335836410522,-0.46777158975601196,2.047060489654541,-1.6740423440933228
2.0,3959.366666666667,3962.1666666666665,14327.26563,14327.26563,29.0,54.1,168.0,0.0,1122,-0.29202011227607727,-1.3963449001312256,1.5275136232376099,-0.6723349690437317
2.0,3962.1666666666665,3962.1833333333334,14327.26563,14327.48438,54.1,54.1,1.0,13.125,1123,-1.6600335836410522,-0.46777158975601196,2.047060489654541,-1.6740423440933228
2.0,3964.4666666666667,3964.7166666666667,14327.48438,14339.98438,52.1,49.4,15.0,50.0,1124,-1.6600335836410522,-0.46777158975601196,2.047060489654541,-1.6740423440933228
2.0,3964.7166666666667,3971.5,14339.98438,14339.98438,49.4,57.2,407.0,0.0,1125,-0.29202011227607727,-1.3963449001312256,1.6389106512069702,0.6988608241081238
2.0,3971.5,3974.35,14339.98438,14477.5625,57.2,26.6,171.0,48.27302456140355,1126,-1.6600335836410522,-0.46777158975601196,2.047060489654541,-1.6740423440933228
2.0,3974.4,3974.65,14477.5625,14487.0,26.6,24.7,15.0,37.75,1127,-1.6600335836410522,-0.46777158975601196,2.047060489654541,-1.6740423440933228
2.0,3974.6666666666665,3975.6833333333334,14487.0,14487.0,24.7,77.6,61.0,0.0,1128,-0.29202011227607727,-1.3963449001312256,1.1969027519226074,-0.9354957938194275
2.0,3975.6833333333334,3976.366666666667,14487.0,14506.75,77.6,73.7,41.0,28.902439024390244,1129,-1.6600335836410522,-0.46777158975601196,2.047060489654541,-1.6740423440933228
2.0,3976.383333333333,3977.45,14506.75,14546.23438,73.7,66.2,64.0,37.01660624999988,1130,-1.6600335836410522,-0.46777158975601196,2.047060489654541,-1.6740423440933228
2.0,3977.616666666667,3979.7,14546.23438,14644.32813,65.8,47.0,125.0,47.084999999999994,1131,-1.6600335836410522,-0.46777158975601196,2.047060489654541,-1.6740423440933228
2.0,3979.7166666666667,3981.0833333333335,14644.32813,14644.32813,47.0,48.2,82.0,0.0,1132,-0.29202011227607727,-1.3963449001312256,1.6389106512069702,0.6988608241081238
2.0,3981.0833333333335,3981.616666666667,14644.32813,14659.70313,48.2,46.2,32.0,28.828125,1133,-1.6600335836410522,-0.46777158975601196,2.047060489654541,-1.6740423440933228
2.0,3981.9666666666667,3982.1,14659.70313,14664.35938,45.4,45.4,8.0,34.921875,1134,-1.6600335836410522,-0.46777158975601196,2.047060489654541,-1.6740423440933228
2.0,3982.7,3982.7833333333333,14664.35938,14665.07813,44.7,44.7,5.0,8.625,1135,-1.6600335836410522,-0.46777158975601196,2.047060489654541,-1.6740423440933228
2.0,3983.0,3983.3166666666666,14665.07813,14677.17188,44.7,41.5,19.0,38.19078947368421,1136,-1.6600335836410522,-0.46777158975601196,2.047060489654541,-1.6740423440933228
2.0,3983.366666666667,3984.116666666667,14677.17188,14677.17188,41.5,42.3,45.0,0.0,1137,-0.29202011227607727,-1.3963449001312256,1.6389106512069702,0.6988608241081238
2.0,3984.116666666667,3984.4,14677.17188,14687.3125,42.3,40.7,17.0,35.79042352941221,1138,-1.6600335836410522,-0.46777158975601196,2.047060489654541,-1.6740423440933228
2.0,3984.65,3984.7833333333333,14687.3125,14691.14063,40.7,40.3,8.0,28.710974999999053,1139,-1.6600335836410522,-0.46777158975601196,2.047060489654541,-1.6740423440933228
2.0,3986.4166666666665,3986.6666666666665,14691.14063,14703.10938,37.6,34.9,15.0,47.875,1140,-1.6600335836410522,-0.46777158975601196,2.047060489654541,-1.6740423440933228
2.0,3987.016666666667,3987.1833333333334,14703.10938,14706.57813,34.9,34.9,10.0,20.8125,1141,-1.6600335836410522,-0.46777158975601196,2.047060489654541,-1.6740423440933228
2.0,3987.1833333333334,3987.233333333333,14706.57813,14708.89367,34.9,34.5,3.0,46.310799999992014,1142,-1.6600335836410522,-0.46777158975601196,2.047060489654541,-1.6740423440933228
2.0,3987.233333333333,3997.45,14708.89367,14708.89367,34.5,47.0,613.0,0.0,1143,-0.29202011227607727,-1.3963449001312256,1.6389106512069702,0.6988608241081238
2.0,3997.45,3999.5666666666666,14708.89367,14813.42188,47.0,29.0,127.0,49.38340629921279,1144,-1.6600335836410522,-0.46777158975601196,2.047060489654541,-1.6740423440933228
2.0,3999.9,4001.8166666666666,14813.42188,14888.51563,28.6,15.2,115.0,39.17934782608695,1145,-1.6600335836410522,-0.46777158975601196,2.047060489654541,-1.6740423440933228
2.0,4001.8166666666666,4001.983333333333,14888.51563,14888.51563,15.2,16.0,10.0,0.0,1146,-0.29202011227607727,-1.3963449001312256,1.5275136232376099,-0.6723349690437317
2.0,4001.983333333333,4002.016666666667,14888.51563,14888.875,16.0,16.0,2.0,10.78110000000379,1147,-1.6600335836410522,-0.46777158975601196,2.047060489654541,-1.6740423440933228
2.0,4002.0333333333333,4002.5666666666666,14888.875,14888.875,16.0,49.0,32.0,0.0,1148,-0.29202011227607727,-1.3963449001312256,1.1969027519226074,-0.9354957938194275
2.0,4002.5666666666666,4003.4,14888.875,14918.67188,49.0,43.9,50.0,35.756255999999844,1149,-1.6600335836410522,-0.46777158975601196,2.047060489654541,-1.6740423440933228
2.0,4004.116666666667,4005.0333333333333,14918.67188,14950.23438,43.9,38.8,55.0,34.43181818181818,1150,-1.6600335836410522,-0.46777158975601196,2.047060489654541,-1.6740423440933228
2.0,4005.05,4005.383333333333,14950.23438,14950.23438,38.8,39.6,20.0,0.0,1151,-0.29202011227607727,-1.3963449001312256,1.5275136232376099,-0.6723349690437317
2.0,4005.383333333333,4006.1833333333334,14950.23438,14982.4375,39.6,34.1,48.0,40.25390000000016,1152,-1.6600335836410522,-0.46777158975601196,2.047060489654541,-1.6740423440933228
2.0,4006.5,4006.9166666666665,14982.4375,14994.29688,34.1,32.5,25.0,28.462511999999695,1153,-1.6600335836410522,-0.46777158975601196,2.047060489654541,-1.6740423440933228
2.0,4006.9333333333334,4008.766666666667,14994.29688,14994.29688,32.5,48.6,110.0,0.0,1154,-0.29202011227607727,-1.3963449001312256,1.5275136232376099,-0.6723349690437317
2.0,4008.766666666667,4008.7833333333333,14994.29688,14994.51563,48.6,48.6,1.0,13.125,1155,-1.6600335836410522,-0.46777158975601196,2.047060489654541,-1.6740423440933228
2.0,4015.25,4015.516666666667,14994.53125,15007.04688,46.2,44.3,16.0,46.933612499999526,1156,-1.6600335836410522,-0.46777158975601196,2.047060489654541,-1.6740423440933228
2.0,4015.516666666667,4021.5333333333333,15007.04688,15007.04688,44.3,50.9,361.0,0.0,1157,-0.29202011227607727,-1.3963449001312256,1.6389106512069702,0.6988608241081238
2.0,4021.5333333333333,4023.5666666666666,15007.04688,15097.8125,50.9,34.5,122.0,44.638829508196785,1158,-1.6600335836410522,-0.46777158975601196,2.047060489654541,-1.6740423440933228
2.0,4023.5833333333335,4024.116666666667,15097.8125,15097.8125,34.5,67.0,32.0,0.0,1159,-0.29202011227607727,-1.3963449001312256,1.1969027519226074,-0.9354957938194275
2.0,4024.116666666667,4024.4,15097.8125,15104.95313,67.0,66.2,17.0,25.20222352941132,1160,-1.6600335836410522,-0.46777158975601196,2.047060489654541,-1.6740423440933228
2.0,4024.5333333333333,4025.383333333333,15104.95313,15145.64063,65.8,58.8,51.0,47.86764705882353,1161,-1.6600335836410522,-0.46777158975601196,2.047060489654541,-1.6740423440933228
2.0,4026.0333333333333,4028.516666666667,15145.64063,15210.75,58.8,45.4,149.0,26.218538255033607,1162,-1.6600335836410522,-0.46777158975601196,2.047060489654541,-1.6740423440933228
2.0,4028.5333333333333,4030.0666666666666,15210.75,15210.75,45.4,47.0,92.0,0.0,1163,-0.29202011227607727,-1.3963449001312256,1.6389106512069702,0.6988608241081238
2.0,4030.0666666666666,4030.9666666666667,15210.75,15238.51563,47.0,42.3,54.0,30.850699999999858,1164,-1.6600335836410522,-0.46777158975601196,2.047060489654541,-1.6740423440933228
2.0,4033.633333333333,4034.6,15238.51563,15254.28125,39.2,36.0,58.0,16.309262068965648,1165,-1.6600335836410522,-0.46777158975601196,2.047060489654541,-1.6740423440933228
2.0,4034.65,4035.133333333333,15254.28125,15279.03125,36.0,31.7,29.0,51.206896551724135,1166,-1.6600335836410522,-0.46777158975601196,2.047060489654541,-1.6740423440933228
2.0,4035.616666666667,4035.7833333333333,15279.03125,15289.4375,31.3,29.8,10.0,62.4375,1167,-1.6600335836410522,-0.46777158975601196,2.047060489654541,-1.6740423440933228
2.0,4035.8333333333335,4036.3333333333335,15289.4375,15289.4375,29.8,64.3,30.0,0.0,1168,-0.29202011227607727,-1.3963449001312256,1.1969027519226074,-0.9354957938194275
2.0,4036.3333333333335,4038.016666666667,15289.4375,15343.89063,64.3,53.3,101.0,32.34839405940586,1169,-1.6600335836410522,-0.46777158975601196,2.047060489654541,-1.6740423440933228
2.0,4038.016666666667,4047.133333333333,15343.89063,15343.89063,53.3,64.7,547.0,0.0,1170,-0.29202011227607727,-1.3963449001312256,1.6389106512069702,0.6988608241081238
2.0,4047.133333333333,4047.4166666666665,15343.89063,15352.54688,64.7,63.1,17.0,30.551470588235293,1171,-1.6600335836410522,-0.46777158975601196,2.047060489654541,-1.6740423440933228
2.0,4047.5666666666666,4049.25,15352.54688,15413.875,62.7,52.1,101.0,36.43254653465354,1172,-1.6600335836410522,-0.46777158975601196,2.047060489654541,-1.6740423440933228
2.0,4049.2833333333333,4049.383333333333,15413.875,15416.45313,52.1,51.3,6.0,25.781299999998737,1173,-1.6600335836410522,-0.46777158975601196,2.047060489654541,-1.6740423440933228
2.0,4049.383333333333,4050.3,15416.45313,15416.45313,51.3,51.7,55.0,0.0,1174,-0.29202011227607727,-1.3963449001312256,1.6389106512069702,0.6988608241081238
2.0,4050.3,4050.3333333333335,15416.45313,15416.79688,51.7,51.7,2.0,10.3125,1175,-1.6600335836410522,-0.46777158975601196,2.047060489654541,-1.6740423440933228
2.0,4051.05,4051.0666666666666,15416.79688,15417.3125,51.7,51.7,1.0,30.93720000000758,1176,-1.6600335836410522,-0.46777158975601196,2.047060489654541,-1.6740423440933228
2.0,4051.0833333333335,4053.233333333333,15417.3125,15417.3125,51.7,54.1,129.0,0.0,1177,-0.29202011227607727,-1.3963449001312256,1.6389106512069702,0.6988608241081238
2.0,4053.233333333333,4058.016666666667,15417.3125,15583.78125,54.1,23.1,287.0,34.801829268292686,1178,-1.6600335836410522,-0.46777158975601196,2.047060489654541,-1.6740423440933228
2.0,4058.0833333333335,4058.616666666667,15583.78125,15583.78125,23.1,53.7,32.0,0.0,1179,-0.29202011227607727,-1.3963449001312256,1.1969027519226074,-0.9354957938194275
2.0,4058.616666666667,4062.8,15583.78125,15804.96875,53.7,12.5,251.0,52.873505976095615,1180,-1.6600335836410522,-0.46777158975601196,2.047060489654541,-1.6740423440933228
2.0,4062.8166666666666,4063.8333333333335,15804.96875,15804.96875,12.5,61.5,61.0,0.0,1181,-0.29202011227607727,-1.3963449001312256,1.1969027519226074,-0.9354957938194275
2.0,4063.8333333333335,4064.0833333333335,15804.96875,15813.98438,61.5,59.6,15.0,36.062519999999495,1182,-1.6600335836410522,-0.46777158975601196,2.047060489654541,-1.6740423440933228
2.0,4064.0833333333335,4071.7833333333333,15813.98438,15813.98438,59.6,69.0,462.0,0.0,1183,-0.29202011227607727,-1.3963449001312256,1.6389106512069702,0.6988608241081238
2.0,4071.7833333333333,4074.016666666667,15813.98438,15940.14063,69.0,41.9,134.0,56.48787313432835,1184,-1.6600335836410522,-0.46777158975601196,2.047060489654541,-1.6740423440933228
2.0,4074.233333333333,4076.733333333333,15940.14063,16066.15625,41.5,14.9,150.0,50.40624800000005,1185,-1.6600335836410522,-0.46777158975601196,2.047060489654541,-1.6740423440933228
2.0,4076.75,4077.266666666667,16066.15625,16066.15625,14.9,44.3,31.0,0.0,1186,-0.29202011227607727,-1.3963449001312256,2.047060489654541,-1.6740423440933228
2.0,4077.266666666667,4078.0,16066.15625,16110.10938,44.3,34.9,44.0,59.93608636363619,1187,-1.6600335836410522,-0.46777158975601196,2.047060489654541,-1.6740423440933228
2.0,4078.016666666667,4079.016666666667,16110.10938,16110.10938,34.9,84.3,60.0,0.0,1188,-0.29202011227607727,-1.3963449001312256,1.1969027519226074,-0.9354957938194275
2.0,4079.016666666667,4079.25,16110.10938,16119.125,84.3,81.9,14.0,38.63837142857197,1189,-1.6600335836410522,-0.46777158975601196,2.047060489654541,-1.6740423440933228
2.0,4079.266666666667,4079.9166666666665,16119.125,16119.125,81.9,82.3,39.0,0.0,1190,-0.29202011227607727,-1.3963449001312256,1.6389106512069702,0.6988608241081238
2.0,4079.9166666666665,4082.4166666666665,16119.125,16257.57813,82.3,54.1,150.0,55.38125199999995,1191,-1.6600335836410522,-0.46777158975601196,2.047060489654541,-1.6740423440933228
2.0,4082.516666666667,4082.5833333333335,16257.57813,16259.40625,54.1,54.1,4.0,27.421800000001895,1192,-1.6600335836410522,-0.46777158975601196,2.047060489654541,-1.6740423440933228
2.0,4082.766666666667,4085.366666666667,16259.40625,16416.59375,53.7,20.7,156.0,60.45673076923077,1193,-1.6600335836410522,-0.46777158975601196,2.047060489654541,-1.6740423440933228
2.0,4085.4,4086.4,16416.59375,16416.59375,20.7,69.8,60.0,0.0,1194,-0.29202011227607727,-1.3963449001312256,1.1969027519226074,-0.9354957938194275
2.0,4086.4,4086.65,16416.59375,16425.60938,69.8,67.8,15.0,36.06252000000677,1195,-1.6600335836410522,-0.46777158975601196,2.047060489654541,-1.6740423440933228
2.0,4086.6666666666665,4093.483333333333,16425.60938,16425.60938,67.8,76.0,409.0,0.0,1196,-0.29202011227607727,-1.3963449001312256,1.6389106512069702,0.6988608241081238
2.0,4093.483333333333,4097.8,16425.60938,16718.0625,76.0,16.8,259.0,67.74975752895715,1197,-1.6600335836410522,-0.46777158975601196,2.047060489654541,-1.6740423440933228
2.0,4097.833333333333,4098.35,16718.0625,16718.0625,16.8,46.2,31.0,0.0,1198,-0.29202011227607727,-1.3963449001312256,1.1969027519226074,-0.9354957938194275
2.0,4098.35,4099.216666666666,16718.0625,16761.57813,46.2,38.0,52.0,50.21034230769426,1199,-1.6600335836410522,-0.46777158975601196,2.047060489654541,-1.6740423440933228
2.0,4099.233333333334,4100.166666666667,16761.57813,16761.57813,38.0,45.8,56.0,0.0,1200,-0.29202011227607727,-1.3963449001312256,1.5275136232376099,-0.6723349690437317
2.0,4100.166666666667,4102.35,16761.57813,16808.0,45.8,34.5,131.0,21.261925190838923,1201,-1.6600335836410522,-0.46777158975601196,2.047060489654541,-1.6740423440933228
2.0,4102.366666666667,4102.9,16808.0,16808.0,34.5,63.5,32.0,0.0,1202,-0.29202011227607727,-1.3963449001312256,2.047060489654541,-1.6740423440933228
2.0,4102.9,4104.916666666667,16808.0,16865.96875,63.5,49.0,121.0,28.744834710743802,1203,-1.6600335836410522,-0.46777158975601196,2.047060489654541,-1.6740423440933228
2.0,4104.95,4117.483333333334,16865.96875,16865.96875,49.0,63.1,752.0,0.0,1204,-0.29202011227607727,-1.3963449001312256,2.047060489654541,-1.6740423440933228
2.0,4117.483333333334,4119.783333333334,16865.96875,16955.26563,63.1,47.8,138.0,38.82473043478335,1205,-1.6600335836410522,-0.46777158975601196,2.047060489654541,-1.6740423440933228
2.0,4119.8,4120.566666666667,16955.26563,16991.875,47.8,41.1,46.0,47.75135217391083,1206,-1.6600335836410522,-0.46777158975601196,2.047060489654541,-1.6740423440933228
2.0,4120.683333333333,4120.783333333334,16991.875,16994.03125,41.1,41.1,6.0,21.5625,1207,-1.6600335836410522,-0.46777158975601196,2.047060489654541,-1.6740423440933228
2.0,4120.8,4125.466666666666,16994.03125,16994.03125,41.1,45.8,280.0,0.0,1208,-0.29202011227607727,-1.3963449001312256,1.6389106512069702,0.6988608241081238
2.0,4125.466666666666,4129.55,16994.03125,17134.5,45.8,21.9,245.0,34.400510204081634,1209,-1.6600335836410522,-0.46777158975601196,2.047060489654541,-1.6740423440933228
2.0,4129.566666666667,4130.083333333333,17134.5,17134.5,21.9,52.9,31.0,0.0,1210,-0.29202011227607727,-1.3963449001312256,1.1969027519226074,-0.9354957938194275
2.0,4130.083333333333,4130.6,17134.5,17152.5625,52.9,49.8,31.0,34.95967741935483,1211,-1.6600335836410522,-0.46777158975601196,2.047060489654541,-1.6740423440933228
2.0,4130.616666666667,4141.5,17152.5625,17152.5625,49.8,62.7,653.0,0.0,1212,-0.29202011227607727,-1.3963449001312256,1.6389106512069702,0.6988608241081238
2.0,4141.5,4144.25,17152.5625,17288.15625,62.7,38.0,165.0,49.30681818181818,1213,-1.6600335836410522,-0.46777158975601196,2.047060489654541,-1.6740423440933228
2.0,4144.25,4145.683333333333,17288.15625,17288.15625,38.0,39.2,86.0,0.0,1214,-0.29202011227607727,-1.3963449001312256,1.6389106512069702,0.6988608241081238
2.0,4145.683333333333,4146.666666666667,17288.15625,17331.73438,39.2,32.1,59.0,44.31674237288308,1215,-1.6600335836410522,-0.46777158975601196,2.047060489654541,-1.6740423440933228
2.0,4147.25,4148.7,17331.73438,17412.17188,64.7,41.1,87.0,55.474137931034484,1216,-1.6600335836410522,-0.46777158975601196,2.047060489654541,-1.6740423440933228
2.0,4148.966666666666,4153.583333333333,17412.17188,17574.85938,41.1,18.0,277.0,35.23916967509025,1217,-1.6600335836410522,-0.46777158975601196,2.047060489654541,-1.6740423440933228
2.0,4153.6,4154.116666666667,17574.85938,17574.85938,18.0,47.4,31.0,0.0,1218,-0.29202011227607727,-1.3963449001312256,1.1969027519226074,-0.9354957938194275
2.0,4154.116666666667,4154.433333333333,17574.85938,17575.17188,47.4,47.4,19.0,0.986842105263158,1219,-1.6600335836410522,-0.46777158975601196,2.047060489654541,-1.6740423440933228
2.0,4154.766666666666,4155.283333333334,17575.17188,17595.76563,46.6,43.5,31.0,39.85887096774193,1220,-1.6600335836410522,-0.46777158975601196,2.047060489654541,-1.6740423440933228
2.0,4155.3,4165.533333333334,17595.76563,17595.76563,43.5,56.0,614.0,0.0,1221,-0.29202011227607727,-1.3963449001312256,2.047060489654541,-1.6740423440933228
2.0,4165.533333333334,4168.1,17595.76563,17707.375,56.0,36.8,154.0,43.48417012986947,1222,-1.6600335836410522,-0.46777158975601196,2.047060489654541,-1.6740423440933228
2.0,4168.116666666667,4168.633333333333,17707.375,17707.375,36.8,68.2,31.0,0.0,1223,-0.29202011227607727,-1.3963449001312256,2.047060489654541,-1.6740423440933228
2.0,4168.633333333333,4169.483333333334,17707.375,17741.03125,68.2,62.7,51.0,39.595588235294116,1224,-1.6600335836410522,-0.46777158975601196,2.047060489654541,-1.6740423440933228
2.0,4169.55,4172.95,17741.03125,17869.5,61.9,39.2,204.0,37.78492647058824,1225,-1.6600335836410522,-0.46777158975601196,2.047060489654541,-1.6740423440933228
2.0,4172.966666666666,4173.483333333334,17869.5,17869.5,39.2,69.0,31.0,0.0,1226,-0.29202011227607727,-1.3963449001312256,1.1969027519226074,-0.9354957938194275
2.0,4173.483333333334,4173.55,17869.5,17870.875,69.0,69.0,4.0,20.625,1227,-1.6600335836410522,-0.46777158975601196,2.047060489654541,-1.6740423440933228
2.0,4173.566666666667,4173.733333333334,17870.875,17870.875,69.0,69.8,10.0,0.0,1228,-0.29202011227607727,-1.3963449001312256,1.5275136232376099,-0.6723349690437317
2.0,4173.733333333334,4176.666666666667,17870.875,17958.89063,69.8,54.5,176.0,30.00532840909149,1229,-1.6600335836410522,-0.46777158975601196,2.047060489654541,-1.6740423440933228
2.0,4176.7,4176.816666666667,17958.89063,17961.15625,54.5,53.3,7.0,19.41959999998549,1230,-1.6600335836410522,-0.46777158975601196,2.047060489654541,-1.6740423440933228
2.0,4177.483333333334,4178.316666666667,17961.15625,17986.01563,53.3,49.0,50.0,29.83125600000203,1231,-1.6600335836410522,-0.46777158975601196,2.047060489654541,-1.6740423440933228
2.0,4179.383333333333,4179.416666666667,18024.89063,18025.42188,41.1,41.1,2.0,15.9375,1232,-1.6600335836410522,-0.46777158975601196,2.047060489654541,-1.6740423440933228
2.0,4179.416666666667,4189.5,18025.42188,18025.42188,41.1,53.7,605.0,0.0,1233,-0.29202011227607727,-1.3963449001312256,1.6389106512069702,0.6988608241081238
2.0,4189.5,4192.183333333333,18025.42188,18133.8125,53.7,34.1,161.0,40.39401987577577,1234,-1.6600335836410522,-0.46777158975601196,2.047060489654541,-1.6740423440933228
2.0,4192.183333333333,4197.516666666666,18133.8125,18133.8125,34.1,40.3,320.0,0.0,1235,-0.29202011227607727,-1.3963449001312256,1.6389106512069702,0.6988608241081238
2.0,4197.516666666666,4200.516666666666,18133.8125,18225.5,40.3,23.5,180.0,30.5625,1236,-1.6600335836410522,-0.46777158975601196,2.047060489654541,-1.6740423440933228
2.0,4200.666666666667,4200.683333333333,18225.5,18225.64063,23.5,23.5,1.0,8.43780000010156,1237,-1.6600335836410522,-0.46777158975601196,2.047060489654541,-1.6740423440933228
2.0,4200.683333333333,4200.716666666666,18225.64063,18225.82813,23.5,23.5,2.0,5.625,1238,-1.6600335836410522,-0.46777158975601196,2.047060489654541,-1.6740423440933228
2.0,4200.733333333334,4201.266666666666,18225.82813,18225.82813,23.5,52.1,32.0,0.0,1239,-0.29202011227607727,-1.3963449001312256,1.1969027519226074,-0.9354957938194275
2.0,4201.266666666666,4203.766666666666,18225.82813,18335.3125,52.1,30.5,150.0,43.793747999999326,1240,-1.6600335836410522,-0.46777158975601196,2.047060489654541,-1.6740423440933228
2.0,4203.8,4204.316666666667,18335.3125,18335.3125,30.5,61.9,31.0,0.0,1241,-0.29202011227607727,-1.3963449001312256,1.1969027519226074,-0.9354957938194275
2.0,4204.316666666667,4204.8,18335.3125,18351.76563,61.9,58.8,29.0,34.040958620693154,1242,-1.6600335836410522,-0.46777158975601196,2.047060489654541,-1.6740423440933228
2.0,4204.883333333333,4204.983333333334,18351.76563,18354.35938,58.8,58.0,6.0,25.9375,1243,-1.6600335836410522,-0.46777158975601196,2.047060489654541,-1.6740423440933228
2.0,4204.983333333334,4215.533333333334,18354.35938,18354.35938,58.0,70.1,633.0,0.0,1244,-0.29202011227607727,-1.3963449001312256,1.6389106512069702,0.6988608241081238
2.0,4215.533333333334,4217.083333333333,18354.35938,18468.375,70.1,46.6,93.0,73.55846451612794,1245,-1.6600335836410522,-0.46777158975601196,2.047060489654541,-1.6740423440933228
2.0,4217.15,4217.25,18468.375,18470.90625,45.8,45.8,6.0,25.3125,1246,-1.6600335836410522,-0.46777158975601196,2.047060489654541,-1.6740423440933228
2.0,4217.316666666667,4218.316666666667,18470.90625,18522.03125,45.8,34.1,60.0,51.125,1247,-1.6600335836410522,-0.46777158975601196,2.047060489654541,-1.6740423440933228
2.0,4218.45,4218.533333333334,18522.03125,18523.34375,34.1,34.1,5.0,15.75,1248,-1.6600335836410522,-0.46777158975601196,2.047060489654541,-1.6740423440933228
2.0,4218.733333333334,4219.65,18523.34375,18598.59375,33.3,17.2,55.0,82.0909090909091,1249,-1.6600335836410522,-0.46777158975601196,2.047060489654541,-1.6740423440933228
2.0,4219.683333333333,4220.2,18598.59375,18598.59375,17.2,42.7,31.0,0.0,1250,-0.29202011227607727,-1.3963449001312256,2.047060489654541,-1.6740423440933228
2.0,4220.2,4221.233333333334,18598.59375,18643.76563,42.7,31.7,62.0,43.71472258064679,1251,-1.6600335836410522,-0.46777158975601196,2.047060489654541,-1.6740423440933228
2.0,4221.716666666666,4222.2,18643.76563,18657.25,31.3,28.6,29.0,27.898696551720636,1252,-1.6600335836410522,-0.46777158975601196,2.047060489654541,-1.6740423440933228
2.0,4222.65,4222.933333333333,18657.25,18665.09375,28.6,26.2,17.0,27.683823529411764,1253,-1.6600335836410522,-0.46777158975601196,2.047060489654541,-1.6740423440933228
2.0,4223.616666666667,4223.85,18665.09375,18670.34375,25.8,24.3,14.0,22.5,1254,-1.6600335836410522,-0.46777158975601196,2.047060489654541,-1.6740423440933228
2.0,4223.866666666667,4429.533333333334,18670.34375,18670.34375,24.3,100.0,12340.0,0.0,1255,-0.29202011227607727,-1.3963449001312256,1.6389106512069702,0.6988608241081238
2.0,4429.533333333334,4431.65,18670.34375,18767.375,100.0,80.3,127.0,45.84153543307087,1256,-1.6600335836410522,-0.46777158975601196,2.047060489654541,-1.6740423440933228
2.0,4431.683333333333,4431.866666666667,18767.375,18774.71875,80.3,78.8,11.0,40.05681818181819,1257,-1.6600335836410522,-0.46777158975601196,2.047060489654541,-1.6740423440933228
2.0,4437.766666666666,4439.05,18774.71875,18825.9375,78.0,67.8,77.0,39.910714285714285,1258,-1.6600335836410522,-0.46777158975601196,2.047060489654541,-1.6740423440933228
2.0,4440.05,4453.5,18858.8125,18858.8125,60.7,76.4,807.0,0.0,1259,-0.29202011227607727,-1.3963449001312256,1.6389106512069702,0.6988608241081238
2.0,4453.5,4455.916666666667,18858.8125,18970.8125,76.4,57.2,145.0,46.3448275862069,1260,-1.6600335836410522,-0.46777158975601196,2.047060489654541,-1.6740423440933228
2.0,4455.933333333333,4456.033333333334,18970.8125,18973.39063,57.2,56.8,6.0,25.781300000016927,1261,-1.6600335836410522,-0.46777158975601196,2.047060489654541,-1.6740423440933228
2.0,4462.233333333334,4465.116666666667,19115.73438,19211.4375,30.5,11.7,173.0,33.191833526010974,1262,-1.6600335836410522,-0.46777158975601196,2.047060489654541,-1.6740423440933228
2.0,4465.15,4465.666666666667,19211.4375,19211.4375,11.7,41.1,31.0,0.0,1263,-0.29202011227607727,-1.3963449001312256,2.047060489654541,-1.6740423440933228
2.0,4465.666666666667,4467.883333333333,19211.4375,19310.95313,41.1,22.7,133.0,44.89426917293309,1264,-1.6600335836410522,-0.46777158975601196,2.047060489654541,-1.6740423440933228
2.0,4467.9,4468.4,19310.95313,19310.95313,22.7,53.3,30.0,0.0,1265,-0.29202011227607727,-1.3963449001312256,1.1969027519226074,-0.9354957938194275
2.0,4468.4,4468.816666666667,19310.95313,19331.23438,53.3,49.4,25.0,48.675,1266,-1.6600335836410522,-0.46777158975601196,2.047060489654541,-1.6740423440933228
2.0,4468.816666666667,4480.266666666666,19331.23438,19331.23438,49.4,63.5,687.0,0.0,1267,-0.29202011227607727,-1.3963449001312256,1.6389106512069702,0.6988608241081238
2.0,4480.266666666666,4480.533333333334,19331.23438,19339.3125,63.5,61.9,16.0,30.292949999993652,1268,-1.6600335836410522,-0.46777158975601196,2.047060489654541,-1.6740423440933228
2.0,4480.7,4480.733333333334,19339.3125,19339.35938,61.9,61.9,2.0,1.4064000000507804,1269,-1.6600335836410522,-0.46777158975601196,2.047060489654541,-1.6740423440933228
2.0,4481.483333333334,4481.8,19339.35938,19347.625,61.9,60.3,19.0,26.1019578947315,1270,-1.6600335836410522,-0.46777158975601196,2.047060489654541,-1.6740423440933228
2.0,4483.9,4484.0,19393.76563,19395.25,51.3,51.3,6.0,14.843699999983073,1271,-1.6600335836410522,-0.46777158975601196,2.047060489654541,-1.6740423440933228
2.0,4484.016666666666,4484.533333333334,19395.25,19395.25,51.3,76.8,31.0,0.0,1272,-0.29202011227607727,-1.3963449001312256,1.1969027519226074,-0.9354957938194275
2.0,4484.533333333334,4487.483333333334,19395.25,19533.70313,76.8,52.1,177.0,46.93326440678023,1273,-1.6600335836410522,-0.46777158975601196,2.047060489654541,-1.6740423440933228
2.0,4487.533333333334,4487.75,19533.70313,19539.4375,52.1,51.7,13.0,26.466323076915263,1274,-1.6600335836410522,-0.46777158975601196,2.047060489654541,-1.6740423440933228
2.0,4488.766666666666,4488.883333333333,19539.4375,19544.07813,51.3,50.9,7.0,39.776828571443076,1275,-1.6600335836410522,-0.46777158975601196,2.047060489654541,-1.6740423440933228
2.0,4489.75,4489.9,19554.28125,19559.0,49.0,48.2,9.0,31.458333333333336,1276,-1.6600335836410522,-0.46777158975601196,2.047060489654541,-1.6740423440933228
2.0,4490.066666666667,4490.516666666666,19559.0,19569.32813,48.2,45.0,27.0,22.951400000003762,1277,-1.6600335836410522,-0.46777158975601196,2.047060489654541,-1.6740423440933228
2.0,4490.516666666666,4490.766666666666,19569.32813,19569.35938,45.0,45.0,15.0,0.125,1278,-1.6600335836410522,-0.46777158975601196,2.047060489654541,-1.6740423440933228
2.0,4490.766666666666,4491.083333333333,19569.35938,19578.03125,45.0,43.9,19.0,27.384852631573604,1279,-1.6600335836410522,-0.46777158975601196,2.047060489654541,-1.6740423440933228
2.0,4491.133333333333,4491.883333333333,19578.03125,19578.03125,43.9,80.0,45.0,0.0,1280,-0.29202011227607727,-1.3963449001312256,1.1969027519226074,-0.9354957938194275
2.0,4491.883333333333,4492.383333333333,19578.03125,19593.96875,80.0,77.6,30.0,31.875,1281,-1.6600335836410522,-0.46777158975601196,2.047060489654541,-1.6740423440933228
2.0,4506.716666666666,4507.1,19593.96875,19609.26563,75.2,72.5,23.0,39.9049043478305,1282,-1.6600335836410522,-0.46777158975601196,2.047060489654541,-1.6740423440933228
2.0,4507.233333333334,4507.6,19609.26563,19621.65625,72.5,70.9,22.0,33.79259999999539,1283,-1.6600335836410522,-0.46777158975601196,2.047060489654541,-1.6740423440933228
2.0,4507.6,4509.383333333333,19621.65625,19662.76563,70.9,63.5,107.0,23.051988785047676,1284,-1.6600335836410522,-0.46777158975601196,2.047060489654541,-1.6740423440933228
2.0,4509.383333333333,4511.25,19662.76563,19723.14063,63.5,51.3,112.0,32.34375,1285,-1.6600335836410522,-0.46777158975601196,2.047060489654541,-1.6740423440933228
2.0,4511.283333333334,4511.383333333333,19723.14063,19725.65625,51.3,51.3,6.0,25.156199999983073,1286,-1.6600335836410522,-0.46777158975601196,2.047060489654541,-1.6740423440933228
2.0,4511.4,4513.633333333333,19725.65625,19725.65625,51.3,53.7,134.0,0.0,1287,-0.29202011227607727,-1.3963449001312256,1.6389106512069702,0.6988608241081238
2.0,4513.633333333333,4514.216666666666,19725.65625,19745.34375,53.7,50.9,35.0,33.75,1288,-1.6600335836410522,-0.46777158975601196,2.047060489654541,-1.6740423440933228
2.0,4514.233333333334,4514.6,19745.34375,19745.34375,50.9,52.5,22.0,0.0,1289,-0.29202011227607727,-1.3963449001312256,1.5275136232376099,-0.6723349690437317
2.0,4514.6,4515.016666666666,19745.34375,19760.0625,52.5,49.8,25.0,35.324999999999996,1290,-1.6600335836410522,-0.46777158975601196,2.047060489654541,-1.6740423440933228
2.0,4515.016666666666,4525.866666666667,19760.00625,19760.0625,49.8,63.1,651.0,0.005184331797369142,1291,-0.29202011227607727,-1.3963449001312256,1.6389106512069702,0.6988608241081238
2.0,4525.866666666667,4530.116666666667,19760.00625,19941.1875,63.1,31.7,255.0,42.63088235294152,1292,-1.6600335836410522,-0.46777158975601196,2.047060489654541,-1.6740423440933228
2.0,4530.533333333334,4531.683333333333,19941.1875,19997.45313,31.7,22.7,69.0,48.92663478261017,1293,-1.6600335836410522,-0.46777158975601196,2.047060489654541,-1.6740423440933228
2.0,4531.683333333333,4531.883333333333,19997.45313,19997.45313,22.7,23.9,12.0,0.0,1294,-0.29202011227607727,-1.3963449001312256,1.5275136232376099,-0.6723349690437317
2.0,4531.883333333333,4531.933333333333,19997.45313,19998.71875,23.9,23.9,3.0,25.312399999966146,1295,-1.6600335836410522,-0.46777158975601196,2.047060489654541,-1.6740423440933228
2.0,4531.95,4532.466666666666,19998.71875,19998.71875,23.9,56.0,31.0,0.0,1296,-0.29202011227607727,-1.3963449001312256,1.1969027519226074,-0.9354957938194275
2.0,4532.466666666666,4533.816666666667,19998.71875,20041.8125,56.0,47.4,81.0,31.921296296296294,1297,-1.6600335836410522,-0.46777158975601196,2.047060489654541,-1.6740423440933228
2.0,4534.116666666667,4534.566666666667,20041.8125,20051.1875,46.6,45.8,27.0,20.833333333333332,1298,-1.6600335836410522,-0.46777158975601196,2.047060489654541,-1.6740423440933228
2.0,4535.783333333334,4536.016666666666,20051.1875,20054.25,42.3,41.1,14.0,13.125,1299,-1.6600335836410522,-0.46777158975601196,2.047060489654541,-1.6740423440933228
2.0,4537.316666666667,4537.733333333334,20054.25,20067.5625,40.3,38.8,25.0,31.95,1300,-1.6600335836410522,-0.46777158975601196,2.047060489654541,-1.6740423440933228
2.0,4537.783333333334,4537.9,20067.5625,20070.70313,38.8,38.4,7.0,26.919685714300222,1301,-1.6600335836410522,-0.46777158975601196,2.047060489654541,-1.6740423440933228
2.0,4538.083333333333,4538.616666666667,20070.70313,20085.98438,38.4,35.2,32.0,28.65234375,1302,-1.6600335836410522,-0.46777158975601196,2.047060489654541,-1.6740423440933228
2.0,4538.616666666667,4549.516666666666,20085.98438,20085.98438,35.2,49.0,654.0,0.0,1303,-0.29202011227607727,-1.3963449001312256,1.6389106512069702,0.6988608241081238
2.0,4549.516666666666,4552.133333333333,20085.98438,20196.60938,49.0,28.2,157.0,42.27707006369427,1304,-1.6600335836410522,-0.46777158975601196,2.047060489654541,-1.6740423440933228
2.0,4552.15,4554.45,20196.60938,20196.60938,28.2,30.5,138.0,0.0,1305,-0.29202011227607727,-1.3963449001312256,1.6389106512069702,0.6988608241081238
2.0,4554.45,4555.333333333333,20196.60938,20238.0,30.5,24.7,53.0,46.857305660375445,1306,-1.6600335836410522,-0.46777158975601196,2.047060489654541,-1.6740423440933228
2.0,4555.35,4555.866666666667,20238.0,20238.0,24.7,57.2,31.0,0.0,1307,-0.29202011227607727,-1.3963449001312256,2.047060489654541,-1.6740423440933228
2.0,4555.866666666667,4556.833333333333,20238.0,20256.98438,57.2,52.5,58.0,19.6390137931052,1308,-1.6600335836410522,-0.46777158975601196,2.047060489654541,-1.6740423440933228
2.0,4556.85,4557.366666666667,20256.98438,20256.98438,52.5,80.3,31.0,0.0,1309,-0.29202011227607727,-1.3963449001312256,1.1969027519226074,-0.9354957938194275
2.0,4557.366666666667,4562.5,20256.98438,20502.98438,80.3,30.1,308.0,47.92207792207792,1310,-1.6600335836410522,-0.46777158975601196,2.047060489654541,-1.6740423440933228
2.0,4562.516666666666,4563.033333333334,20502.98438,20502.98438,30.1,60.7,31.0,0.0,1311,-0.29202011227607727,-1.3963449001312256,1.1969027519226074,-0.9354957938194275
2.0,4563.033333333334,4565.2,20502.98438,20616.0625,60.7,37.6,130.0,52.18990153846076,1312,-1.6600335836410522,-0.46777158975601196,2.047060489654541,-1.6740423440933228
2.0,4565.283333333334,4566.383333333333,20616.0625,20690.70313,37.6,20.0,66.0,67.85511818181972,1313,-1.6600335836410522,-0.46777158975601196,2.047060489654541,-1.6740423440933228
2.0,4566.4,4574.583333333333,20690.70313,20690.70313,20.0,30.1,491.0,0.0,1314,-0.29202011227607727,-1.3963449001312256,1.6389106512069702,0.6988608241081238
2.0,4574.583333333333,4575.85,20690.70313,20764.53125,30.1,16.4,76.0,58.28535789473551,1315,-1.6600335836410522,-0.46777158975601196,2.047060489654541,-1.6740423440933228
2.0,4575.85,4576.366666666667,20764.53125,20764.53125,16.4,47.0,31.0,0.0,1316,-0.29202011227607727,-1.3963449001312256,1.1969027519226074,-0.9354957938194275
2.0,4576.366666666667,4580.616666666667,20764.53125,20934.48438,47.0,16.4,255.0,39.98897176470628,1317,-1.6600335836410522,-0.46777158975601196,2.047060489654541,-1.6740423440933228
2.0,4580.95,4581.966666666666,20934.48438,20984.82813,16.4,5.4,61.0,49.51844262295082,1318,-1.6600335836410522,-0.46777158975601196,2.047060489654541,-1.6740423440933228
2.0,4582.283333333334,4582.383333333333,20984.82813,20985.23438,5.4,5.4,6.0,4.0625,1319,-1.6600335836410522,-0.46777158975601196,2.047060489654541,-1.6740423440933228
2.0,4582.383333333333,4582.933333333333,20985.23438,20985.23438,5.4,9.8,33.0,0.0,1320,-0.29202011227607727,-1.3963449001312256,1.5275136232376099,-0.6723349690437317
2.0,4582.933333333333,4583.35,20985.23438,21003.65625,9.8,6.2,25.0,44.212487999995936,1321,-1.6600335836410522,-0.46777158975601196,2.047060489654541,-1.6740423440933228
2.0,4583.366666666667,4583.583333333333,21003.65625,21009.34375,62.0,54.0,13.0,26.25,1322,-1.6600335836410522,-0.46777158975601196,2.047060489654541,-1.6740423440933228
2.0,4583.6,4584.25,21009.34375,21009.34375,5.4,5.8,39.0,0.0,1323,-0.29202011227607727,-1.3963449001312256,1.6389106512069702,0.6988608241081238
2.0,4584.25,4584.666666666667,21009.34375,21022.26563,5.8,3.9,25.0,31.01251200000406,1324,-1.6600335836410522,-0.46777158975601196,2.047060489654541,-1.6740423440933228
2.0,4586.366666666667,4586.516666666666,21022.26563,21026.9375,54.1,52.5,9.0,31.145799999988718,1325,-1.6600335836410522,-0.46777158975601196,2.047060489654541,-1.6740423440933228
2.0,4586.75,4586.95,21026.9375,21034.125,52.5,51.3,12.0,35.9375,1326,-1.6600335836410522,-0.46777158975601196,2.047060489654541,-1.6740423440933228
2.0,4586.966666666666,4595.9,21034.125,21034.125,51.3,61.9,536.0,0.0,1327,-0.29202011227607727,-1.3963449001312256,1.6389106512069702,0.6988608241081238
2.0,4595.9,4598.5,21034.125,21165.45313,61.9,36.0,156.0,50.51081923076988,1328,-1.6600335836410522,-0.46777158975601196,2.047060489654541,-1.6740423440933228
2.0,4598.516666666666,4599.033333333334,21165.45313,21165.45313,36.0,67.0,31.0,0.0,1329,-0.29202011227607727,-1.3963449001312256,1.1969027519226074,-0.9354957938194275
2.0,4599.033333333334,4599.916666666667,21165.45313,21214.5,67.0,57.6,53.0,55.524758490564125,1330,-1.6600335836410522,-0.46777158975601196,2.047060489654541,-1.6740423440933228
2.0,4599.933333333333,4599.983333333334,21214.5,21215.89063,57.6,57.2,3.0,27.812600000033854,1331,-1.6600335836410522,-0.46777158975601196,2.047060489654541,-1.6740423440933228
2.0,4600.416666666667,4600.566666666667,21215.89063,21222.32813,56.8,56.4,9.0,42.91666666666667,1332,-1.6600335836410522,-0.46777158975601196,2.047060489654541,-1.6740423440933228
2.0,4600.733333333334,4601.016666666666,21222.32813,21234.09375,56.4,53.7,17.0,41.52571764705285,1333,-1.6600335836410522,-0.46777158975601196,2.047060489654541,-1.6740423440933228
2.0,4601.1,4602.083333333333,21234.09375,21303.54688,53.7,40.3,59.0,70.63030169491698,1334,-1.6600335836410522,-0.46777158975601196,2.047060489654541,-1.6740423440933228
2.0,4602.2,4602.25,21303.54688,21303.90625,40.3,40.3,3.0,7.187399999966146,1335,-1.6600335836410522,-0.46777158975601196,2.047060489654541,-1.6740423440933228
2.0,4602.433333333333,4603.333333333333,21303.90625,21378.03125,40.0,24.7,54.0,82.36111111111111,1336,-1.6600335836410522,-0.46777158975601196,2.047060489654541,-1.6740423440933228
2.0,4603.35,4603.85,21378.03125,21378.03125,24.7,32.9,30.0,0.0,1337,-0.29202011227607727,-1.3963449001312256,1.1969027519226074,-0.9354957938194275
2.0,4603.85,4604.416666666667,21378.03125,21409.53125,32.9,27.0,34.0,55.588235294117645,1338,-1.6600335836410522,-0.46777158975601196,2.047060489654541,-1.6740423440933228
2.0,4604.483333333334,4604.75,21409.53125,21419.39063,26.6,25.4,16.0,36.97267500000635,1339,-1.6600335836410522,-0.46777158975601196,2.047060489654541,-1.6740423440933228
2.0,4604.966666666666,4605.95,21419.39063,21451.26563,25.4,19.2,59.0,32.41525423728814,1340,-1.6600335836410522,-0.46777158975601196,2.047060489654541,-1.6740423440933228
2.0,4605.966666666666,4606.466666666666,21451.26563,21451.26563,19.2,49.4,30.0,0.0,1341,-0.29202011227607727,-1.3963449001312256,2.047060489654541,-1.6740423440933228
2.0,4606.466666666666,4608.4,21451.26563,21514.96875,49.4,36.0,116.0,32.94988965517154,1342,-1.6600335836410522,-0.46777158975601196,2.047060489654541,-1.6740423440933228
2.0,4608.516666666666,4608.866666666667,21514.96875,21523.1875,36.0,34.5,21.0,23.482142857142858,1343,-1.6600335836410522,-0.46777158975601196,2.047060489654541,-1.6740423440933228
2.0,4608.966666666666,4609.216666666666,21523.1875,21532.51563,34.5,33.3,15.0,37.31252000000677,1344,-1.6600335836410522,-0.46777158975601196,2.047060489654541,-1.6740423440933228
2.0,4609.216666666666,4611.25,21532.51563,21532.51563,33.3,49.8,122.0,0.0,1345,-0.29202011227607727,-1.3963449001312256,1.5275136232376099,-0.6723349690437317
2.0,4611.25,4611.516666666666,21532.51563,21541.39063,49.8,48.6,16.0,33.28125,1346,-1.6600335836410522,-0.46777158975601196,2.047060489654541,-1.6740423440933228
2.0,4611.616666666667,4611.833333333333,21541.39063,21550.70313,47.8,47.4,13.0,42.980769230769226,1347,-1.6600335836410522,-0.46777158975601196,2.047060489654541,-1.6740423440933228
2.0,4612.483333333334,4612.7,21550.70313,21558.875,46.6,45.4,13.0,37.716323076915266,1348,-1.6600335836410522,-0.46777158975601196,2.047060489654541,-1.6740423440933228
2.0,4612.7,4620.033333333334,21558.875,21558.875,45.4,54.5,440.0,0.0,1349,-0.29202011227607727,-1.3963449001312256,1.6389106512069702,0.6988608241081238
2.0,4620.033333333334,4621.016666666666,21558.875,21616.57813,54.5,43.9,59.0,58.681149152544094,1350,-1.6600335836410522,-0.46777158975601196,2.047060489654541,-1.6740423440933228
2.0,4621.016666666666,4621.166666666667,21616.57813,21616.57813,43.9,44.7,9.0,0.0,1351,-0.29202011227607727,-1.3963449001312256,1.5275136232376099,-0.6723349690437317
2.0,4621.166666666667,4623.4,21616.57813,21717.85938,44.7,25.0,134.0,45.349813432835816,1352,-1.6600335836410522,-0.46777158975601196,2.047060489654541,-1.6740423440933228
2.0,4623.416666666667,4623.916666666667,21717.85938,21717.85938,25.0,57.2,30.0,0.0,1353,-0.29202011227607727,-1.3963449001312256,1.1969027519226074,-0.9354957938194275
2.0,4623.916666666667,4624.35,21717.85938,21738.15625,57.2,53.7,26.0,46.83893076922686,1354,-1.6600335836410522,-0.46777158975601196,2.047060489654541,-1.6740423440933228
2.0,4624.55,4626.183333333333,21738.15625,21832.40625,53.7,29.4,98.0,57.704081632653065,1355,-1.6600335836410522,-0.46777158975601196,2.047060489654541,-1.6740423440933228
2.0,4626.383333333333,4627.9,21832.40625,21922.28125,29.0,19.2,91.0,59.25824175824176,1356,-1.6600335836410522,-0.46777158975601196,2.047060489654541,-1.6740423440933228
2.0,4628.2,4628.7,21922.28125,21938.15625,19.2,16.8,30.0,31.75,1357,-1.6600335836410522,-0.46777158975601196,2.047060489654541,-1.6740423440933228
2.0,4628.7,4630.416666666667,21938.15625,21938.15625,16.8,18.8,103.0,0.0,1358,-0.29202011227607727,-1.3963449001312256,1.6389106512069702,0.6988608241081238
2.0,4630.416666666667,4631.016666666666,21938.15625,21958.95313,18.8,15.6,36.0,34.66146666666949,1359,-1.6600335836410522,-0.46777158975601196,2.047060489654541,-1.6740423440933228
2.0,4631.033333333334,4631.533333333334,21958.95313,21958.95313,15.6,44.7,30.0,0.0,1360,-0.29202011227607727,-1.3963449001312256,1.1969027519226074,-0.9354957938194275
2.0,4631.533333333334,4632.633333333333,21958.95313,21991.90625,44.7,38.0,66.0,29.957381818180277,1361,-1.6600335836410522,-0.46777158975601196,2.047060489654541,-1.6740423440933228
2.0,4632.65,4633.183333333333,21991.90625,21991.90625,38.0,68.6,32.0,0.0,1362,-0.29202011227607727,-1.3963449001312256,1.1969027519226074,-0.9354957938194275
2.0,4633.183333333333,4633.8,21991.90625,22012.40625,68.6,64.3,37.0,33.24324324324324,1363,-1.6600335836410522,-0.46777158975601196,2.047060489654541,-1.6740423440933228
2.0,4634.0,4634.5,22012.40625,22029.70313,64.3,60.7,30.0,34.593760000003385,1364,-1.6600335836410522,-0.46777158975601196,2.047060489654541,-1.6740423440933228
2.0,4637.95,4637.983333333334,22029.71875,22030.25,57.6,57.2,2.0,15.9375,1365,-1.6600335836410522,-0.46777158975601196,2.047060489654541,-1.6740423440933228
2.0,4638.016666666666,4646.266666666666,22030.25,22030.25,57.2,66.6,495.0,0.0,1366,-0.29202011227607727,-1.3963449001312256,1.6389106512069702,0.6988608241081238
2.0,4646.266666666666,4646.566666666667,22030.25,22041.84375,66.6,65.4,18.0,38.645833333333336,1367,-1.6600335836410522,-0.46777158975601196,2.047060489654541,-1.6740423440933228
2.0,4648.733333333334,4649.016666666666,22041.84375,22053.54688,65.0,63.1,17.0,41.30516470588833,1368,-1.6600335836410522,-0.46777158975601196,2.047060489654541,-1.6740423440933228
2.0,4649.033333333334,4649.566666666667,22053.54688,22053.54688,63.1,63.5,32.0,0.0,1369,-0.29202011227607727,-1.3963449001312256,1.6389106512069702,0.6988608241081238
2.0,4649.566666666667,4649.766666666666,22053.54688,22060.625,63.5,62.3,12.0,35.39059999999154,1370,-1.6600335836410522,-0.46777158975601196,2.047060489654541,-1.6740423440933228
2.0,4649.9,4650.066666666667,22060.625,22065.40625,61.9,61.9,10.0,28.6875,1371,-1.6600335836410522,-0.46777158975601196,2.047060489654541,-1.6740423440933228
2.0,4650.216666666666,4650.5,22065.40625,22075.60938,61.5,59.6,17.0,36.011047058829504,1372,-1.6600335836410522,-0.46777158975601196,2.047060489654541,-1.6740423440933228
2.0,4650.516666666666,4651.366666666667,22075.60938,22075.60938,59.6,60.3,51.0,0.0,1373,-0.29202011227607727,-1.3963449001312256,1.6389106512069702,0.6988608241081238
2.0,4651.366666666667,4652.3,22075.60938,22103.48438,60.3,56.0,56.0,29.866071428571427,1374,-1.6600335836410522,-0.46777158975601196,2.047060489654541,-1.6740423440933228
2.0,4652.316666666667,4654.55,22103.48438,22103.48438,56.0,58.4,134.0,0.0,1375,-0.29202011227607727,-1.3963449001312256,1.6389106512069702,0.6988608241081238
2.0,4654.55,4654.9,22103.48438,22115.57813,58.4,56.8,21.0,34.55357142857143,1376,-1.6600335836410522,-0.46777158975601196,2.047060489654541,-1.6740423440933228
2.0,4655.0,4655.083333333333,22115.57813,22118.125,56.8,56.8,5.0,30.562439999979688,1377,-1.6600335836410522,-0.46777158975601196,2.047060489654541,-1.6740423440933228
2.0,4655.166666666667,4655.383333333333,22118.125,22126.95313,56.4,55.6,13.0,40.745215384623194,1378,-1.6600335836410522,-0.46777158975601196,2.047060489654541,-1.6740423440933228
2.0,4655.583333333333,4655.883333333333,22126.95313,22137.4375,55.2,53.7,18.0,34.94789999999436,1379,-1.6600335836410522,-0.46777158975601196,2.047060489654541,-1.6740423440933228
2.0,4658.233333333334,4658.516666666666,22137.4375,22150.82813,51.7,50.1,17.0,47.261047058829504,1380,-1.6600335836410522,-0.46777158975601196,2.047060489654541,-1.6740423440933228
2.0,4658.883333333333,4658.966666666666,22150.82813,22154.03125,49.8,49.4,5.0,38.43743999997969,1381,-1.6600335836410522,-0.46777158975601196,2.047060489654541,-1.6740423440933228
2.0,4659.333333333333,4659.566666666667,22154.03125,22165.54688,49.0,47.0,14.0,49.35270000000725,1382,-1.6600335836410522,-0.46777158975601196,2.047060489654541,-1.6740423440933228
2.0,4659.833333333333,4670.316666666667,22165.5625,22165.5625,47.0,59.6,629.0,0.0,1383,-0.29202011227607727,-1.3963449001312256,1.6389106512069702,0.6988608241081238
2.0,4670.316666666667,4670.883333333333,22165.5625,22179.54688,59.6,58.0,34.0,24.67831764706181,1384,-1.6600335836410522,-0.46777158975601196,2.047060489654541,-1.6740423440933228
2.0,4670.883333333333,4671.666666666667,22179.54688,22185.67188,58.0,56.8,47.0,7.819148936170213,1385,-1.6600335836410522,-0.46777158975601196,2.047060489654541,-1.6740423440933228
2.0,4671.866666666667,4672.133333333333,22185.67188,22197.0,56.4,55.2,16.0,42.48044999999365,1386,-1.6600335836410522,-0.46777158975601196,2.047060489654541,-1.6740423440933228
2.0,4672.15,4672.266666666666,22197.0,22199.51563,55.2,54.1,7.0,21.562542857157364,1387,-1.6600335836410522,-0.46777158975601196,2.047060489654541,-1.6740423440933228
2.0,4672.666666666667,4672.666666666667,22207.875,22208.0625,52.9,52.9,0.0,0.0,1388,-1.6600335836410522,-0.46777158975601196,2.047060489654541,-1.6740423440933228
2.0,4672.9,4673.35,22208.0625,22223.20313,52.9,49.8,27.0,33.64584444444821,1389,-1.6600335836410522,-0.46777158975601196,2.047060489654541,-1.6740423440933228
2.0,4673.5,4674.216666666666,22223.20313,22249.0625,49.8,45.8,43.0,36.08284186046276,1390,-1.6600335836410522,-0.46777158975601196,2.047060489654541,-1.6740423440933228
2.0,4674.233333333334,4676.1,22249.0625,22249.0625,45.8,47.4,112.0,0.0,1391,-0.29202011227607727,-1.3963449001312256,1.6389106512069702,0.6988608241081238
2.0,4676.1,4679.666666666667,22249.0625,22365.6875,47.4,28.2,214.0,32.69859813084112,1392,-1.6600335836410522,-0.46777158975601196,2.047060489654541,-1.6740423440933228
2.0,4679.683333333333,4679.933333333333,22365.6875,22365.6875,28.2,44.7,15.0,0.0,1393,-0.29202011227607727,-1.3963449001312256,1.1969027519226074,-0.9354957938194275
2.0,4679.933333333333,4680.8,22365.6875,22405.07813,44.7,37.2,52.0,45.450726923078875,1394,-1.6600335836410522,-0.46777158975601196,2.047060489654541,-1.6740423440933228
2.0,4699.433333333333,4699.95,22513.84375,22513.84375,34.5,65.8,31.0,0.0,1395,-0.29202011227607727,-1.3963449001312256,1.1969027519226074,-0.9354957938194275
2.0,4699.95,4701.183333333333,22513.84375,22550.28125,65.8,59.6,74.0,29.543918918918916,1396,-1.6600335836410522,-0.46777158975601196,2.047060489654541,-1.6740423440933228
2.0,4701.366666666667,4703.283333333334,22550.28125,22654.57813,59.6,38.0,115.0,54.41576347826175,1397,-1.6600335836410522,-0.46777158975601196,2.047060489654541,-1.6740423440933228
2.0,4703.433333333333,4704.083333333333,22654.57813,22696.3125,37.6,29.4,39.0,64.20672307692047,1398,-1.6600335836410522,-0.46777158975601196,2.047060489654541,-1.6740423440933228
2.0,4704.25,4705.166666666667,22696.3125,22770.51563,29.0,14.1,55.0,80.94886909091095,1399,-1.6600335836410522,-0.46777158975601196,2.047060489654541,-1.6740423440933228
2.0,4705.183333333333,4705.683333333333,22770.51563,22770.51563,14.1,43.1,30.0,0.0,1400,-0.29202011227607727,-1.3963449001312256,1.1969027519226074,-0.9354957938194275
2.0,4705.683333333333,4706.016666666666,22770.51563,22788.85938,43.1,40.3,20.0,55.03125,1401,-1.6600335836410522,-0.46777158975601196,2.047060489654541,-1.6740423440933228
2.0,4706.033333333334,4706.133333333333,22788.85938,22791.375,40.3,40.0,6.0,25.156199999983073,1402,-1.6600335836410522,-0.46777158975601196,2.047060489654541,-1.6740423440933228
2.0,4707.55,4707.783333333334,22804.78125,22804.78125,37.6,37.6,14.0,0.0,1403,-1.6600335836410522,-0.46777158975601196,2.047060489654541,-1.6740423440933228
2.0,4707.833333333333,4707.933333333333,22804.78125,22807.98438,37.6,37.2,6.0,32.03130000001693,1404,-1.6600335836410522,-0.46777158975601196,2.047060489654541,-1.6740423440933228
2.0,4708.95,4709.183333333333,22808.0,22819.51563,34.9,32.1,14.0,49.35270000000725,1405,-1.6600335836410522,-0.46777158975601196,2.047060489654541,-1.6740423440933228
2.0,4709.2,4718.533333333334,22819.51563,22819.51563,32.1,43.9,560.0,0.0,1406,-0.29202011227607727,-1.3963449001312256,1.6389106512069702,0.6988608241081238
2.0,4718.533333333334,4718.65,22819.51563,22822.03125,43.9,44.3,7.0,21.562457142842632,1407,-1.6600335836410522,-0.46777158975601196,2.047060489654541,-1.6740423440933228
2.0,4718.666666666667,4719.016666666666,22822.03125,22841.07813,44.3,40.7,21.0,54.41965714286198,1408,-1.6600335836410522,-0.46777158975601196,2.047060489654541,-1.6740423440933228
2.0,4719.033333333334,4719.566666666667,22841.07813,22841.07813,40.7,71.7,32.0,0.0,1409,-0.29202011227607727,-1.3963449001312256,1.1969027519226074,-0.9354957938194275
2.0,4719.566666666667,4721.25,22841.07813,22948.0,71.7,47.8,101.0,63.517942574256416,1410,-1.6600335836410522,-0.46777158975601196,2.047060489654541,-1.6740423440933228
2.0,4721.383333333333,4723.7,22948.0,23063.85938,47.4,22.7,139.0,50.01124316546835,1411,-1.6600335836410522,-0.46777158975601196,2.047060489654541,-1.6740423440933228
2.0,4723.716666666666,4724.25,23063.85938,23063.85938,22.7,54.1,32.0,0.0,1412,-0.29202011227607727,-1.3963449001312256,1.1969027519226074,-0.9354957938194275
2.0,4724.25,4726.916666666667,23063.85938,23158.79688,54.1,35.2,160.0,35.6015625,1413,-1.6600335836410522,-0.46777158975601196,2.047060489654541,-1.6740423440933228
2.0,4727.5,4730.083333333333,23158.79688,23242.3125,64.7,47.8,155.0,32.32862709677354,1414,-1.6600335836410522,-0.46777158975601196,2.047060489654541,-1.6740423440933228
2.0,4730.566666666667,4731.4,23242.3125,23272.3125,47.4,41.9,50.0,36.0,1415,-1.6600335836410522,-0.46777158975601196,2.047060489654541,-1.6740423440933228
2.0,4731.4,4732.566666666667,23272.3125,23272.64063,41.9,39.2,70.0,0.2812542857157366,1416,-1.6600335836410522,-0.46777158975601196,2.047060489654541,-1.6740423440933228
2.0,4732.566666666667,4743.95,23272.64063,23272.64063,39.2,52.1,683.0,0.0,1417,-0.29202011227607727,-1.3963449001312256,1.6389106512069702,0.6988608241081238
2.0,4743.95,4744.65,23272.64063,23306.23438,52.1,47.0,42.0,47.99107142857143,1418,-1.6600335836410522,-0.46777158975601196,2.047060489654541,-1.6740423440933228
2.0,4744.733333333334,4745.316666666667,23306.23438,23339.375,47.0,40.7,35.0,56.81249142856852,1419,-1.6600335836410522,-0.46777158975601196,2.047060489654541,-1.6740423440933228
2.0,4745.566666666667,4748.75,23339.375,23491.28125,40.7,13.3,191.0,47.71924083769634,1420,-1.6600335836410522,-0.46777158975601196,2.047060489654541,-1.6740423440933228
2.0,4748.766666666666,4749.266666666666,23491.28125,23491.28125,13.3,44.7,30.0,0.0,1421,-0.29202011227607727,-1.3963449001312256,1.1969027519226074,-0.9354957938194275
2.0,4749.266666666666,4751.233333333334,23491.28125,23550.8125,44.7,32.9,118.0,30.27012711864407,1422,-1.6600335836410522,-0.46777158975601196,2.047060489654541,-1.6740423440933228
2.0,4751.25,4751.783333333334,23550.8125,23550.8125,32.9,62.3,32.0,0.0,1423,-0.29202011227607727,-1.3963449001312256,1.1969027519226074,-0.9354957938194275
2.0,4751.783333333334,4753.45,23550.8125,23621.89063,62.3,47.4,100.0,42.64687800000102,1424,-1.6600335836410522,-0.46777158975601196,2.047060489654541,-1.6740423440933228
2.0,4753.483333333334,4753.983333333334,23621.89063,23621.89063,47.4,76.0,30.0,0.0,1425,-0.29202011227607727,-1.3963449001312256,1.1969027519226074,-0.9354957938194275
2.0,4753.983333333334,4754.55,23621.89063,23646.95313,76.0,71.7,34.0,44.22794117647059,1426,-1.6600335836410522,-0.46777158975601196,2.047060489654541,-1.6740423440933228
2.0,4754.583333333333,4769.733333333334,23646.95313,23646.95313,71.7,89.8,909.0,0.0,1427,-0.29202011227607727,-1.3963449001312256,2.047060489654541,-1.6740423440933228
2.0,4769.733333333334,4773.166666666667,23646.95313,23759.32813,89.8,68.2,206.0,32.730582524271846,1428,-1.6600335836410522,-0.46777158975601196,2.047060489654541,-1.6740423440933228
2.0,4773.2,4774.4,23759.32813,23759.32813,68.2,69.0,72.0,0.0,1429,-0.29202011227607727,-1.3963449001312256,2.047060489654541,-1.6740423440933228
2.0,4774.4,4776.716666666666,23759.32813,23828.64063,69.0,52.9,139.0,29.919064748201436,1430,-1.6600335836410522,-0.46777158975601196,2.047060489654541,-1.6740423440933228
2.0,4776.9,4779.383333333333,23828.64063,23915.20313,52.9,36.0,149.0,34.85738255033557,1431,-1.6600335836410522,-0.46777158975601196,2.047060489654541,-1.6740423440933228
2.0,4779.416666666667,4779.916666666667,23915.20313,23915.20313,36.0,66.6,30.0,0.0,1432,-0.29202011227607727,-1.3963449001312256,1.1969027519226074,-0.9354957938194275
2.0,4779.916666666667,4783.75,23915.20313,24094.375,66.6,31.3,230.0,46.740487826086515,1433,-1.6600335836410522,-0.46777158975601196,2.047060489654541,-1.6740423440933228
2.0,4794.716666666666,4794.75,24096.92188,24097.29688,44.7,44.7,2.0,11.25,1434,-1.6600335836410522,-0.46777158975601196,2.047060489654541,-1.6740423440933228
2.0,4794.816666666667,4797.35,24097.29688,24204.98438,44.3,24.3,152.0,42.50822368421053,1435,-1.6600335836410522,-0.46777158975601196,2.047060489654541,-1.6740423440933228
2.0,4797.366666666667,4797.883333333333,24204.98438,24204.98438,24.3,55.6,31.0,0.0,1436,-0.29202011227607727,-1.3963449001312256,1.1969027519226074,-0.9354957938194275
2.0,4797.883333333333,4803.266666666666,24204.98438,24410.57813,55.6,16.4,323.0,38.190789473684205,1437,-1.6600335836410522,-0.46777158975601196,2.047060489654541,-1.6740423440933228
2.0,4803.283333333334,4804.1,24410.57813,24434.39063,16.4,12.1,49.0,29.158163265306122,1438,-1.6600335836410522,-0.46777158975601196,2.047060489654541,-1.6740423440933228
2.0,4804.116666666667,4814.45,24434.39063,24434.39063,12.1,24.7,620.0,0.0,1439,-0.29202011227607727,-1.3963449001312256,1.6389106512069702,0.6988608241081238
