vin,timestamp,end_time,odo,end_odo,soc,end_soc,event,charge_mode,duration,avg_speed,event_id
1.0,2021-01-01 20:31:00,2021-01-01 20:38:00,4436.640625,4439.46875,56.4,54.9,trip,0,7.0,24.241071428571427,1
1.0,2021-01-01 20:39:00,2021-01-02 15:13:00,4439.46875,4439.46875,54.9,100.0,charge,240,1114.0,0.0,2
1.0,2021-01-02 15:13:00,2021-01-02 15:21:00,4439.46875,4442.5,100.0,100.0,trip,0,8.0,22.734375,3
1.0,2021-01-02 15:21:00,2021-01-02 17:46:00,4442.5,4457.125,100.0,94.5,trip,0,145.0,6.051724137931035,4
1.0,2021-01-02 17:46:00,2021-01-02 17:53:00,4457.125,4461.45,94.5,94.5,trip,0,7.0,37.07142857142701,5
1.0,2021-01-02 18:18:00,2021-01-02 18:19:00,4461.45,4461.48375,94.1,94.1,trip,0,1.0,2.025000000030559,6
1.0,2021-01-02 21:28:00,2021-01-02 21:47:00,4461.48375,4480.75,93.7,89.4,trip,0,19.0,60.84078947368318,7
1.0,2021-01-03 14:08:00,2021-01-03 15:01:00,4480.75,4560.171875,89.0,70.1,trip,0,53.0,89.91155660377359,8
1.0,2021-01-03 15:18:00,2021-01-03 15:21:00,4560.171875,4560.359375,70.1,70.1,trip,0,3.0,3.75,9
1.0,2021-01-03 19:35:00,2021-01-03 21:04:00,4560.359375,4656.9375,70.5,43.9,trip,0,89.0,65.10884831460675,10
1.0,2021-01-03 21:17:00,2021-01-03 21:18:00,4656.9375,4658.234375,43.5,43.5,trip,0,1.0,77.8125,11
1.0,2021-01-03 21:18:00,2021-01-03 21:56:00,4658.234375,4658.234375,43.5,46.6,charge,240,38.0,0.0,12
1.0,2021-01-03 21:56:00,2021-01-03 22:00:00,4658.234375,4658.234375,46.6,46.6,trip,0,4.0,0.0,13
1.0,2021-01-03 22:01:00,2021-01-03 22:08:00,4658.921875,4662.390625,46.6,45.4,trip,0,7.0,29.732142857142858,14
1.0,2021-01-04 17:45:00,2021-01-04 17:51:00,4662.390625,4665.203125,45.8,45.0,trip,0,6.0,28.125,15
1.0,2021-01-04 18:16:00,2021-01-05 01:28:00,4667.953125,4667.953125,44.3,72.5,charge,240,432.0,0.0,16
1.0,2021-01-05 01:28:00,2021-01-05 02:39:00,4667.953125,4768.390625,72.5,48.6,trip,0,71.0,84.87676056338029,17
1.0,2021-01-05 03:00:00,2021-01-05 04:01:00,4768.390625,4865.609375,48.2,16.4,trip,0,61.0,95.625,18
1.0,2021-01-05 11:47:00,2021-01-05 11:56:00,4865.609375,4868.421875,16.8,16.0,trip,0,9.0,18.75,19
1.0,2021-01-05 11:59:00,2021-01-05 17:05:00,4868.421875,4868.421875,16.0,58.4,charge,240,306.0,0.0,20
1.0,2021-01-05 17:05:00,2021-01-05 17:12:00,4868.421875,4870.953125,58.4,58.8,trip,0,7.0,21.69642857142857,21
1.0,2021-01-05 18:28:00,2021-01-05 18:48:00,4870.953125,4880.484375,59.2,58.4,trip,0,20.0,28.59375,22
1.0,2021-01-05 18:52:00,2021-01-05 18:54:00,4880.484375,4880.484375,58.0,59.6,charge,DCCharging,2.0,0.0,23
1.0,2021-01-05 18:54:00,2021-01-05 19:29:00,4880.484375,4880.484375,59.6,81.1,charge,DCCharging,35.0,0.0,24
1.0,2021-01-05 19:29:00,2021-01-05 20:28:00,4880.484375,4973.09375,81.1,60.7,trip,0,59.0,94.17902542372882,25
1.0,2021-01-05 20:28:00,2021-01-05 20:31:00,4973.09375,4973.25,60.7,60.7,trip,0,3.0,3.125,26
1.0,2021-01-05 20:31:00,2021-01-05 20:34:00,4973.25,4974.078125,60.7,60.3,trip,0,3.0,16.5625,27
2.0,2021-04-26 18:40:00,2021-04-26 18:58:00,2096.265625,2106.125,70.9,69.4,trip,0,18.0,32.864583333333336,28
2.0,2021-04-26 22:21:00,2021-04-26 22:32:00,2106.125,2112.5,69.4,68.2,trip,0,11.0,34.77272727272727,29
2.0,2021-04-26 22:46:00,2021-04-26 22:57:00,2112.5,2118.859375,67.8,67.4,trip,0,11.0,34.6875,30
2.0,2021-04-27 02:44:00,2021-04-27 02:57:00,2118.875,2129.15625,66.6,63.5,trip,0,13.0,47.45192307692307,31
2.0,2021-04-27 21:12:00,2021-04-27 21:27:00,2129.15625,2142.859375,63.5,60.3,trip,0,15.0,54.8125,32
2.0,2021-04-27 22:10:00,2021-04-27 22:26:00,2142.859375,2157.046875,59.6,56.0,trip,0,16.0,53.203125,33
2.0,2021-04-28 00:13:00,2021-04-28 00:28:00,2157.046875,2170.640625,55.6,52.1,trip,0,15.0,54.375,34
2.0,2021-04-28 00:43:00,2021-04-28 00:52:00,2170.640625,2177.8125,51.7,49.8,trip,0,9.0,47.8125,35
2.0,2021-04-28 13:42:00,2021-04-28 13:56:00,2177.8125,2188.28125,47.8,45.0,trip,0,14.0,44.86607142857143,36
2.0,2021-04-28 18:21:00,2021-04-28 18:38:00,2188.28125,2201.890625,44.3,42.3,trip,0,17.0,48.033088235294116,37
2.0,2021-04-29 00:30:00,2021-04-29 00:46:00,2201.890625,2216.0625,41.9,38.8,trip,0,16.0,53.14453125,38
2.0,2021-04-29 09:28:00,2021-04-29 09:49:00,2216.0625,2231.390625,38.0,33.7,trip,0,21.0,43.79464285714286,39
2.0,2021-04-29 09:53:00,2021-04-29 10:44:00,2231.390625,2286.71875,33.7,24.3,trip,0,51.0,65.09191176470588,40
2.0,2021-04-29 10:46:00,2021-04-29 11:17:00,2286.71875,2286.734375,24.3,59.2,charge,DCCharging,31.0,0.030241935483870965,41
2.0,2021-04-29 11:17:00,2021-04-29 11:43:00,2286.734375,2307.015625,59.2,55.6,trip,0,26.0,46.80288461538461,42
2.0,2021-04-29 14:07:00,2021-04-29 14:33:00,2307.015625,2318.296875,51.7,49.8,trip,0,26.0,26.033653846153847,43
2.0,2021-04-29 15:20:00,2021-04-29 15:29:00,2318.296875,2322.265625,49.8,49.8,trip,0,9.0,26.458333333333336,44
2.0,2021-04-29 17:05:00,2021-04-29 18:53:00,2322.265625,2411.515625,49.0,26.6,trip,0,108.0,49.58333333333333,45
2.0,2021-04-29 18:53:00,2021-04-29 19:05:00,2411.515625,2419.8125,26.6,25.8,trip,0,12.0,41.484375,46
2.0,2021-04-29 19:05:00,2021-04-29 19:16:00,2419.8125,2419.84375,25.8,25.4,trip,0,11.0,0.17045454545454547,47
2.0,2021-04-29 19:16:00,2021-04-29 23:10:00,2419.84375,2498.796875,25.4,12.1,trip,0,234.0,20.244391025641026,48
2.0,2021-04-29 23:11:00,2021-04-29 23:19:00,2498.796875,2502.71875,12.1,11.3,trip,0,8.0,29.4140625,49
2.0,2021-04-29 23:34:00,2021-04-29 23:34:00,2502.71875,2502.75,10.9,10.9,trip,0,0.0,0.0,50
2.0,2021-04-29 23:35:00,2021-04-30 00:40:00,2502.75,2502.75,10.9,20.0,charge,240,65.0,0.0,51
2.0,2021-04-30 00:40:00,2021-04-30 00:48:00,2502.75,2507.140625,20.0,18.8,trip,0,8.0,32.9296875,52
2.0,2021-04-30 18:52:00,2021-04-30 19:11:00,2507.140625,2520.84375,20.3,18.4,trip,0,19.0,43.27302631578947,53
2.0,2021-04-30 19:11:00,2021-04-30 21:54:00,2520.84375,2520.84375,18.4,34.9,charge,240,163.0,0.0,54
2.0,2021-04-30 21:54:00,2021-04-30 21:57:00,2520.84375,2521.03125,34.9,34.9,trip,0,3.0,3.75,55
2.0,2021-05-01 00:47:00,2021-05-01 01:04:00,2521.03125,2535.15625,35.2,32.1,trip,0,17.0,49.85294117647059,56
2.0,2021-05-01 15:24:00,2021-05-01 15:55:00,2535.15625,2541.265625,30.5,29.8,trip,0,31.0,11.824596774193548,57
2.0,2021-05-01 15:55:00,2021-05-01 16:07:00,2541.265625,2547.1875,29.8,28.6,trip,0,12.0,29.609375,58
2.0,2021-05-01 16:24:00,2021-05-01 16:40:00,2547.1875,2557.328125,28.2,27.0,trip,0,16.0,38.02734375,59
2.0,2021-05-01 18:19:00,2021-05-01 18:28:00,2557.328125,2562.8125,26.6,25.8,trip,0,9.0,36.5625,60
2.0,2021-05-01 18:37:00,2021-05-01 18:51:00,2562.8125,2573.890625,25.8,24.3,trip,0,14.0,47.47767857142857,61
2.0,2021-05-01 18:52:00,2021-05-02 00:04:00,2573.890625,2573.890625,24.3,41.1,charge,240,312.0,0.0,62
2.0,2021-05-02 00:04:00,2021-05-02 00:06:00,2573.890625,2574.078125,41.1,41.1,trip,0,2.0,5.625,63
2.0,2021-05-02 00:34:00,2021-05-02 00:43:00,2574.078125,2582.265625,41.1,39.6,trip,0,9.0,54.583333333333336,64
2.0,2021-05-02 01:00:00,2021-05-02 01:11:00,2582.265625,2588.34375,39.2,38.4,trip,0,11.0,33.15340909090909,65
2.0,2021-05-02 15:38:00,2021-05-02 16:11:00,2588.34375,2609.625,36.8,34.1,trip,0,33.0,38.69318181818181,66
2.0,2021-05-02 16:11:00,2021-05-02 16:53:00,2609.625,2609.65625,34.1,33.3,trip,0,42.0,0.044642857142857144,67
2.0,2021-05-02 16:53:00,2021-05-02 16:57:00,2609.65625,2611.796875,33.3,33.7,trip,0,4.0,32.109375,68
2.0,2021-05-02 17:32:00,2021-05-02 17:38:00,2611.796875,2614.203125,33.7,33.3,trip,0,6.0,24.0625,69
2.0,2021-05-03 13:33:00,2021-05-03 13:50:00,2614.203125,2625.515625,32.1,30.1,trip,0,17.0,39.9264705882353,70
2.0,2021-05-03 13:54:00,2021-05-03 14:31:00,2625.515625,2649.546875,30.1,26.2,trip,0,37.0,38.96959459459459,71
2.0,2021-05-03 18:32:00,2021-05-03 18:48:00,2649.546875,2657.875,25.8,24.3,trip,0,16.0,31.23046875,72
2.0,2021-05-03 18:54:00,2021-05-03 19:07:00,2657.875,2664.53125,24.3,23.9,trip,0,13.0,30.721153846153847,73
2.0,2021-05-03 19:26:00,2021-05-03 19:33:00,2664.53125,2667.984375,23.5,23.1,trip,0,7.0,29.598214285714285,74
2.0,2021-05-03 19:56:00,2021-05-03 20:04:00,2667.984375,2671.890625,23.1,22.7,trip,0,8.0,29.296875,75
2.0,2021-05-03 20:22:00,2021-05-03 20:43:00,2671.890625,2687.1875,22.3,19.2,trip,0,21.0,43.705357142857146,76
2.0,2021-05-03 21:44:00,2021-05-03 21:58:00,2687.1875,2694.96875,19.2,17.6,trip,0,14.0,33.348214285714285,77
2.0,2021-05-03 22:06:00,2021-05-03 22:21:00,2694.96875,2704.03125,17.6,16.0,trip,0,15.0,36.25,78
2.0,2021-05-04 14:41:00,2021-05-04 15:08:00,2704.03125,2718.265625,15.6,13.3,trip,0,27.0,31.631944444444443,79
2.0,2021-05-04 15:20:00,2021-05-04 15:43:00,2718.265625,2734.28125,12.9,10.5,trip,0,23.0,41.77989130434782,80
2.0,2021-05-04 15:45:00,2021-05-04 17:46:00,2734.28125,2734.28125,10.5,12.5,charge,0,121.0,0.0,81
2.0,2021-05-04 17:46:00,2021-05-04 18:08:00,2734.28125,2749.71875,12.5,10.1,trip,0,22.0,42.102272727272734,82
2.0,2021-05-04 18:22:00,2021-05-04 18:45:00,2749.71875,2765.46875,9.8,7.4,trip,0,23.0,41.086956521739125,83
2.0,2021-05-04 19:07:00,2021-05-04 19:26:00,2765.46875,2776.53125,7.0,5.4,trip,0,19.0,34.93421052631579,84
2.0,2021-05-04 19:27:00,2021-05-04 21:43:00,2776.53125,2776.53125,5.4,22.3,charge,240,136.0,0.0,85
2.0,2021-05-04 21:43:00,2021-05-04 21:49:00,2776.53125,2777.484375,22.3,22.3,trip,0,6.0,9.53125,86
2.0,2021-05-04 21:50:00,2021-05-04 22:08:00,2777.484375,2777.484375,22.3,24.3,charge,240,18.0,0.0,87
2.0,2021-05-04 22:08:00,2021-05-04 22:12:00,2777.484375,2778.328125,24.3,24.7,trip,0,4.0,12.65625,88
2.0,2021-05-04 22:12:00,2021-05-05 01:14:00,2778.328125,2778.328125,24.7,51.3,charge,240,182.0,0.0,89
2.0,2021-05-05 01:14:00,2021-05-05 01:16:00,2778.328125,2778.59375,51.3,51.3,trip,0,2.0,7.96875,90
2.0,2021-05-05 01:41:00,2021-05-05 01:54:00,2778.609375,2790.234375,51.3,48.6,trip,0,13.0,53.65384615384615,91
2.0,2021-05-05 14:21:00,2021-05-05 14:39:00,2790.234375,2800.4375,48.6,47.0,trip,0,18.0,34.01041666666667,92
2.0,2021-05-05 14:39:00,2021-05-05 15:17:00,2800.4375,2800.4375,47.0,50.5,charge,240,38.0,0.0,93
2.0,2021-05-05 15:17:00,2021-05-05 15:22:00,2800.4375,2802.875,50.5,50.5,trip,0,5.0,29.25,94
2.0,2021-05-05 15:23:00,2021-05-05 15:41:00,2802.875,2802.875,50.5,52.5,charge,240,18.0,0.0,95
2.0,2021-05-05 15:41:00,2021-05-05 15:59:00,2802.875,2811.671875,52.5,50.5,trip,0,18.0,29.322916666666668,96
2.0,2021-05-05 16:13:00,2021-05-05 17:40:00,2811.671875,2875.703125,50.5,39.6,trip,0,87.0,44.15948275862069,97
2.0,2021-05-05 17:40:00,2021-05-05 18:48:00,2875.703125,2875.75,39.6,38.8,trip,0,68.0,0.04136029411764706,98
2.0,2021-05-05 18:48:00,2021-05-05 19:03:00,2875.75,2886.8125,38.8,36.8,trip,0,15.0,44.25,99
2.0,2021-05-05 19:04:00,2021-05-05 19:05:00,2886.8125,2887.03125,36.8,36.8,trip,0,1.0,13.125,100
2.0,2021-05-05 19:05:00,2021-05-05 20:29:00,2887.03125,2887.03125,36.8,48.6,charge,240,84.0,0.0,101
2.0,2021-05-05 20:29:00,2021-05-05 20:46:00,2887.03125,2895.171875,48.6,47.0,trip,0,17.0,28.731617647058826,102
2.0,2021-05-05 20:47:00,2021-05-05 21:19:00,2895.171875,2900.703125,47.0,45.8,trip,0,32.0,10.37109375,103
2.0,2021-05-05 21:45:00,2021-05-05 21:56:00,2900.703125,2910.1875,45.0,43.9,trip,0,11.0,51.73295454545455,104
2.0,2021-05-05 21:56:00,2021-05-06 00:28:00,2910.1875,2910.1875,43.9,65.8,charge,240,152.0,0.0,105
2.0,2021-05-06 00:28:00,2021-05-06 00:42:00,2910.1875,2921.828125,65.8,63.1,trip,0,14.0,49.888392857142854,106
2.0,2021-05-06 19:16:00,2021-05-06 19:28:00,2921.828125,2928.125,63.9,63.1,trip,0,12.0,31.484375,107
2.0,2021-05-06 19:32:00,2021-05-06 19:47:00,2928.125,2935.0,63.1,61.9,trip,0,15.0,27.5,108
2.0,2021-05-06 20:39:00,2021-05-06 21:01:00,2935.0,2948.328125,61.1,59.2,trip,0,22.0,36.34943181818182,109
2.0,2021-05-07 18:51:00,2021-05-07 19:12:00,2948.328125,2959.421875,58.8,57.6,trip,0,21.0,31.696428571428573,110
2.0,2021-05-07 19:13:00,2021-05-07 22:03:00,2959.421875,2959.421875,57.6,82.7,charge,240,170.0,0.0,111
2.0,2021-05-07 22:03:00,2021-05-07 22:05:00,2959.421875,2959.578125,82.7,82.7,trip,0,2.0,4.6875,112
2.0,2021-05-07 23:40:00,2021-05-07 23:42:00,2959.578125,2960.015625,82.3,82.3,trip,0,2.0,13.125,113
2.0,2021-05-08 00:48:00,2021-05-08 00:58:00,2960.015625,2968.1875,81.9,80.3,trip,0,10.0,49.03125,114
2.0,2021-05-08 01:12:00,2021-05-08 01:26:00,2968.1875,2976.921875,80.0,78.0,trip,0,14.0,37.433035714285715,115
2.0,2021-05-08 12:33:00,2021-05-08 12:47:00,2976.921875,2988.015625,78.0,76.8,trip,0,14.0,47.544642857142854,116
2.0,2021-05-08 12:48:00,2021-05-08 14:52:00,2988.015625,2988.015625,76.8,93.7,charge,240,124.0,0.0,117
2.0,2021-05-08 14:52:00,2021-05-08 14:55:00,2988.015625,2988.203125,93.7,93.7,trip,0,3.0,3.75,118
2.0,2021-05-08 18:56:00,2021-05-08 19:14:00,2988.203125,2999.984375,93.3,90.9,trip,0,18.0,39.270833333333336,119
2.0,2021-05-08 22:36:00,2021-05-08 22:40:00,3000.0,3002.25,90.5,90.5,trip,0,4.0,33.75,120
2.0,2021-05-08 22:45:00,2021-05-08 22:49:00,3002.25,3004.203125,90.5,89.8,trip,0,4.0,29.296875,121
2.0,2021-05-09 10:48:00,2021-05-09 10:53:00,3004.203125,3006.359375,89.8,88.6,trip,0,5.0,25.875,122
2.0,2021-05-09 11:01:00,2021-05-09 11:05:00,3006.359375,3008.53125,88.6,88.6,trip,0,4.0,32.578125,123
2.0,2021-05-09 19:57:00,2021-05-09 20:09:00,3008.546875,3015.46875,87.8,87.0,trip,0,12.0,34.609375,124
2.0,2021-05-09 20:19:00,2021-05-09 20:32:00,3015.46875,3022.03125,86.6,85.0,trip,0,13.0,30.288461538461537,125
2.0,2021-05-10 14:03:00,2021-05-10 14:04:00,3022.03125,3022.578125,84.7,84.7,trip,0,1.0,32.8125,126
2.0,2021-05-10 14:05:00,2021-05-10 15:26:00,3022.578125,3022.578125,84.7,86.2,charge,120,81.0,0.0,127
2.0,2021-05-10 15:26:00,2021-05-10 15:34:00,3022.578125,3025.53125,86.2,86.2,trip,0,8.0,22.1484375,128
2.0,2021-05-10 15:36:00,2021-05-10 17:46:00,3025.53125,3081.25,86.2,76.4,trip,0,130.0,25.716346153846157,129
2.0,2021-05-10 17:47:00,2021-05-10 17:53:00,3081.25,3083.78125,76.4,76.0,trip,0,6.0,25.3125,130
2.0,2021-05-10 18:29:00,2021-05-10 20:42:00,3083.78125,3202.0,76.0,52.5,trip,0,133.0,53.33176691729323,131
2.0,2021-05-10 20:49:00,2021-05-10 21:23:00,3202.0,3243.71875,52.1,41.9,trip,0,34.0,73.62132352941177,132
2.0,2021-05-10 21:41:00,2021-05-10 22:34:00,3243.71875,3317.84375,41.9,24.3,trip,0,53.0,83.91509433962264,133
2.0,2021-05-10 22:37:00,2021-05-10 22:39:00,3317.84375,3318.3125,24.3,24.3,trip,0,2.0,14.0625,134
2.0,2021-05-10 22:40:00,2021-05-11 00:15:00,3318.3125,3318.3125,24.3,38.4,charge,240,95.0,0.0,135
2.0,2021-05-11 00:15:00,2021-05-11 01:38:00,3318.3125,3372.109375,38.4,29.8,trip,0,83.0,38.88930722891566,136
2.0,2021-05-11 01:41:00,2021-05-11 17:58:00,3372.109375,3372.109375,29.8,49.8,charge,120,977.0,0.0,137
2.0,2021-05-11 17:58:00,2021-05-11 21:03:00,3372.109375,3475.96875,49.8,30.5,trip,0,185.0,33.68412162162162,138
2.0,2021-05-11 21:04:00,2021-05-11 21:09:00,3475.96875,3475.96875,30.5,30.9,charge,240,5.0,0.0,139
2.0,2021-05-11 21:09:00,2021-05-11 21:42:00,3475.96875,3494.171875,30.9,27.4,trip,0,33.0,33.09659090909091,140
2.0,2021-05-11 21:46:00,2021-05-11 22:21:00,3494.171875,3513.078125,27.4,25.0,trip,0,35.0,32.410714285714285,141
2.0,2021-05-11 22:22:00,2021-05-12 00:28:00,3513.078125,3513.078125,25.0,43.5,charge,240,126.0,0.0,142
2.0,2021-05-12 00:28:00,2021-05-12 00:35:00,3513.078125,3515.25,43.5,43.5,trip,0,7.0,18.616071428571427,143
2.0,2021-05-12 00:37:00,2021-05-12 03:30:00,3515.25,3645.8125,43.5,16.8,trip,0,173.0,45.28179190751445,144
2.0,2021-05-12 03:31:00,2021-05-12 12:55:00,3645.8125,3645.8125,16.8,28.2,charge,120,564.0,0.0,145
2.0,2021-05-12 12:55:00,2021-05-12 14:05:00,3645.8125,3696.296875,28.2,19.6,trip,0,70.0,43.27232142857142,146
2.0,2021-05-12 14:06:00,2021-05-12 16:08:00,3696.296875,3696.296875,19.6,37.6,charge,240,122.0,0.0,147
2.0,2021-05-12 16:08:00,2021-05-12 17:41:00,3696.296875,3778.484375,37.6,21.9,trip,0,93.0,53.024193548387096,148
2.0,2021-05-12 17:41:00,2021-05-12 18:55:00,3778.484375,3778.484375,21.9,32.1,charge,240,74.0,0.0,149
2.0,2021-05-12 18:55:00,2021-05-12 19:14:00,3778.484375,3790.109375,32.1,29.4,trip,0,19.0,36.71052631578947,150
2.0,2021-05-12 20:39:00,2021-05-12 21:31:00,3790.109375,3822.453125,29.0,23.9,trip,0,52.0,37.31971153846154,151
2.0,2021-05-12 21:33:00,2021-05-12 22:00:00,3822.453125,3852.03125,23.9,17.6,trip,0,27.0,65.72916666666667,152
2.0,2021-05-12 22:15:00,2021-05-12 22:25:00,3852.03125,3857.46875,17.6,17.2,trip,0,10.0,32.625,153
2.0,2021-05-12 22:25:00,2021-05-12 23:55:00,3857.46875,3857.46875,17.2,31.3,charge,240,90.0,0.0,154
2.0,2021-05-12 23:55:00,2021-05-13 00:12:00,3857.46875,3869.421875,31.3,30.1,trip,0,17.0,42.1875,155
2.0,2021-05-13 00:21:00,2021-05-13 02:48:00,3869.421875,3997.6875,30.1,3.5,trip,0,147.0,52.35331632653061,156
2.0,2021-05-13 02:48:00,2021-05-13 03:03:00,3997.6875,3997.6875,3.5,4.7,charge,240,15.0,0.0,157
2.0,2021-05-13 03:03:00,2021-05-13 03:11:00,3997.6875,4002.234375,4.7,3.9,trip,0,8.0,34.1015625,158
2.0,2021-05-13 03:12:00,2021-05-13 04:00:00,4002.234375,4002.234375,3.9,7.0,charge,240,48.0,0.0,159
2.0,2021-05-13 04:00:00,2021-05-13 04:06:00,4002.234375,4004.5,7.0,6.2,trip,0,6.0,22.65625,160
2.0,2021-05-13 04:08:00,2021-05-13 04:08:00,4004.5,4004.515625,6.2,6.2,trip,0,0.0,0.0,161
2.0,2021-05-13 04:12:00,2021-05-13 04:27:00,4004.53125,4004.53125,6.2,20.0,charge,DCCharging,15.0,0.0,162
2.0,2021-05-13 04:27:00,2021-05-13 04:57:00,4004.53125,4035.515625,20.0,13.3,trip,0,30.0,61.96875,163
2.0,2021-05-13 04:57:00,2021-05-13 19:48:00,4035.515625,4035.515625,13.3,31.3,charge,120,891.0,0.0,164
2.0,2021-05-13 19:48:00,2021-05-13 20:04:00,4035.515625,4043.625,31.3,29.8,trip,0,16.0,30.41015625,165
2.0,2021-05-13 20:06:00,2021-05-13 21:12:00,4043.625,4081.328125,29.8,24.7,trip,0,66.0,34.27556818181818,166
2.0,2021-05-13 21:13:00,2021-05-13 21:51:00,4081.328125,4081.328125,24.7,29.8,charge,240,38.0,0.0,167
2.0,2021-05-13 21:51:00,2021-05-13 22:09:00,4081.328125,4096.984375,29.8,27.0,trip,0,18.0,52.1875,168
2.0,2021-05-13 22:26:00,2021-05-13 23:08:00,4096.984375,4137.046875,27.0,18.8,trip,0,42.0,57.23214285714286,169
2.0,2021-05-13 23:17:00,2021-05-13 23:51:00,4137.046875,4137.046875,18.8,47.0,charge,DCCharging,34.0,0.0,170
2.0,2021-05-13 23:51:00,2021-05-14 00:50:00,4137.046875,4160.046875,47.0,43.1,trip,0,59.0,23.389830508474578,171
2.0,2021-05-14 00:51:00,2021-05-14 00:58:00,4160.046875,4160.046875,43.1,43.9,charge,240,7.0,0.0,172
2.0,2021-05-14 00:58:00,2021-05-14 04:54:00,4160.046875,4336.84375,43.9,9.4,trip,0,236.0,44.94835805084746,173
2.0,2021-05-14 04:55:00,2021-05-14 18:18:00,4336.84375,4336.84375,9.4,25.4,charge,120,803.0,0.0,174
2.0,2021-05-14 18:18:00,2021-05-14 18:33:00,4336.84375,4344.9375,25.4,23.9,trip,0,15.0,32.375,175
2.0,2021-05-14 18:34:00,2021-05-14 18:41:00,4344.9375,4348.90625,23.9,23.9,trip,0,7.0,34.01785714285714,176
2.0,2021-05-14 18:59:00,2021-05-14 19:49:00,4348.90625,4367.265625,23.5,20.3,trip,0,50.0,22.03125,177
2.0,2021-05-14 19:50:00,2021-05-14 20:53:00,4367.265625,4367.265625,20.3,70.9,charge,DCCharging,63.0,0.0,178
2.0,2021-05-14 20:53:00,2021-05-14 22:00:00,4367.265625,4384.640625,70.9,67.0,trip,0,67.0,15.559701492537313,179
2.0,2021-05-14 22:23:00,2021-05-15 00:29:00,4384.640625,4473.140625,67.0,49.0,trip,0,126.0,42.14285714285714,180
2.0,2021-05-15 00:29:00,2021-05-15 00:38:00,4473.140625,4473.140625,49.0,49.8,charge,240,9.0,0.0,181
2.0,2021-05-15 00:38:00,2021-05-15 03:05:00,4473.140625,4585.78125,49.8,27.4,trip,0,147.0,45.97576530612245,182
1.0,2021-01-06 14:29:00,2021-01-06 14:38:00,4974.078125,4975.34375,59.6,59.6,trip,0,9.0,8.4375,183
1.0,2021-01-06 14:39:00,2021-01-06 15:11:00,4975.34375,4975.34375,59.6,64.3,charge,0,32.0,0.0,184
1.0,2021-01-06 15:11:00,2021-01-06 15:34:00,4975.34375,4981.546875,64.3,62.3,trip,0,23.0,16.182065217391305,185
1.0,2021-01-06 15:34:00,2021-01-06 15:35:00,4981.546875,4981.5625,62.3,62.3,trip,0,1.0,0.9375,186
1.0,2021-01-06 15:35:00,2021-01-06 18:10:00,4981.5625,4998.109375,62.3,59.6,trip,0,155.0,6.405241935483871,187
1.0,2021-01-06 18:10:00,2021-01-06 18:13:00,4998.109375,4998.59375,59.6,59.6,trip,0,3.0,9.6875,188
1.0,2021-01-06 18:13:00,2021-01-06 18:37:00,4998.59375,5000.78125,59.6,58.8,trip,0,24.0,5.46875,189
1.0,2021-01-06 18:37:00,2021-01-06 19:04:00,5000.78125,5006.25,58.8,58.4,trip,0,27.0,12.152777777777777,190
1.0,2021-01-06 19:09:00,2021-01-06 19:12:00,5006.25,5007.3125,57.6,57.6,trip,0,3.0,21.25,191
1.0,2021-01-06 19:12:00,2021-01-06 19:14:00,5007.3125,5007.5,57.6,57.6,trip,0,2.0,5.625,192
1.0,2021-01-06 19:35:00,2021-01-06 19:36:00,5007.5,5008.265625,68.6,68.6,trip,0,1.0,45.9375,193
1.0,2021-01-06 19:36:00,2021-01-06 19:41:00,5008.265625,5010.078125,68.6,68.6,trip,0,5.0,21.75,194
1.0,2021-01-06 20:55:00,2021-01-06 21:08:00,5010.078125,5015.25,68.2,67.0,trip,0,13.0,23.870192307692307,195
1.0,2021-01-06 21:17:00,2021-01-06 21:28:00,5015.25,5024.5625,66.6,64.7,trip,0,11.0,50.79545454545455,196
1.0,2021-01-06 21:46:00,2021-01-06 21:50:00,5024.5625,5025.71875,63.9,63.9,trip,0,4.0,17.34375,197
1.0,2021-01-07 10:24:00,2021-01-07 10:52:00,5025.71875,5047.5,63.5,57.6,trip,0,28.0,46.67410714285714,198
1.0,2021-01-07 13:34:00,2021-01-07 14:10:00,5047.5,5070.328125,56.4,52.5,trip,0,36.0,38.046875,199
1.0,2021-01-07 19:12:00,2021-01-07 19:53:00,5070.328125,5086.34375,51.7,49.4,trip,0,41.0,23.4375,200
1.0,2021-01-07 20:54:00,2021-01-07 21:01:00,5086.34375,5088.5,49.0,48.6,trip,0,7.0,18.482142857142858,201
1.0,2021-01-07 21:49:00,2021-01-08 08:04:00,5088.5,5105.359375,78.4,74.1,trip,0,615.0,1.6448170731707317,202
1.0,2021-01-08 08:04:00,2021-01-08 08:57:00,5105.359375,5189.65625,74.1,44.3,trip,0,53.0,95.43042452830188,203
1.0,2021-01-08 10:56:00,2021-01-08 11:13:00,5189.65625,5201.6875,43.5,40.0,trip,0,17.0,42.463235294117645,204
1.0,2021-01-08 11:13:00,2021-01-08 13:23:00,5201.6875,5201.765625,40.0,40.3,trip,0,130.0,0.03605769230769231,205
1.0,2021-01-08 13:23:00,2021-01-08 13:30:00,5201.765625,5204.515625,40.3,40.0,trip,0,7.0,23.57142857142857,206
1.0,2021-01-08 13:31:00,2021-01-08 22:44:00,5204.515625,5204.515625,40.0,100.0,charge,240,553.0,0.0,207
1.0,2021-01-08 22:44:00,2021-01-08 22:53:00,5204.515625,5207.25,100.0,100.0,trip,0,9.0,18.229166666666668,208
1.0,2021-01-09 10:00:00,2021-01-09 10:49:00,5207.25,5286.109375,100.0,78.4,trip,0,49.0,96.5625,209
1.0,2021-01-09 13:45:00,2021-01-09 13:48:00,5286.109375,5287.15625,77.6,77.6,trip,0,3.0,20.9375,210
1.0,2021-01-09 13:48:00,2021-01-09 16:08:00,5287.15625,5366.84375,77.6,56.8,trip,0,140.0,34.151785714285715,211
1.0,2021-01-09 16:08:00,2021-01-09 16:09:00,5366.84375,5366.875,56.8,56.8,trip,0,1.0,1.875,212
1.0,2021-01-09 16:16:00,2021-01-10 15:15:00,5445.390625,5445.390625,56.4,78.0,charge,120,1379.0,0.0,213
1.0,2021-01-10 15:15:00,2021-01-10 15:22:00,5445.390625,5446.46875,78.0,78.0,trip,0,7.0,9.241071428571429,214
1.0,2021-01-10 19:35:00,2021-01-10 19:53:00,5446.46875,5454.53125,76.4,74.1,trip,0,18.0,26.875,215
1.0,2021-01-10 19:53:00,2021-01-10 20:55:00,5454.53125,5540.78125,74.1,48.6,trip,0,62.0,83.46774193548386,216
1.0,2021-01-11 00:08:00,2021-01-11 14:12:00,5540.78125,5540.78125,49.4,74.5,charge,120,844.0,0.0,217
1.0,2021-01-11 14:12:00,2021-01-11 14:18:00,5540.78125,5540.8125,74.5,74.1,trip,0,6.0,0.3125,218
1.0,2021-01-11 14:18:00,2021-01-11 15:15:00,5540.8125,5631.203125,74.1,54.9,trip,0,57.0,95.14802631578948,219
1.0,2021-01-11 15:23:00,2021-01-11 15:28:00,5631.203125,5633.40625,54.1,54.1,trip,0,5.0,26.4375,220
1.0,2021-01-11 15:47:00,2021-01-11 15:52:00,5633.40625,5635.734375,53.7,53.7,trip,0,5.0,27.9375,221
1.0,2021-01-11 17:02:00,2021-01-11 18:22:00,5635.734375,5730.109375,53.3,27.0,trip,0,80.0,70.78125,222
1.0,2021-01-11 18:31:00,2021-01-11 18:45:00,5730.125,5735.203125,27.0,26.2,trip,0,14.0,21.763392857142858,223
1.0,2021-01-11 18:45:00,2021-01-12 10:32:00,5735.203125,5735.203125,26.2,100.0,charge,240,947.0,0.0,224
1.0,2021-01-12 10:32:00,2021-01-12 10:40:00,5735.203125,5739.125,100.0,99.2,trip,0,8.0,29.4140625,225
1.0,2021-01-12 10:40:00,2021-01-12 11:39:00,5739.125,5824.203125,99.2,78.0,trip,0,59.0,86.52012711864407,226
1.0,2021-01-12 11:39:00,2021-01-13 13:07:00,5824.203125,5909.734375,78.0,53.7,trip,0,1528.0,3.358556937172775,227
1.0,2021-01-13 13:07:00,2021-01-13 13:09:00,5909.734375,5909.765625,53.7,53.7,trip,0,2.0,0.9375,228
1.0,2021-01-13 13:10:00,2021-01-13 18:19:00,5909.765625,5909.765625,53.7,62.3,charge,120,309.0,0.0,229
1.0,2021-01-13 18:19:00,2021-01-13 19:15:00,5909.765625,5996.625,62.3,41.5,trip,0,56.0,93.06361607142857,230
1.0,2021-01-13 19:19:00,2021-01-13 19:21:00,5996.625,5996.96875,41.5,41.5,trip,0,2.0,10.3125,231
1.0,2021-01-13 19:22:00,2021-01-13 19:30:00,5996.96875,5996.96875,41.5,50.1,charge,0,8.0,0.0,232
1.0,2021-01-13 19:30:00,2021-01-13 20:46:00,5996.96875,5998.875,50.1,50.9,trip,0,76.0,1.504934210526316,233
1.0,2021-01-13 20:46:00,2021-01-13 21:57:00,5998.875,6084.390625,50.9,25.8,trip,0,71.0,72.26672535211267,234
1.0,2021-01-13 22:02:00,2021-01-14 00:07:00,6084.390625,6084.390625,25.8,29.4,charge,120,125.0,0.0,235
1.0,2021-01-14 00:07:00,2021-01-14 00:12:00,6084.390625,6087.234375,29.4,28.2,trip,0,5.0,34.125,236
1.0,2021-01-14 00:13:00,2021-01-14 09:50:00,6087.234375,6087.234375,28.2,100.0,charge,240,577.0,0.0,237
1.0,2021-01-14 09:50:00,2021-01-14 10:47:00,6087.234375,6163.546875,100.0,85.8,trip,0,57.0,80.32894736842105,238
1.0,2021-01-14 10:47:00,2021-01-14 10:52:00,6163.546875,6163.59375,85.8,85.4,trip,0,5.0,0.5625,239
1.0,2021-01-14 10:52:00,2021-01-14 10:54:00,6163.59375,6164.609375,85.4,85.4,trip,0,2.0,30.46875,240
1.0,2021-01-14 13:36:00,2021-01-14 13:37:00,6164.609375,6164.625,84.3,84.3,trip,0,1.0,0.9375,241
1.0,2021-01-14 13:38:00,2021-01-14 13:45:00,6164.625,6165.65625,84.3,84.3,trip,0,7.0,8.839285714285714,242
1.0,2021-01-14 13:59:00,2021-01-14 14:08:00,6165.65625,6168.609375,84.3,83.5,trip,0,9.0,19.6875,243
1.0,2021-01-14 18:00:00,2021-01-14 18:09:00,6168.609375,6170.328125,83.1,82.7,trip,0,9.0,11.458333333333334,244
1.0,2021-01-14 18:18:00,2021-01-14 18:19:00,6170.328125,6170.34375,82.3,82.3,trip,0,1.0,0.9375,245
1.0,2021-01-14 18:21:00,2021-01-14 18:24:00,6170.34375,6170.34375,82.3,82.3,trip,0,3.0,0.0,246
1.0,2021-01-14 18:25:00,2021-01-14 18:27:00,6170.34375,6170.640625,82.3,82.3,trip,0,2.0,8.90625,247
1.0,2021-01-14 18:30:00,2021-01-14 19:10:00,6170.640625,6180.640625,82.3,80.3,trip,0,40.0,15.0,248
1.0,2021-01-14 19:10:00,2021-01-14 19:14:00,6180.640625,6181.84375,80.3,80.0,trip,0,4.0,18.046875,249
1.0,2021-01-14 19:14:00,2021-01-14 19:52:00,6181.84375,6181.84375,80.0,81.5,charge,240,38.0,0.0,250
1.0,2021-01-14 19:52:00,2021-01-14 19:58:00,6181.84375,6181.84375,81.5,81.5,trip,0,6.0,0.0,251
1.0,2021-01-14 22:01:00,2021-01-14 22:58:00,6181.84375,6267.171875,81.5,56.4,trip,0,57.0,89.81907894736842,252
1.0,2021-01-14 22:58:00,2021-01-15 09:53:00,6267.171875,6267.25,56.4,56.4,trip,0,655.0,0.007156488549618321,253
1.0,2021-01-15 09:53:00,2021-01-15 10:56:00,6267.25,6351.96875,56.4,38.8,trip,0,63.0,80.68452380952381,254
1.0,2021-01-15 13:32:00,2021-01-15 14:05:00,6351.96875,6380.484375,38.4,30.5,trip,0,33.0,51.84659090909091,255
1.0,2021-01-15 14:05:00,2021-01-15 14:34:00,6380.484375,6380.484375,30.5,65.4,charge,DCCharging,29.0,0.0,256
1.0,2021-01-15 14:34:00,2021-01-15 15:15:00,6380.484375,6445.078125,65.4,45.8,trip,0,41.0,94.52743902439025,257
1.0,2021-01-15 15:40:00,2021-01-15 15:41:00,6445.078125,6445.078125,45.8,45.8,trip,0,1.0,0.0,258
1.0,2021-01-15 15:41:00,2021-01-15 19:45:00,6445.078125,6445.078125,45.8,52.5,charge,0,244.0,0.0,259
1.0,2021-01-15 19:45:00,2021-01-15 20:03:00,6445.078125,6454.171875,52.5,51.3,trip,0,18.0,30.3125,260
1.0,2021-01-15 20:03:00,2021-01-15 20:04:00,6454.171875,6454.234375,51.3,51.3,trip,0,1.0,3.75,261
1.0,2021-01-15 21:09:00,2021-01-15 21:25:00,6454.234375,6462.421875,51.3,49.0,trip,0,16.0,30.703125,262
1.0,2021-01-15 22:00:00,2021-01-15 22:02:00,6462.421875,6462.625,49.0,49.0,trip,0,2.0,6.09375,263
1.0,2021-01-15 22:03:00,2021-01-15 22:29:00,6462.625,6477.234375,49.0,46.2,trip,0,26.0,33.71394230769231,264
1.0,2021-01-15 22:42:00,2021-01-15 23:00:00,6477.234375,6488.34375,45.4,43.5,trip,0,18.0,37.03125,265
1.0,2021-01-15 23:00:00,2021-01-16 09:39:00,6488.34375,6563.365008,43.5,41.5,trip,0,639.0,7.044249577464766,266
1.0,2021-01-16 09:39:00,2021-01-17 14:20:00,6563.365008,6563.365008,41.5,92.5,charge,120,1721.0,0.0,267
1.0,2021-01-17 14:20:00,2021-01-17 15:14:00,6563.365008,6569.703125,92.5,73.7,trip,0,54.0,7.042352222222487,268
1.0,2021-01-17 19:37:00,2021-01-17 19:46:00,6569.703125,6573.8125,72.5,72.1,trip,0,9.0,27.395833333333336,269
1.0,2021-01-17 19:56:00,2021-01-17 20:05:00,6573.8125,6577.453125,71.3,70.5,trip,0,9.0,24.270833333333336,270
1.0,2021-01-17 20:07:00,2021-01-17 20:26:00,6577.453125,6589.171875,70.5,67.8,trip,0,19.0,37.006578947368425,271
1.0,2021-01-17 20:26:00,2021-01-17 20:34:00,6589.171875,6589.28125,67.8,67.4,trip,0,8.0,0.8203125,272
1.0,2021-01-17 20:34:00,2021-01-17 21:16:00,6589.28125,6663.453125,67.4,45.8,trip,0,42.0,105.95982142857143,273
1.0,2021-01-17 22:04:00,2021-01-17 22:14:00,6663.453125,6676.609375,46.2,42.7,trip,0,10.0,78.9375,274
1.0,2021-01-17 23:00:00,2021-01-17 23:12:00,6676.609375,6689.75,42.7,39.2,trip,0,12.0,65.703125,275
1.0,2021-01-17 23:12:00,2021-01-18 11:19:00,6689.75,6766.881646,39.2,38.8,trip,0,727.0,6.365747950481415,276
1.0,2021-01-18 11:19:00,2021-01-19 09:46:00,6766.881646,6766.881646,38.8,78.0,charge,120,1347.0,0.0,277
1.0,2021-01-19 09:46:00,2021-01-19 10:59:00,6766.881646,6774.59375,78.0,60.3,trip,0,73.0,6.338715616438506,278
1.0,2021-01-19 12:18:00,2021-01-19 12:26:00,6774.59375,6777.3125,60.7,60.7,trip,0,8.0,20.390625,279
1.0,2021-01-19 12:41:00,2021-01-19 12:58:00,6777.3125,6783.890625,60.0,59.2,trip,0,17.0,23.216911764705884,280
1.0,2021-01-19 13:15:00,2021-01-19 13:30:00,6783.890625,6784.484375,58.4,58.4,trip,0,15.0,2.375,281
1.0,2021-01-19 15:01:00,2021-01-19 15:04:00,6784.484375,6785.125,58.0,58.0,trip,0,3.0,12.8125,282
1.0,2021-01-19 16:27:00,2021-01-19 17:29:00,6785.125,6864.15625,58.0,29.8,trip,0,62.0,76.48185483870967,283
1.0,2021-01-19 21:03:00,2021-01-20 18:20:00,6864.15625,6864.15625,32.1,69.4,charge,120,1277.0,0.0,284
1.0,2021-01-20 18:20:00,2021-01-20 18:23:00,6864.15625,6865.796875,69.4,69.0,trip,0,3.0,32.8125,285
1.0,2021-01-20 18:23:00,2021-01-20 20:39:00,6865.796875,6950.296875,69.0,50.5,trip,0,136.0,37.279411764705884,286
1.0,2021-01-20 20:39:00,2021-01-20 21:50:00,6950.296875,7000.1875,50.5,38.0,trip,0,71.0,42.161091549295776,287
1.0,2021-01-20 21:51:00,2021-01-20 22:38:00,7000.1875,7000.1875,38.0,79.6,charge,0,47.0,0.0,288
1.0,2021-01-20 22:38:00,2021-01-20 23:16:00,7000.1875,7057.0,79.6,61.9,trip,0,38.0,89.70394736842105,289
1.0,2021-01-21 00:19:00,2021-01-21 09:39:00,7057.0,7057.0,61.9,78.8,charge,120,560.0,0.0,290
1.0,2021-01-21 09:39:00,2021-01-21 10:51:00,7057.0,7137.109375,78.8,59.2,trip,0,72.0,66.7578125,291
1.0,2021-01-21 10:51:00,2021-01-21 10:54:00,7137.109375,7138.171875,59.2,59.2,trip,0,3.0,21.25,292
1.0,2021-01-21 13:33:00,2021-01-21 13:35:00,7138.171875,7138.171875,58.4,58.4,trip,0,2.0,0.0,293
1.0,2021-01-21 13:43:00,2021-01-21 14:03:00,7138.171875,7146.4375,58.0,56.8,trip,0,20.0,24.796875,294
1.0,2021-01-21 14:03:00,2021-01-21 14:51:00,7146.4375,7146.4375,56.8,82.7,charge,DCCharging,48.0,0.0,295
1.0,2021-01-21 14:51:00,2021-01-21 15:00:00,7146.4375,7149.375,82.7,82.3,trip,0,9.0,19.583333333333336,296
1.0,2021-01-21 15:59:00,2021-01-21 16:41:00,7149.375,7170.859375,82.3,76.4,trip,0,42.0,30.69196428571429,297
1.0,2021-01-21 16:50:00,2021-01-21 17:25:00,7170.859375,7189.78125,76.0,73.3,trip,0,35.0,32.4375,298
1.0,2021-01-21 17:39:00,2021-01-21 18:19:00,7189.78125,7189.78125,72.5,79.2,charge,240,40.0,0.0,299
1.0,2021-01-21 18:20:00,2021-01-21 18:59:00,7189.78125,7189.78125,79.2,85.0,charge,240,39.0,0.0,300
1.0,2021-01-21 18:59:00,2021-01-21 19:02:00,7189.78125,7190.9375,85.0,85.0,trip,0,3.0,23.125,301
1.0,2021-01-21 22:11:00,2021-01-21 23:19:00,7190.9375,7276.265625,85.0,60.3,trip,0,68.0,75.28952205882354,302
1.0,2021-01-21 23:19:00,2021-01-22 09:49:00,7276.265625,7276.265625,60.3,78.8,charge,120,630.0,0.0,303
1.0,2021-01-22 09:49:00,2021-01-22 10:56:00,7276.265625,7361.375,78.8,60.3,trip,0,67.0,76.21735074626865,304
1.0,2021-01-22 13:14:00,2021-01-22 13:31:00,7361.375,7371.640625,60.0,58.0,trip,0,17.0,36.231617647058826,305
1.0,2021-01-22 13:31:00,2021-01-22 14:52:00,7371.640625,7384.21875,58.0,54.9,trip,0,81.0,9.31712962962963,306
1.0,2021-01-22 14:52:00,2021-01-22 15:07:00,7384.21875,7390.328125,54.9,53.7,trip,0,15.0,24.4375,307
1.0,2021-01-22 15:27:00,2021-01-22 15:30:00,7390.328125,7390.609375,52.9,52.9,trip,0,3.0,5.625,308
1.0,2021-01-22 15:34:00,2021-01-22 16:10:00,7390.609375,7413.34375,52.9,47.4,trip,0,36.0,37.890625,309
1.0,2021-01-22 16:36:00,2021-01-22 17:25:00,7413.34375,7435.921875,46.6,43.9,trip,0,49.0,27.64668367346939,310
1.0,2021-01-22 17:25:00,2021-01-22 18:00:00,7435.921875,7435.921875,43.9,49.0,charge,240,35.0,0.0,311
1.0,2021-01-22 18:00:00,2021-01-22 19:28:00,7435.921875,7437.140625,49.0,49.0,trip,0,88.0,0.8309659090909092,312
1.0,2021-01-22 19:28:00,2021-01-22 21:59:00,7437.140625,7520.953125,49.0,28.2,trip,0,151.0,33.30298013245033,313
1.0,2021-01-22 21:59:00,2021-01-23 11:03:00,7520.953125,7520.953125,28.2,50.9,charge,120,784.0,0.0,314
1.0,2021-01-23 11:03:00,2021-01-23 11:41:00,7520.953125,7551.140625,50.9,42.7,trip,0,38.0,47.66447368421053,315
1.0,2021-01-23 11:41:00,2021-01-23 17:03:00,7551.140625,7619.759321,42.7,41.5,trip,0,322.0,12.786092422360333,316
1.0,2021-01-23 17:03:00,2021-01-24 14:29:00,7619.759321,7619.759321,41.5,78.8,charge,120,1286.0,0.0,317
1.0,2021-01-24 14:29:00,2021-01-24 15:23:00,7619.759321,7631.140625,78.8,59.2,trip,0,54.0,12.645893333332827,318
1.0,2021-01-24 19:28:00,2021-01-24 20:56:00,7631.140625,7725.734375,60.0,30.5,trip,0,88.0,64.49573863636364,319
1.0,2021-01-24 21:30:00,2021-01-25 17:20:00,7725.734375,7725.734375,30.5,65.4,charge,120,1190.0,0.0,320
1.0,2021-01-25 17:20:00,2021-01-25 17:31:00,7725.734375,7727.453125,65.4,65.4,trip,0,11.0,9.375,321
1.0,2021-01-25 17:38:00,2021-01-25 17:40:00,7727.453125,7727.75,65.4,65.4,trip,0,2.0,8.90625,322
1.0,2021-01-25 17:48:00,2021-01-25 17:57:00,7727.75,7728.875,65.0,64.7,trip,0,9.0,7.5,323
1.0,2021-01-25 17:57:00,2021-01-26 11:15:00,7728.875,7728.875,64.7,96.4,charge,120,1038.0,0.0,324
1.0,2021-01-26 11:15:00,2021-01-26 12:17:00,7728.875,7813.734375,96.4,75.2,trip,0,62.0,82.1219758064516,325
1.0,2021-01-26 13:39:00,2021-01-26 14:52:00,7813.734375,7905.984375,75.2,45.4,trip,0,73.0,75.82191780821918,326
1.0,2021-01-26 14:57:00,2021-01-27 18:14:00,7905.984375,7905.984375,45.4,94.5,charge,120,1637.0,0.0,327
1.0,2021-01-27 18:14:00,2021-01-27 19:13:00,7905.984375,7990.921875,94.5,77.2,trip,0,59.0,86.3771186440678,328
1.0,2021-01-27 20:38:00,2021-01-27 20:57:00,7990.921875,7997.9375,76.0,74.5,trip,0,19.0,22.154605263157897,329
1.0,2021-01-27 21:00:00,2021-01-27 22:05:00,7997.953125,8083.625,74.5,51.3,trip,0,65.0,79.08173076923077,330
1.0,2021-01-27 22:05:00,2021-01-27 22:12:00,8083.625,8085.234375,51.3,51.3,trip,0,7.0,13.794642857142858,331
1.0,2021-01-27 22:22:00,2021-01-27 22:25:00,8085.234375,8086.484375,50.9,50.9,trip,0,3.0,25.0,332
1.0,2021-01-28 00:23:00,2021-01-28 09:24:00,8086.484375,8086.484375,50.9,66.6,charge,120,541.0,0.0,333
1.0,2021-01-28 09:24:00,2021-01-28 10:43:00,8086.484375,8165.046875,66.6,47.4,trip,0,79.0,59.66772151898734,334
1.0,2021-01-28 10:43:00,2021-01-28 10:53:00,8165.046875,8166.09375,47.4,47.4,trip,0,10.0,6.28125,335
1.0,2021-01-28 14:03:00,2021-01-28 14:21:00,8166.109375,8172.59375,47.0,45.4,trip,0,18.0,21.614583333333336,336
1.0,2021-01-28 14:22:00,2021-01-28 14:51:00,8172.59375,8172.59375,45.4,67.0,charge,0,29.0,0.0,337
1.0,2021-01-28 14:51:00,2021-01-28 15:02:00,8172.59375,8175.859375,67.0,67.0,trip,0,11.0,17.8125,338
1.0,2021-01-28 16:00:00,2021-01-28 16:03:00,8175.875,8176.671875,66.2,66.2,trip,0,3.0,15.9375,339
1.0,2021-01-28 19:54:00,2021-01-28 19:57:00,8176.671875,8176.765625,68.2,68.2,trip,0,3.0,1.875,340
1.0,2021-01-28 22:05:00,2021-01-28 22:56:00,8176.765625,8262.65625,67.8,36.0,trip,0,51.0,101.04779411764706,341
1.0,2021-01-28 23:38:00,2021-01-29 09:53:00,8262.65625,8262.65625,36.4,54.5,charge,120,615.0,0.0,342
1.0,2021-01-29 09:53:00,2021-01-29 10:31:00,8262.65625,8300.625,54.5,43.9,trip,0,38.0,59.95065789473684,343
1.0,2021-01-29 10:31:00,2021-01-29 10:32:00,8300.625,8300.625,43.9,43.9,trip,0,1.0,0.0,344
1.0,2021-01-29 10:35:00,2021-01-29 12:48:00,8300.625,8300.625,44.3,47.8,charge,120,133.0,0.0,345
1.0,2021-01-29 12:48:00,2021-01-29 15:16:00,8300.625,8379.4375,47.8,29.4,trip,0,148.0,31.951013513513512,346
1.0,2021-01-29 15:16:00,2021-01-29 15:20:00,8379.4375,8380.578125,29.4,29.4,trip,0,4.0,17.109375,347
1.0,2021-01-29 15:28:00,2021-01-29 15:47:00,8380.578125,8386.171875,29.0,28.2,trip,0,19.0,17.664473684210527,348
1.0,2021-01-29 15:48:00,2021-01-29 16:34:00,8386.171875,8386.171875,28.2,74.5,charge,0,46.0,0.0,349
1.0,2021-01-29 16:34:00,2021-01-29 17:07:00,8386.171875,8391.75,74.5,73.3,trip,0,33.0,10.142045454545453,350
1.0,2021-01-29 17:07:00,2021-01-29 17:23:00,8391.75,8397.921875,73.3,72.9,trip,0,16.0,23.14453125,351
1.0,2021-01-29 17:24:00,2021-01-29 18:04:00,8397.921875,8397.921875,72.9,78.8,charge,240,40.0,0.0,352
1.0,2021-01-29 18:04:00,2021-01-29 18:07:00,8397.921875,8399.125,78.8,78.8,trip,0,3.0,24.0625,353
1.0,2021-01-29 19:44:00,2021-01-29 20:49:00,8399.125,8484.921875,76.0,52.1,trip,0,65.0,79.19711538461539,354
1.0,2021-01-29 21:19:00,2021-01-31 12:52:00,8484.921875,8484.921875,52.1,100.0,charge,120,2373.0,0.0,355
1.0,2021-01-31 12:52:00,2021-01-31 13:41:00,8484.921875,8568.421875,100.0,78.8,trip,0,49.0,102.24489795918367,356
1.0,2021-01-31 13:43:00,2021-01-31 13:49:00,8568.421875,8570.1875,78.8,78.4,trip,0,6.0,17.65625,357
1.0,2021-01-31 13:49:00,2021-01-31 15:18:00,8570.1875,8577.0,78.4,76.4,trip,0,89.0,4.592696629213483,358
1.0,2021-01-31 15:18:00,2021-01-31 15:23:00,8577.0,8578.4375,76.4,76.4,trip,0,5.0,17.25,359
1.0,2021-01-31 19:35:00,2021-01-31 20:32:00,8578.4375,8657.546875,76.0,52.9,trip,0,57.0,83.27302631578948,360
1.0,2021-01-31 21:37:00,2021-02-01 19:23:00,8657.546875,8657.546875,52.9,78.0,charge,120,1306.0,0.0,361
1.0,2021-02-01 19:23:00,2021-02-01 19:34:00,8657.546875,8660.953125,78.0,78.0,trip,0,11.0,18.579545454545457,362
1.0,2021-02-01 20:21:00,2021-02-01 20:24:00,8660.953125,8661.140625,77.6,77.6,trip,0,3.0,3.75,363
1.0,2021-02-01 20:34:00,2021-02-01 20:41:00,8661.140625,8664.078125,77.6,77.2,trip,0,7.0,25.178571428571427,364
1.0,2021-02-01 20:41:00,2021-02-01 21:51:00,8664.078125,8665.969882,77.2,76.8,trip,0,70.0,1.6215059999994992,365
1.0,2021-02-01 21:51:00,2021-02-02 17:09:00,8665.969882,8665.969882,76.8,100.0,charge,120,1158.0,0.0,366
1.0,2021-02-02 17:09:00,2021-02-02 17:13:00,8665.969882,8666.078125,100.0,99.6,trip,0,4.0,1.6236450000087643,367
1.0,2021-02-02 17:29:00,2021-02-02 17:36:00,8666.078125,8668.390625,99.6,99.6,trip,0,7.0,19.82142857142857,368
1.0,2021-02-02 17:46:00,2021-02-02 17:49:00,8668.390625,8669.59375,99.2,99.2,trip,0,3.0,24.0625,369
1.0,2021-02-02 17:49:00,2021-02-03 21:46:00,8669.59375,8759.53125,99.2,77.2,trip,0,1677.0,3.217799642218247,370
1.0,2021-02-03 21:46:00,2021-02-03 21:51:00,8759.53125,8761.359375,77.2,77.2,trip,0,5.0,21.9375,371
1.0,2021-02-03 22:39:00,2021-02-03 23:40:00,8761.359375,8819.265625,76.4,61.9,trip,0,61.0,56.95696721311476,372
1.0,2021-02-03 23:47:00,2021-02-03 23:50:00,8819.265625,8820.390625,61.1,61.1,trip,0,3.0,22.5,373
1.0,2021-02-03 23:54:00,2021-02-04 00:19:00,8820.390625,8853.3125,61.1,50.9,trip,0,25.0,79.0125,374
1.0,2021-02-04 01:22:00,2021-02-04 09:52:00,8853.3125,8853.3125,50.9,65.4,charge,120,510.0,0.0,375
1.0,2021-02-04 09:52:00,2021-02-04 10:54:00,8853.3125,8932.078125,65.4,49.0,trip,0,62.0,76.22479838709677,376
1.0,2021-02-04 10:54:00,2021-02-04 13:26:00,8932.078125,8932.109375,49.0,48.2,trip,0,152.0,0.012335526315789474,377
1.0,2021-02-04 13:26:00,2021-02-04 14:22:00,8932.109375,9011.171875,48.2,25.0,trip,0,56.0,84.70982142857143,378
1.0,2021-02-04 14:36:00,2021-02-04 14:41:00,9011.1875,9014.0,25.0,23.5,trip,0,5.0,33.75,379
1.0,2021-02-04 14:42:00,2021-02-04 22:47:00,9014.0,9014.0,23.5,74.5,charge,0,485.0,0.0,380
1.0,2021-02-04 22:47:00,2021-02-04 22:53:00,9014.0,9016.859375,74.5,74.5,trip,0,6.0,28.59375,381
1.0,2021-02-04 22:55:00,2021-02-04 22:55:00,9016.859375,9016.875,74.5,74.5,trip,0,0.0,0.0,382
1.0,2021-02-04 23:25:00,2021-02-04 23:33:00,9016.875,9022.390625,74.5,72.9,trip,0,8.0,41.3671875,383
1.0,2021-02-04 23:33:00,2021-02-04 23:52:00,9022.390625,9022.390625,72.9,75.2,charge,240,19.0,0.0,384
1.0,2021-02-04 23:52:00,2021-02-04 23:57:00,9022.390625,9025.5,75.2,73.7,trip,0,5.0,37.3125,385
1.0,2021-02-05 01:25:00,2021-02-05 01:34:00,9025.5,9033.484375,74.9,74.1,trip,0,9.0,53.22916666666667,386
1.0,2021-02-05 18:00:00,2021-02-05 18:00:00,9033.484375,9033.546875,73.7,73.7,trip,0,0.0,0.0,387
1.0,2021-02-05 18:10:00,2021-02-05 19:13:00,9033.546875,9119.140625,73.7,55.6,trip,0,63.0,81.51785714285714,388
1.0,2021-02-05 19:13:00,2021-02-05 19:24:00,9119.140625,9119.15625,55.6,56.4,charge,240,11.0,0.08522727272727273,389
1.0,2021-02-05 19:24:00,2021-02-05 19:28:00,9119.15625,9120.3125,56.4,56.4,trip,0,4.0,17.34375,390
1.0,2021-02-05 22:27:00,2021-02-06 00:21:00,9120.3125,9214.28125,56.4,33.3,trip,0,114.0,49.45723684210527,391
1.0,2021-02-06 16:28:00,2021-02-06 16:36:00,9214.28125,9217.203125,32.5,32.1,trip,0,8.0,21.9140625,392
1.0,2021-02-06 16:37:00,2021-02-06 21:44:00,9217.203125,9217.203125,32.1,63.9,charge,0,307.0,0.0,393
1.0,2021-02-06 21:44:00,2021-02-06 21:59:00,9217.203125,9225.171875,63.9,63.9,trip,0,15.0,31.875,394
1.0,2021-02-06 21:59:00,2021-02-07 13:00:00,9225.171875,9234.015625,63.9,62.7,trip,0,901.0,0.5889289678135404,395
1.0,2021-02-07 13:00:00,2021-02-07 13:52:00,9234.015625,9319.453125,62.7,41.9,trip,0,52.0,98.58173076923076,396
1.0,2021-02-07 15:01:00,2021-02-07 15:15:00,9319.453125,9326.046875,41.5,40.7,trip,0,14.0,28.25892857142857,397
1.0,2021-02-07 15:15:00,2021-02-07 19:40:00,9326.046875,9327.125,40.7,38.4,trip,0,265.0,0.24410377358490565,398
1.0,2021-02-07 19:40:00,2021-02-07 21:00:00,9327.125,9421.515625,38.4,8.6,trip,0,80.0,70.79296875,399
1.0,2021-02-08 11:13:00,2021-02-08 11:14:00,9421.515625,9421.578125,10.9,10.9,trip,0,1.0,3.75,400
1.0,2021-02-08 14:41:00,2021-02-08 14:44:00,9421.578125,9423.296875,10.5,10.1,trip,0,3.0,34.375,401
1.0,2021-02-08 14:58:00,2021-02-08 15:03:00,9423.296875,9425.171875,10.1,10.1,trip,0,5.0,22.5,402
1.0,2021-02-08 17:25:00,2021-02-08 17:32:00,9425.171875,9428.0,9.8,8.6,trip,0,7.0,24.241071428571427,403
1.0,2021-02-08 17:34:00,2021-02-08 17:39:00,9428.0,9428.0,8.6,8.6,trip,0,5.0,0.0,404
1.0,2021-02-08 17:39:00,2021-02-08 18:01:00,9428.0,9436.203125,8.6,7.8,trip,0,22.0,22.372159090909093,405
1.0,2021-02-08 18:07:00,2021-02-08 18:54:00,9436.203125,9436.203125,7.8,58.0,charge,DCCharging,47.0,0.0,406
1.0,2021-02-08 18:54:00,2021-02-08 19:13:00,9436.203125,9436.203125,58.0,74.5,charge,DCCharging,19.0,0.0,407
1.0,2021-02-08 19:13:00,2021-02-08 19:23:00,9436.203125,9439.96875,74.5,73.3,trip,0,10.0,22.59375,408
1.0,2021-02-08 19:23:00,2021-02-08 19:27:00,9439.96875,9441.171875,73.3,72.9,trip,0,4.0,18.046875,409
1.0,2021-02-10 18:59:00,2021-02-10 19:00:00,9441.1875,9441.203125,71.3,71.3,trip,0,1.0,0.9375,410
1.0,2021-02-10 19:01:00,2021-02-11 09:55:00,9441.203125,9441.203125,71.3,100.0,charge,240,894.0,0.0,411
1.0,2021-02-11 09:55:00,2021-02-11 10:57:00,9441.203125,9520.515625,100.0,82.3,trip,0,62.0,76.75403225806451,412
1.0,2021-02-11 13:30:00,2021-02-11 14:24:00,9520.515625,9599.359375,81.9,60.0,trip,0,54.0,87.60416666666667,413
1.0,2021-02-11 14:25:00,2021-02-11 18:33:00,9599.359375,9599.359375,60.0,81.9,charge,240,248.0,0.0,414
1.0,2021-02-11 18:33:00,2021-02-11 18:43:00,9599.359375,9602.375,81.9,81.9,trip,0,10.0,18.09375,415
1.0,2021-02-11 18:51:00,2021-02-11 19:00:00,9602.375,9604.4375,81.5,81.1,trip,0,9.0,13.75,416
1.0,2021-02-11 19:05:00,2021-02-11 20:16:00,9604.4375,9690.875,80.7,62.7,trip,0,71.0,73.04577464788733,417
1.0,2021-02-11 21:12:00,2021-02-11 21:24:00,9690.875,9695.40625,61.9,61.5,trip,0,12.0,22.65625,418
1.0,2021-02-11 21:37:00,2021-02-11 23:04:00,9695.40625,9785.4375,61.1,36.8,trip,0,87.0,62.09051724137931,419
1.0,2021-02-11 23:05:00,2021-02-12 14:16:00,9785.4375,9785.4375,36.8,100.0,charge,240,911.0,0.0,420
1.0,2021-02-12 14:16:00,2021-02-12 14:30:00,9785.4375,9793.375,100.0,98.8,trip,0,14.0,34.01785714285714,421
1.0,2021-02-12 15:44:00,2021-02-12 15:58:00,9793.375,9801.546875,98.8,96.8,trip,0,14.0,35.02232142857143,422
1.0,2021-02-12 17:32:00,2021-02-12 19:03:00,9801.546875,9894.421875,96.0,74.1,trip,0,91.0,61.23626373626374,423
1.0,2021-02-12 20:06:00,2021-02-12 22:20:00,9894.421875,9980.3125,73.7,55.6,trip,0,134.0,38.45848880597015,424
1.0,2021-02-12 22:20:00,2021-02-13 12:32:00,9980.3125,9980.3125,55.6,100.0,charge,240,852.0,0.0,425
1.0,2021-02-13 12:32:00,2021-02-13 13:23:00,9980.3125,10062.89063,100.0,79.2,trip,0,51.0,97.15074117647045,426
1.0,2021-02-12 13:52:00,2021-02-12 13:53:00,10062.90625,10063.0625,78.8,78.8,trip,0,1.0,9.375,427
1.0,2021-02-12 13:53:00,2021-02-12 22:27:00,10063.0625,10063.09375,78.8,79.2,trip,0,514.0,0.0036478599221789884,428
1.0,2021-02-12 22:27:00,2021-02-12 23:16:00,10063.09375,10142.79688,79.2,56.0,trip,0,49.0,97.59566938775495,429
2.0,2021-05-15 03:09:00,2021-05-15 17:21:00,4585.78125,4585.78125,27.4,44.7,charge,120,852.0,0.0,430
2.0,2021-05-15 17:21:00,2021-05-15 17:41:00,4585.78125,4595.21875,44.7,43.5,trip,0,20.0,28.3125,431
2.0,2021-05-15 17:42:00,2021-05-15 18:29:00,4595.21875,4595.21875,43.5,79.6,charge,DCCharging,47.0,0.0,432
2.0,2021-05-15 18:29:00,2021-05-15 18:53:00,4595.21875,4609.0,79.6,77.6,trip,0,24.0,34.453125,433
2.0,2021-05-15 18:56:00,2021-05-15 19:22:00,4609.0,4624.34375,77.6,74.9,trip,0,26.0,35.40865384615385,434
2.0,2021-05-15 19:24:00,2021-05-16 00:11:00,4624.34375,4792.734375,74.9,41.9,trip,0,287.0,35.2036149825784,435
2.0,2021-05-16 00:17:00,2021-05-16 00:29:00,4792.734375,4802.703125,41.9,40.3,trip,0,12.0,49.84375,436
2.0,2021-05-16 00:30:00,2021-05-16 00:34:00,4802.703125,4802.703125,40.3,40.7,charge,240,4.0,0.0,437
2.0,2021-05-16 00:34:00,2021-05-16 02:58:00,4802.703125,4906.609375,40.7,21.1,trip,0,144.0,43.294270833333336,438
2.0,2021-05-16 02:59:00,2021-05-16 15:42:00,4906.609375,4906.609375,21.1,36.8,charge,120,763.0,0.0,439
2.0,2021-05-16 15:42:00,2021-05-16 15:59:00,4906.609375,4916.046875,36.8,35.6,trip,0,17.0,33.30882352941177,440
2.0,2021-05-16 16:00:00,2021-05-16 17:00:00,4916.046875,4916.046875,35.6,85.0,charge,DCCharging,60.0,0.0,441
2.0,2021-05-16 17:00:00,2021-05-16 17:10:00,4916.046875,4922.90625,85.0,83.9,trip,0,10.0,41.15625,442
2.0,2021-05-16 18:40:00,2021-05-16 19:33:00,4930.921875,4967.875,81.5,75.6,trip,0,53.0,41.83372641509434,443
2.0,2021-05-16 19:34:00,2021-05-16 21:46:00,4967.875,5073.09375,75.6,53.7,trip,0,132.0,47.82670454545454,444
2.0,2021-05-16 21:47:00,2021-05-16 23:47:00,5073.09375,5073.09375,53.7,55.6,charge,120,120.0,0.0,445
2.0,2021-05-16 23:47:00,2021-05-17 02:15:00,5073.09375,5156.3125,55.6,40.7,trip,0,148.0,33.73733108108108,446
2.0,2021-05-17 02:16:00,2021-05-17 12:48:00,5156.3125,5156.3125,40.7,53.3,charge,120,632.0,0.0,447
2.0,2021-05-17 12:48:00,2021-05-17 13:04:00,5156.3125,5161.515625,53.3,52.5,trip,0,16.0,19.51171875,448
2.0,2021-05-17 13:07:00,2021-05-17 13:07:00,5161.515625,5161.53125,52.1,52.1,trip,0,0.0,0.0,449
2.0,2021-05-17 13:54:00,2021-05-17 14:19:00,5161.53125,5171.65625,52.1,50.9,trip,0,25.0,24.299999999999997,450
2.0,2021-05-17 14:20:00,2021-05-17 16:10:00,5171.65625,5171.65625,50.9,52.9,charge,120,110.0,0.0,451
2.0,2021-05-17 16:10:00,2021-05-17 19:51:00,5171.65625,5301.796875,52.9,29.4,trip,0,221.0,35.3322963800905,452
2.0,2021-05-17 19:55:00,2021-05-17 20:34:00,5301.796875,5318.875,29.4,27.0,trip,0,39.0,26.27403846153846,453
2.0,2021-05-17 20:36:00,2021-05-17 20:46:00,5318.875,5320.609375,27.0,27.0,trip,0,10.0,10.40625,454
2.0,2021-05-17 20:47:00,2021-05-17 21:47:00,5320.609375,5320.609375,27.0,35.2,charge,240,60.0,0.0,455
2.0,2021-05-17 21:47:00,2021-05-17 22:02:00,5320.609375,5328.546875,35.2,33.7,trip,0,15.0,31.75,456
2.0,2021-05-17 22:02:00,2021-05-17 22:17:00,5328.546875,5335.984375,33.7,32.5,trip,0,15.0,29.75,457
2.0,2021-05-17 22:18:00,2021-05-18 00:07:00,5335.984375,5335.984375,32.5,34.5,charge,120,109.0,0.0,458
2.0,2021-05-18 00:07:00,2021-05-18 00:35:00,5335.984375,5352.0625,34.5,32.1,trip,0,28.0,34.453125,459
2.0,2021-05-18 00:36:00,2021-05-18 01:37:00,5352.0625,5352.0625,32.1,82.7,charge,DCCharging,61.0,0.0,460
2.0,2021-05-18 01:37:00,2021-05-18 02:36:00,5352.0625,5392.28125,82.7,72.1,trip,0,59.0,40.900423728813564,461
2.0,2021-05-18 02:37:00,2021-05-18 12:09:00,5392.28125,5392.28125,72.1,83.5,charge,120,572.0,0.0,462
2.0,2021-05-18 12:09:00,2021-05-18 13:57:00,5392.28125,5484.109375,83.5,65.4,trip,0,108.0,51.015625,463
2.0,2021-05-18 14:24:00,2021-05-18 18:16:00,5484.109375,5648.609375,65.4,32.9,trip,0,232.0,42.543103448275865,464
2.0,2021-05-18 18:34:00,2021-05-18 19:31:00,5648.609375,5648.609375,32.9,34.1,charge,120,57.0,0.0,465
2.0,2021-05-18 19:31:00,2021-05-18 19:50:00,5648.609375,5660.828125,34.1,32.1,trip,0,19.0,38.58552631578947,466
2.0,2021-05-18 21:01:00,2021-05-18 21:08:00,5660.828125,5662.734375,32.1,32.1,trip,0,7.0,16.339285714285715,467
2.0,2021-05-18 21:09:00,2021-05-18 22:10:00,5662.734375,5662.734375,32.1,81.5,charge,0,61.0,0.0,468
2.0,2021-05-18 22:10:00,2021-05-18 23:57:00,5662.734375,5761.390625,81.5,61.1,trip,0,107.0,55.32126168224299,469
2.0,2021-05-18 23:58:00,2021-05-19 00:30:00,5761.390625,5783.21875,61.1,56.0,trip,0,32.0,40.927734375,470
2.0,2021-05-19 00:31:00,2021-05-19 01:22:00,5783.21875,5783.21875,56.0,56.8,charge,120,51.0,0.0,471
2.0,2021-05-19 01:22:00,2021-05-19 02:27:00,5783.21875,5850.03125,56.8,42.3,trip,0,65.0,61.67307692307693,472
2.0,2021-05-19 02:27:00,2021-05-19 10:08:00,5850.03125,5850.03125,42.3,51.7,charge,120,461.0,0.0,473
2.0,2021-05-19 10:08:00,2021-05-19 11:29:00,5850.03125,5906.265625,51.7,41.1,trip,0,81.0,41.65509259259259,474
2.0,2021-05-19 11:31:00,2021-05-19 12:31:00,5906.265625,5906.265625,41.1,83.1,charge,DCCharging,60.0,0.0,475
2.0,2021-05-19 12:31:00,2021-05-19 12:46:00,5906.265625,5915.03125,83.1,81.1,trip,0,15.0,35.0625,476
2.0,2021-05-19 13:48:00,2021-05-19 13:59:00,5915.03125,5918.46875,81.1,80.7,trip,0,11.0,18.75,477
2.0,2021-05-19 14:05:00,2021-05-19 14:24:00,5918.46875,5928.3125,80.3,79.6,trip,0,19.0,31.085526315789476,478
2.0,2021-05-19 14:29:00,2021-05-19 16:09:00,5928.3125,6001.046875,79.6,65.0,trip,0,100.0,43.640625,479
2.0,2021-05-19 16:29:00,2021-05-19 16:33:00,6001.046875,6001.046875,64.7,64.7,trip,0,4.0,0.0,480
2.0,2021-05-19 16:33:00,2021-05-19 18:16:00,6001.046875,6051.25,64.7,54.9,trip,0,103.0,29.24453883495146,481
2.0,2021-05-19 18:33:00,2021-05-19 18:51:00,6051.25,6063.265625,54.9,52.9,trip,0,18.0,40.052083333333336,482
2.0,2021-05-19 18:51:00,2021-05-19 21:05:00,6063.265625,6063.265625,52.9,72.9,charge,240,134.0,0.0,483
2.0,2021-05-19 21:05:00,2021-05-19 21:35:00,6063.265625,6078.125,72.9,69.8,trip,0,30.0,29.71875,484
2.0,2021-05-19 21:36:00,2021-05-20 10:29:00,6078.125,6078.125,69.8,85.0,charge,120,773.0,0.0,485
2.0,2021-05-20 10:29:00,2021-05-20 14:14:00,6078.125,6243.375,85.0,48.6,trip,0,225.0,44.06666666666667,486
2.0,2021-05-20 14:25:00,2021-05-20 14:44:00,6243.375,6250.46875,48.6,47.4,trip,0,19.0,22.401315789473685,487
2.0,2021-05-20 14:45:00,2021-05-20 15:05:00,6250.46875,6260.734375,47.4,45.0,trip,0,20.0,30.796875,488
2.0,2021-05-20 15:07:00,2021-05-20 19:20:00,6260.734375,6411.953125,45.0,17.2,trip,0,253.0,35.862154150197625,489
2.0,2021-05-20 19:21:00,2021-05-20 20:22:00,6411.953125,6411.953125,17.2,69.0,charge,DCCharging,61.0,0.0,490
2.0,2021-05-20 20:22:00,2021-05-20 20:31:00,6411.953125,6415.640625,69.0,68.6,trip,0,9.0,24.583333333333336,491
2.0,2021-05-20 20:46:00,2021-05-20 20:58:00,6415.0,6422.0,67.8,67.0,trip,0,12.0,35.0,492
2.0,2021-05-20 20:59:00,2021-05-20 23:20:00,6422.5625,6422.5625,67.0,69.4,charge,120,141.0,0.0,493
2.0,2021-05-20 23:20:00,2021-05-21 00:36:00,6422.5625,6489.46875,69.4,55.6,trip,0,76.0,52.82072368421053,494
2.0,2021-05-21 00:36:00,2021-05-21 10:03:00,6489.46875,6489.46875,55.6,66.6,charge,120,567.0,0.0,495
2.0,2021-05-21 10:03:00,2021-05-21 11:54:00,6489.46875,6575.015625,66.6,49.0,trip,0,111.0,46.24155405405405,496
2.0,2021-05-21 11:55:00,2021-05-21 12:43:00,6575.015625,6575.015625,49.0,80.0,charge,DCCharging,48.0,0.0,497
2.0,2021-05-21 12:43:00,2021-05-21 14:44:00,6575.015625,6681.359375,80.0,59.2,trip,0,121.0,52.732438016528924,498
2.0,2021-05-21 14:54:00,2021-05-21 17:52:00,6681.359375,6774.09375,59.2,40.3,trip,0,178.0,31.258778089887638,499
2.0,2021-05-21 17:53:00,2021-05-21 18:39:00,6774.09375,6774.09375,40.3,41.1,charge,120,46.0,0.0,500
2.0,2021-05-21 18:39:00,2021-05-21 19:07:00,6774.09375,6790.234375,41.1,38.8,trip,0,28.0,34.58705357142857,501
2.0,2021-05-21 19:12:00,2021-05-21 19:33:00,6790.234375,6801.5625,38.4,36.4,trip,0,21.0,32.36607142857143,502
2.0,2021-05-21 19:33:00,2021-05-21 21:39:00,6801.5625,6801.5625,36.4,38.4,charge,120,126.0,0.0,503
2.0,2021-05-21 21:39:00,2021-05-21 22:15:00,6801.5625,6816.40625,38.4,36.0,trip,0,36.0,24.739583333333336,504
2.0,2021-05-21 22:35:00,2021-05-21 23:31:00,6816.40625,6844.453125,36.0,31.7,trip,0,56.0,30.050223214285715,505
2.0,2021-05-21 23:32:00,2021-05-22 00:25:00,6844.453125,6844.453125,31.7,76.4,charge,DCCharging,53.0,0.0,506
2.0,2021-05-22 00:25:00,2021-05-22 00:30:00,6844.453125,6846.171875,76.4,76.4,trip,0,5.0,20.625,507
2.0,2021-05-22 00:32:00,2021-05-22 01:00:00,6846.171875,6857.265625,76.4,73.7,trip,0,28.0,23.772321428571427,508
2.0,2021-05-22 01:01:00,2021-05-22 10:02:00,6857.265625,6857.265625,73.7,84.3,charge,120,541.0,0.0,509
2.0,2021-05-22 10:02:00,2021-05-22 11:26:00,6857.265625,6903.546875,84.3,75.6,trip,0,84.0,33.058035714285715,510
2.0,2021-05-22 11:38:00,2021-05-22 12:37:00,6903.546875,6941.0,75.6,68.2,trip,0,59.0,38.087923728813564,511
2.0,2021-05-22 12:39:00,2021-05-22 12:51:00,6941.0,6950.859375,68.2,65.4,trip,0,12.0,49.296875,512
2.0,2021-05-22 12:52:00,2021-05-22 13:45:00,6950.859375,6950.859375,65.4,65.8,charge,120,53.0,0.0,513
2.0,2021-05-22 13:45:00,2021-05-22 14:28:00,6950.859375,6974.71875,65.8,61.9,trip,0,43.0,33.292151162790695,514
2.0,2021-05-22 14:30:00,2021-05-22 14:34:00,6974.71875,6976.5,61.9,61.9,trip,0,4.0,26.71875,515
2.0,2021-05-22 14:34:00,2021-05-22 14:53:00,6976.5,6976.5,61.9,64.3,charge,240,19.0,0.0,516
2.0,2021-05-22 14:53:00,2021-05-22 15:26:00,6976.5,6988.34375,64.3,61.9,trip,0,33.0,21.534090909090907,517
2.0,2021-05-22 15:27:00,2021-05-22 16:03:00,6988.34375,6988.34375,61.9,62.7,charge,120,36.0,0.0,518
2.0,2021-05-22 16:03:00,2021-05-22 18:29:00,6988.34375,7096.46875,62.7,42.7,trip,0,146.0,44.43493150684932,519
1.0,2021-02-13 23:18:00,2021-02-15 11:09:00,10142.79688,10142.79688,56.0,100.0,charge,240,2151.0,0.0,520
1.0,2021-02-15 11:09:00,2021-02-15 12:05:00,10142.79688,10210.1875,100.0,83.1,trip,0,56.0,72.20423571428584,521
1.0,2021-02-15 12:05:00,2021-02-15 13:08:00,10210.1875,10210.21875,83.1,82.7,trip,0,63.0,0.02976190476190476,522
1.0,2021-02-15 13:08:00,2021-02-15 13:15:00,10210.21875,10212.20313,82.7,82.7,trip,0,7.0,17.008971428570344,523
1.0,2021-02-15 15:30:00,2021-02-15 16:11:00,10212.20313,10272.75,81.9,65.4,trip,0,41.0,88.60517560975629,524
1.0,2021-02-15 16:11:00,2021-02-15 22:37:00,10272.75,10272.75,65.4,100.0,charge,240,386.0,0.0,525
1.0,2021-02-15 22:37:00,2021-02-16 13:13:00,10272.75,10277.89063,100.0,100.0,trip,0,876.0,0.35209794520547083,526
1.0,2021-02-16 13:13:00,2021-02-16 13:23:00,10277.89063,10282.57813,100.0,98.8,trip,0,10.0,28.125,527
1.0,2021-02-16 13:23:00,2021-02-17 18:51:00,10282.57813,10411.04688,98.8,70.1,trip,0,1768.0,4.359799208144796,528
1.0,2021-02-17 18:51:00,2021-02-17 19:14:00,10411.04688,10415.17188,70.1,69.4,trip,0,23.0,10.76086956521739,529
1.0,2021-02-17 20:26:00,2021-02-17 22:05:00,10415.17188,10500.6875,69.8,50.1,trip,0,99.0,51.82764848484857,530
1.0,2021-02-17 22:06:00,2021-02-18 09:55:00,10500.6875,10500.70313,50.1,100.0,charge,240,709.0,0.0013227080394815534,531
1.0,2021-02-18 09:55:00,2021-02-18 09:56:00,10500.70313,10500.71875,100.0,100.0,trip,0,1.0,0.9372000000075786,532
1.0,2021-02-18 09:56:00,2021-02-22 15:22:00,10500.71875,10500.75,100.0,100.0,trip,0,6086.0,0.0003080841275057509,533
1.0,2021-02-22 15:22:00,2021-02-22 15:27:00,10500.75,10502.40625,100.0,100.0,trip,0,5.0,19.875,534
1.0,2021-02-22 15:49:00,2021-02-22 15:56:00,10502.40625,10504.34375,99.6,99.6,trip,0,7.0,16.607142857142858,535
1.0,2021-02-23 13:01:00,2021-02-23 13:02:00,10504.35938,10504.375,98.8,98.8,trip,0,1.0,0.9372000000075786,536
1.0,2021-02-23 23:12:00,2021-02-23 23:27:00,10504.375,10522.6875,98.8,93.7,trip,0,15.0,73.25,537
1.0,2021-02-24 01:04:00,2021-02-24 01:33:00,10522.6875,10542.9375,92.9,87.0,trip,0,29.0,41.89655172413793,538
1.0,2021-02-24 01:34:00,2021-02-24 03:58:00,10542.9375,10542.9375,87.0,100.0,charge,240,144.0,0.0,539
1.0,2021-02-24 03:58:00,2021-02-24 14:10:00,10542.9375,10542.96875,100.0,100.0,trip,0,612.0,0.003063725490196079,540
1.0,2021-02-24 14:10:00,2021-02-24 14:17:00,10542.96875,10544.8125,100.0,100.0,trip,0,7.0,15.803571428571429,541
1.0,2021-02-24 14:19:00,2021-02-24 15:13:00,10544.8125,10628.625,100.0,81.5,trip,0,54.0,93.125,542
1.0,2021-02-24 15:13:00,2021-02-24 15:38:00,10628.625,10632.57813,81.5,80.3,trip,0,25.0,9.487511999999697,543
1.0,2021-02-24 15:38:00,2021-02-24 17:10:00,10632.57813,10716.6875,80.3,59.6,trip,0,92.0,54.85393695652182,544
1.0,2021-02-24 17:13:00,2021-02-24 17:27:00,10716.6875,10722.78125,59.2,58.0,trip,0,14.0,26.116071428571427,545
1.0,2021-02-25 11:24:00,2021-02-25 12:57:00,10722.79688,10722.79688,58.4,67.0,charge,240,93.0,0.0,546
1.0,2021-02-25 12:57:00,2021-02-25 12:57:00,10722.79688,10722.8125,67.0,67.0,trip,0,0.0,0.0,547
1.0,2021-02-25 12:58:00,2021-02-25 17:40:00,10722.8125,10722.8125,67.0,93.3,charge,240,282.0,0.0,548
1.0,2021-02-25 17:40:00,2021-02-25 17:54:00,10722.8125,10730.67188,93.3,92.1,trip,0,14.0,33.6830571428566,549
1.0,2021-02-25 18:46:00,2021-02-25 20:00:00,10730.67188,10812.1875,92.1,74.9,trip,0,74.0,66.09374594594604,550
1.0,2021-02-25 21:59:00,2021-02-25 22:13:00,10812.1875,10827.82813,73.7,69.0,trip,0,14.0,67.03127142857089,551
1.0,2021-02-25 23:42:00,2021-02-26 01:09:00,10827.82813,10933.90625,69.0,33.3,trip,0,87.0,73.15732413793113,552
1.0,2021-02-26 01:11:00,2021-02-26 15:25:00,10933.90625,10933.90625,33.3,100.0,charge,240,854.0,0.0,553
1.0,2021-02-26 15:25:00,2021-02-26 16:42:00,10933.90625,11017.64063,100.0,83.1,trip,0,77.0,65.24756883116872,554
1.0,2021-02-26 16:42:00,2021-02-26 17:27:00,11017.64063,11034.1875,83.1,78.4,trip,0,45.0,22.062493333333503,555
1.0,2021-02-26 17:27:00,2021-02-26 18:17:00,11034.1875,11052.39063,78.4,75.6,trip,0,50.0,21.843755999999846,556
1.0,2021-02-26 20:37:00,2021-02-26 22:31:00,11052.39063,11137.67188,75.6,58.8,trip,0,114.0,44.88486842105264,557
1.0,2021-02-26 22:32:00,2021-02-27 15:04:00,11137.67188,11137.67188,58.8,100.0,charge,240,992.0,0.0,558
1.0,2021-02-27 15:04:00,2021-02-27 15:44:00,11137.67188,11156.71875,100.0,95.6,trip,0,40.0,28.57030500000019,559
1.0,2021-02-27 17:28:00,2021-02-27 17:56:00,11156.71875,11169.60938,95.2,92.5,trip,0,28.0,27.6227785714283,560
1.0,2021-02-27 18:16:00,2021-02-27 18:29:00,11169.60938,11175.98438,92.1,90.9,trip,0,13.0,29.423076923076923,561
1.0,2021-02-27 18:29:00,2021-02-27 21:50:00,11175.98438,11244.72859,90.9,90.1,trip,0,201.0,20.52065970149276,562
1.0,2021-02-27 21:50:00,2021-02-28 12:08:00,11244.72859,11244.72859,90.1,100.0,charge,240,858.0,0.0,563
1.0,2021-02-28 12:08:00,2021-02-28 12:58:00,11244.72859,11261.76563,100.0,80.3,trip,0,50.0,20.444447999999102,564
1.0,2021-02-28 14:08:00,2021-02-28 14:14:00,11261.76563,11263.51563,79.6,79.2,trip,0,6.0,17.5,565
1.0,2021-02-28 14:24:00,2021-02-28 15:22:00,11263.53125,11347.67188,79.2,55.6,trip,0,58.0,87.04203103448263,566
1.0,2021-02-28 15:24:00,2021-03-01 17:38:00,11347.67188,11347.67188,55.6,100.0,charge,240,1574.0,0.0,567
1.0,2021-03-01 17:38:00,2021-03-01 19:15:00,11347.67188,11469.78125,100.0,70.1,trip,0,97.0,75.53156907216503,568
1.0,2021-03-01 19:25:00,2021-03-01 19:29:00,11469.78125,11471.03125,70.1,70.1,trip,0,4.0,18.75,569
1.0,2021-03-01 21:38:00,2021-03-01 22:55:00,11471.03125,11592.375,70.1,33.3,trip,0,77.0,94.55357142857142,570
1.0,2021-03-01 22:56:00,2021-03-02 11:19:00,11592.375,11592.375,33.3,100.0,charge,240,743.0,0.0,571
1.0,2021-03-02 11:19:00,2021-03-02 11:22:00,11592.375,11593.625,100.0,100.0,trip,0,3.0,25.0,572
1.0,2021-03-02 11:22:00,2021-03-02 15:01:00,11593.625,11678.8125,100.0,81.9,trip,0,219.0,23.339041095890412,573
1.0,2021-03-02 15:01:00,2021-03-02 16:58:00,11678.8125,11770.79688,81.9,58.4,trip,0,117.0,47.17147692307686,574
1.0,2021-03-02 20:57:00,2021-03-03 18:53:00,11770.79688,11770.79688,58.8,100.0,charge,240,1316.0,0.0,575
1.0,2021-03-03 18:53:00,2021-03-03 19:57:00,11770.79688,11858.32813,100.0,82.3,trip,0,64.0,82.060546875,576
1.0,2021-03-03 19:57:00,2021-03-03 21:31:00,11858.32813,11859.17188,82.3,81.5,trip,0,94.0,0.538563829787234,577
1.0,2021-03-03 21:31:00,2021-03-03 21:58:00,11859.17188,11888.78125,81.5,74.1,trip,0,27.0,65.79860000000028,578
1.0,2021-03-03 22:11:00,2021-03-03 22:16:00,11888.78125,11890.4375,73.7,73.7,trip,0,5.0,19.875,579
1.0,2021-03-03 22:47:00,2021-03-03 23:24:00,11890.4375,11948.375,72.9,55.2,trip,0,37.0,93.9527027027027,580
1.0,2021-03-03 23:27:00,2021-03-04 11:41:00,11948.375,11948.375,55.2,100.0,charge,240,734.0,0.0,581
2.0,2021-05-22 18:34:00,2021-05-22 20:21:00,7096.46875,7160.109375,42.3,31.7,trip,0,107.0,35.686331775700936,582
2.0,2021-05-22 20:22:00,2021-05-22 21:24:00,7160.109375,7160.109375,31.7,82.3,charge,DCCharging,62.0,0.0,583
2.0,2021-05-22 21:24:00,2021-05-22 21:32:00,7160.109375,7163.84375,82.3,81.9,trip,0,8.0,28.0078125,584
2.0,2021-05-22 21:39:00,2021-05-22 21:51:00,7163.84375,7170.78125,81.5,80.7,trip,0,12.0,34.6875,585
2.0,2021-05-22 22:00:00,2021-05-23 00:05:00,7170.78125,7266.296875,80.3,62.3,trip,0,125.0,45.8475,586
2.0,2021-05-23 00:06:00,2021-05-23 10:01:00,7266.296875,7266.296875,62.3,73.7,charge,120,595.0,0.0,587
2.0,2021-05-23 10:01:00,2021-05-23 13:45:00,7266.296875,7448.0,73.7,37.6,trip,0,224.0,48.670479910714285,588
2.0,2021-05-23 13:46:00,2021-05-23 14:02:00,7448.0,7448.015625,37.6,39.6,charge,240,16.0,0.05859375,589
2.0,2021-05-23 14:02:00,2021-05-23 15:17:00,7448.015625,7498.046875,39.6,29.4,trip,0,75.0,40.025,590
2.0,2021-05-23 15:18:00,2021-05-23 15:20:00,7498.046875,7498.1875,29.4,29.4,trip,0,2.0,4.21875,591
2.0,2021-05-23 15:20:00,2021-05-23 15:28:00,7498.1875,7498.1875,29.4,29.8,charge,240,8.0,0.0,592
2.0,2021-05-23 15:28:00,2021-05-23 15:46:00,7498.1875,7507.84375,29.8,28.2,trip,0,18.0,32.1875,593
2.0,2021-05-23 15:46:00,2021-05-23 16:00:00,7507.84375,7507.84375,28.2,29.8,charge,240,14.0,0.0,594
2.0,2021-05-23 16:00:00,2021-05-23 18:15:00,7507.84375,7577.390625,29.8,16.8,trip,0,135.0,30.90972222222222,595
2.0,2021-05-23 18:17:00,2021-05-23 19:17:00,7577.390625,7577.390625,16.8,67.8,charge,DCCharging,60.0,0.0,596
2.0,2021-05-23 19:17:00,2021-05-23 19:31:00,7577.390625,7586.546875,67.8,66.2,trip,0,14.0,39.24107142857143,597
2.0,2021-05-23 19:31:00,2021-05-23 20:43:00,7586.546875,7586.546875,66.2,67.4,charge,120,72.0,0.0,598
2.0,2021-05-23 20:43:00,2021-05-23 21:20:00,7586.546875,7607.90625,67.4,63.9,trip,0,37.0,34.63682432432432,599
2.0,2021-05-23 21:21:00,2021-05-23 22:40:00,7607.90625,7607.90625,63.9,74.9,charge,240,79.0,0.0,600
2.0,2021-05-23 22:40:00,2021-05-23 23:06:00,7607.90625,7628.296875,74.9,70.5,trip,0,26.0,47.05528846153846,601
2.0,2021-05-23 23:06:00,2021-05-24 10:10:00,7628.296875,7628.296875,70.5,83.5,charge,120,664.0,0.0,602
2.0,2021-05-24 10:10:00,2021-05-24 13:11:00,7628.296875,7790.421875,83.5,47.0,trip,0,181.0,53.74309392265194,603
2.0,2021-05-24 13:12:00,2021-05-24 13:51:00,7790.421875,7790.421875,47.0,47.4,charge,120,39.0,0.0,604
2.0,2021-05-24 13:51:00,2021-05-24 14:06:00,7790.421875,7799.296875,47.4,45.4,trip,0,15.0,35.5,605
2.0,2021-05-24 15:38:00,2021-05-24 15:40:00,7799.296875,7799.328125,43.1,43.1,trip,0,2.0,0.9375,606
2.0,2021-05-24 16:38:00,2021-05-24 16:46:00,7799.328125,7799.375,42.7,42.7,trip,0,8.0,0.3515625,607
2.0,2021-05-24 17:04:00,2021-05-24 17:07:00,7799.375,7800.234375,42.7,42.7,trip,0,3.0,17.1875,608
2.0,2021-05-25 15:38:00,2021-05-25 15:40:00,7800.234375,7800.375,42.3,42.3,trip,0,2.0,4.21875,609
2.0,2021-05-25 16:31:00,2021-05-25 16:32:00,7800.375,7800.453125,42.3,42.3,trip,0,1.0,4.6875,610
2.0,2021-05-25 17:59:00,2021-05-25 18:26:00,7800.453125,7813.546875,42.7,40.7,trip,0,27.0,29.09722222222222,611
2.0,2021-05-25 18:28:00,2021-05-25 19:28:00,7813.546875,7813.546875,40.7,82.3,charge,DCCharging,60.0,0.0,612
2.0,2021-05-25 19:28:00,2021-05-25 19:59:00,7813.546875,7824.890625,82.3,80.3,trip,0,31.0,21.95564516129032,613
2.0,2021-05-25 19:59:00,2021-05-25 22:47:00,7824.890625,7824.890625,80.3,83.5,charge,120,168.0,0.0,614
2.0,2021-05-25 22:47:00,2021-05-25 23:40:00,7824.890625,7866.78125,83.5,76.8,trip,0,53.0,47.423349056603776,615
2.0,2021-05-25 23:43:00,2021-05-26 00:20:00,7866.78125,7900.53125,76.8,68.6,trip,0,37.0,54.729729729729726,616
2.0,2021-05-26 00:22:00,2021-05-26 00:36:00,7900.53125,7908.578125,68.6,67.0,trip,0,14.0,34.48660714285714,617
2.0,2021-05-26 00:37:00,2021-05-26 10:08:00,7908.578125,7908.578125,67.0,78.4,charge,120,571.0,0.0,618
2.0,2021-05-26 10:08:00,2021-05-26 14:10:00,7908.578125,8090.84375,78.4,44.3,trip,0,242.0,45.18982438016529,619
2.0,2021-05-26 14:25:00,2021-05-26 17:48:00,8090.84375,8221.5625,44.3,22.3,trip,0,203.0,38.63608374384236,620
2.0,2021-05-26 17:49:00,2021-05-26 18:26:00,8221.5625,8221.5625,22.3,27.0,charge,240,37.0,0.0,621
2.0,2021-05-26 18:26:00,2021-05-26 19:19:00,8221.5625,8263.234375,27.0,19.6,trip,0,53.0,47.175707547169814,622
2.0,2021-05-26 19:25:00,2021-05-26 19:38:00,8263.234375,8271.859375,19.2,18.0,trip,0,13.0,39.80769230769231,623
2.0,2021-05-26 19:39:00,2021-05-26 22:54:00,8271.859375,8271.859375,18.0,21.5,charge,120,195.0,0.0,624
2.0,2021-05-26 22:54:00,2021-05-26 23:17:00,8271.859375,8284.5,21.5,20.0,trip,0,23.0,32.97554347826087,625
2.0,2021-05-26 23:19:00,2021-05-26 23:26:00,8284.5,8285.859375,20.0,20.0,trip,0,7.0,11.651785714285714,626
2.0,2021-05-26 23:26:00,2021-05-27 00:40:00,8285.859375,8285.859375,20.0,30.5,charge,240,74.0,0.0,627
2.0,2021-05-27 00:40:00,2021-05-27 01:19:00,8285.859375,8311.765625,30.5,25.8,trip,0,39.0,39.855769230769226,628
2.0,2021-05-27 01:20:00,2021-05-27 08:27:00,8311.765625,8311.765625,25.8,34.5,charge,120,427.0,0.0,629
2.0,2021-05-27 08:27:00,2021-05-27 09:00:00,8311.765625,8337.09375,34.5,30.5,trip,0,33.0,46.05113636363636,630
2.0,2021-05-27 09:01:00,2021-05-27 10:01:00,8337.09375,8337.09375,30.5,81.1,charge,DCCharging,60.0,0.0,631
2.0,2021-05-27 10:01:00,2021-05-27 11:54:00,8337.09375,8396.609375,81.1,68.2,trip,0,113.0,31.601216814159294,632
2.0,2021-05-27 11:55:00,2021-05-27 14:01:00,8396.609375,8396.609375,68.2,70.5,charge,0,126.0,0.0,633
2.0,2021-05-27 14:01:00,2021-05-27 15:43:00,8396.609375,8459.0625,70.5,58.0,trip,0,102.0,36.737132352941174,634
2.0,2021-05-27 15:49:00,2021-05-27 20:08:00,8459.0625,8599.96875,57.6,30.5,trip,0,259.0,32.64237451737452,635
2.0,2021-05-27 20:08:00,2021-05-27 20:37:00,8599.96875,8599.96875,30.5,30.9,charge,120,29.0,0.0,636
2.0,2021-05-27 20:37:00,2021-05-27 20:55:00,8599.96875,8609.40625,30.9,29.4,trip,0,18.0,31.458333333333336,637
2.0,2021-05-27 20:56:00,2021-05-27 21:57:00,8609.40625,8609.40625,29.4,80.7,charge,DCCharging,61.0,0.0,638
2.0,2021-05-27 21:57:00,2021-05-27 23:02:00,8609.40625,8664.640625,80.7,69.8,trip,0,65.0,50.98557692307693,639
2.0,2021-05-27 23:03:00,2021-05-27 23:50:00,8664.640625,8697.453125,69.8,63.9,trip,0,47.0,41.888297872340424,640
2.0,2021-05-27 23:52:00,2021-05-28 09:48:00,8697.453125,8697.453125,63.9,74.9,charge,120,596.0,0.0,641
2.0,2021-05-28 09:48:00,2021-05-28 12:29:00,8697.453125,8782.421875,74.9,58.4,trip,0,161.0,31.665372670807457,642
2.0,2021-05-28 12:33:00,2021-05-28 18:56:00,8782.421875,8963.484375,58.4,24.7,trip,0,383.0,28.36488250652741,643
2.0,2021-05-28 19:13:00,2021-05-28 19:18:00,8963.484375,8965.78125,24.3,23.1,trip,0,5.0,27.5625,644
2.0,2021-05-28 19:37:00,2021-05-28 19:51:00,8965.78125,8971.859375,23.1,22.3,trip,0,14.0,26.049107142857142,645
2.0,2021-05-28 20:10:00,2021-05-28 21:23:00,8971.859375,9006.984375,22.3,16.8,trip,0,73.0,28.869863013698634,646
2.0,2021-05-28 21:24:00,2021-05-28 21:54:00,9006.984375,9006.984375,16.8,49.4,charge,DCCharging,30.0,0.0,647
2.0,2021-05-28 21:54:00,2021-05-28 22:34:00,9006.984375,9037.890625,49.4,43.5,trip,0,40.0,46.359375,648
2.0,2021-05-28 23:32:00,2021-05-28 23:47:00,9037.890625,9046.90625,86.2,84.3,trip,0,15.0,36.0625,649
2.0,2021-05-28 23:47:00,2021-05-29 08:00:00,9046.90625,9046.90625,84.3,94.9,charge,120,493.0,0.0,650
2.0,2021-05-29 08:00:00,2021-05-29 17:22:00,9046.90625,9425.09375,94.9,20.3,trip,0,562.0,40.3758896797153,651
2.0,2021-05-29 17:22:00,2021-05-29 17:50:00,9425.09375,9425.09375,20.3,23.9,charge,240,28.0,0.0,652
2.0,2021-05-29 17:50:00,2021-05-29 18:22:00,9425.09375,9449.96875,23.9,20.3,trip,0,32.0,46.640625,653
2.0,2021-05-29 18:53:00,2021-05-29 19:15:00,9449.96875,9465.828125,20.0,17.6,trip,0,22.0,43.252840909090914,654
2.0,2021-05-29 19:39:00,2021-05-29 19:53:00,9465.828125,9477.65625,17.6,16.4,trip,0,14.0,50.691964285714285,655
2.0,2021-05-29 19:53:00,2021-05-29 22:35:00,9477.65625,9477.65625,16.4,33.3,charge,240,162.0,0.0,656
2.0,2021-05-29 22:35:00,2021-05-29 22:37:00,9477.65625,9477.890625,33.3,33.3,trip,0,2.0,7.03125,657
2.0,2021-05-30 00:35:00,2021-05-30 00:51:00,9477.890625,9490.40625,33.3,30.9,trip,0,16.0,46.93359375,658
2.0,2021-05-30 00:57:00,2021-05-30 01:53:00,9490.40625,9523.4375,30.9,24.7,trip,0,56.0,35.390625,659
2.0,2021-05-30 01:54:00,2021-05-30 02:55:00,9523.4375,9523.4375,24.7,77.2,charge,DCCharging,61.0,0.0,660
2.0,2021-05-30 02:55:00,2021-05-30 03:10:00,9523.4375,9532.46875,77.2,75.2,trip,0,15.0,36.125,661
2.0,2021-05-30 03:12:00,2021-05-30 08:27:00,9532.46875,9532.46875,75.2,81.5,charge,0,315.0,0.0,662
2.0,2021-05-30 08:27:00,2021-05-30 11:09:00,9532.46875,9639.34375,81.5,60.7,trip,0,162.0,39.58333333333333,663
2.0,2021-05-30 11:10:00,2021-05-30 14:01:00,9639.34375,9639.34375,60.7,63.9,charge,120,171.0,0.0,664
2.0,2021-05-30 14:01:00,2021-05-30 17:33:00,9639.34375,9766.671875,63.9,40.7,trip,0,212.0,36.036261792452834,665
2.0,2021-05-30 17:47:00,2021-05-30 19:33:00,9766.671875,9861.796875,40.7,24.3,trip,0,106.0,53.84433962264151,666
2.0,2021-05-30 20:09:00,2021-05-30 20:14:00,9861.796875,9862.953125,55.6,55.6,trip,0,5.0,13.875,667
2.0,2021-05-30 21:11:00,2021-05-30 21:36:00,9862.953125,9883.421875,55.2,51.3,trip,0,25.0,49.125,668
2.0,2021-05-30 21:37:00,2021-05-31 15:32:00,9883.421875,9883.421875,51.3,72.5,charge,0,1075.0,0.0,669
2.0,2021-05-31 15:32:00,2021-05-31 16:58:00,9883.421875,9987.890625,72.5,50.9,trip,0,86.0,72.88517441860465,670
2.0,2021-05-31 17:05:00,2021-05-31 17:42:00,9987.890625,10029.54688,50.9,41.9,trip,0,37.0,67.55068378378357,671
2.0,2021-05-31 18:08:00,2021-05-31 18:36:00,10029.54688,10055.34375,41.5,36.0,trip,0,28.0,55.27900714285741,672
2.0,2021-05-31 18:47:00,2021-05-31 19:43:00,10055.34375,10106.98438,36.0,25.8,trip,0,56.0,55.329246428571295,673
2.0,2021-05-31 19:44:00,2021-05-31 20:17:00,10106.98438,10106.98438,25.8,57.6,charge,DCCharging,33.0,0.0,674
2.0,2021-05-31 20:17:00,2021-05-31 20:19:00,10106.98438,10107.07813,57.6,57.6,trip,0,2.0,2.8125,675
2.0,2021-05-31 20:27:00,2021-05-31 21:04:00,10107.07813,10127.5,57.6,52.9,trip,0,37.0,33.11654594594615,676
2.0,2021-05-31 21:06:00,2021-06-01 00:14:00,10127.5,10127.5,52.9,56.0,charge,120,188.0,0.0,677
2.0,2021-06-01 00:14:00,2021-06-01 02:20:00,10127.5,10230.65625,56.0,37.2,trip,0,126.0,49.12202380952381,678
2.0,2021-06-01 02:21:00,2021-06-01 03:23:00,10230.65625,10230.65625,37.2,85.8,charge,DCCharging,62.0,0.0,679
2.0,2021-06-01 03:23:00,2021-06-01 03:37:00,10230.65625,10239.67188,85.8,83.9,trip,0,14.0,38.63841428571374,680
2.0,2021-06-01 18:35:00,2021-06-01 20:58:00,10368.71875,10441.39063,73.3,60.3,trip,0,143.0,30.49169790209785,681
2.0,2021-06-01 21:00:00,2021-06-01 21:15:00,10441.39063,10450.75,60.3,58.4,trip,0,15.0,37.437480000000505,682
2.0,2021-06-01 21:16:00,2021-06-02 14:58:00,10450.75,10450.75,58.4,79.2,charge,120,1062.0,0.0,683
2.0,2021-06-02 14:58:00,2021-06-02 15:26:00,10450.75,10464.5,79.2,77.2,trip,0,28.0,29.464285714285715,684
2.0,2021-06-02 16:11:00,2021-06-02 16:31:00,10464.5,10476.14063,76.8,75.2,trip,0,20.0,34.92188999999962,685
2.0,2021-06-02 16:32:00,2021-06-02 17:29:00,10476.14063,10476.14063,75.2,75.6,charge,0,57.0,0.0,686
2.0,2021-06-02 17:29:00,2021-06-02 21:25:00,10476.14063,10608.26563,75.6,50.9,trip,0,236.0,33.59110169491525,687
2.0,2021-06-02 21:26:00,2021-06-03 13:25:00,10608.26563,10608.26563,50.9,69.8,charge,120,959.0,0.0,688
2.0,2021-06-03 13:25:00,2021-06-03 13:39:00,10608.26563,10616.23438,69.8,69.4,trip,0,14.0,34.151785714285715,689
2.0,2021-06-03 13:49:00,2021-06-03 13:56:00,10616.23438,10620.57813,68.6,68.2,trip,0,7.0,37.232142857142854,690
2.0,2021-06-03 14:01:00,2021-06-03 14:13:00,10620.57813,10627.65625,67.8,67.0,trip,0,12.0,35.39060000000063,691
2.0,2021-06-03 15:19:00,2021-06-03 19:20:00,10627.65625,10763.82813,65.4,40.3,trip,0,241.0,33.90171286307051,692
2.0,2021-06-03 19:22:00,2021-06-03 19:53:00,10763.82813,10763.82813,40.3,70.5,charge,0,31.0,0.0,693
2.0,2021-06-03 19:53:00,2021-06-03 21:32:00,10763.82813,10818.6875,70.5,60.0,trip,0,99.0,33.248103030303106,694
2.0,2021-06-03 21:32:00,2021-06-04 10:15:00,10818.6875,10818.6875,60.0,74.5,charge,120,763.0,0.0,695
2.0,2021-06-04 10:15:00,2021-06-04 10:51:00,10818.6875,10853.32813,74.5,69.4,trip,0,36.0,57.73438333333313,696
2.0,2021-06-04 10:52:00,2021-06-04 11:02:00,10853.32813,10853.32813,69.4,69.8,charge,240,10.0,0.0,697
2.0,2021-06-04 11:02:00,2021-06-04 11:37:00,10853.32813,10885.5,69.8,64.3,trip,0,35.0,55.151777142857355,698
2.0,2021-06-04 11:38:00,2021-06-04 14:09:00,10885.5,10885.5,64.3,66.6,charge,120,151.0,0.0,699
2.0,2021-06-04 14:09:00,2021-06-04 14:16:00,10885.5,10888.1875,66.6,66.6,trip,0,7.0,23.035714285714285,700
2.0,2021-06-04 14:19:00,2021-06-04 14:20:00,10888.1875,10888.5,66.6,66.6,trip,0,1.0,18.75,701
2.0,2021-06-04 14:31:00,2021-06-04 14:37:00,10888.5,10891.09375,66.2,65.8,trip,0,6.0,25.9375,702
2.0,2021-06-04 14:39:00,2021-06-04 18:36:00,10891.09375,10891.09375,65.8,70.1,charge,0,237.0,0.0,703
2.0,2021-06-04 18:36:00,2021-06-04 21:12:00,10891.09375,10952.3125,70.1,59.6,trip,0,156.0,23.545673076923077,704
2.0,2021-06-04 21:27:00,2021-06-04 22:26:00,10952.3125,10992.03125,59.2,52.1,trip,0,59.0,40.391949152542374,705
2.0,2021-06-04 22:27:00,2021-06-05 02:55:00,10992.03125,10992.03125,52.1,56.8,charge,120,268.0,0.0,706
2.0,2021-06-05 02:55:00,2021-06-05 02:57:00,10992.03125,10992.03125,56.8,56.8,trip,0,2.0,0.0,707
2.0,2021-06-05 02:57:00,2021-06-05 11:39:00,10992.03125,10992.03125,56.8,67.4,charge,120,522.0,0.0,708
2.0,2021-06-05 11:39:00,2021-06-05 14:15:00,10992.03125,11086.8125,67.4,50.5,trip,0,156.0,36.45432692307692,709
2.0,2021-06-05 14:27:00,2021-06-05 14:33:00,11086.8125,11089.46875,50.5,50.5,trip,0,6.0,26.5625,710
2.0,2021-06-05 14:34:00,2021-06-05 14:37:00,11089.46875,11089.76563,50.5,50.5,trip,0,3.0,5.937599999997474,711
2.0,2021-06-05 14:55:00,2021-06-05 15:03:00,11089.76563,11092.625,50.5,49.8,trip,0,8.0,21.445275000000947,712
2.0,2021-06-05 15:08:00,2021-06-05 15:36:00,11092.625,11092.625,49.8,50.1,charge,0,28.0,0.0,713
2.0,2021-06-05 15:36:00,2021-06-05 15:50:00,11092.625,11100.15625,50.1,48.6,trip,0,14.0,32.276785714285715,714
2.0,2021-06-05 15:53:00,2021-06-05 16:09:00,11100.15625,11109.8125,48.6,47.4,trip,0,16.0,36.2109375,715
2.0,2021-06-05 16:10:00,2021-06-05 18:29:00,11109.8125,11109.8125,47.4,49.4,charge,120,139.0,0.0,716
2.0,2021-06-05 18:29:00,2021-06-05 18:48:00,11109.8125,11121.20313,49.4,48.2,trip,0,19.0,35.97041052631539,717
2.0,2021-06-05 18:49:00,2021-06-05 21:06:00,11121.20313,11121.20313,48.2,67.4,charge,240,137.0,0.0,718
2.0,2021-06-05 21:06:00,2021-06-05 23:32:00,11121.20313,11210.01563,67.4,49.8,trip,0,146.0,36.49828767123288,719
2.0,2021-06-05 23:33:00,2021-06-06 16:41:00,11210.01563,11210.01563,49.8,70.1,charge,120,1028.0,0.0,720
2.0,2021-06-06 16:41:00,2021-06-06 17:34:00,11210.01563,11253.875,70.1,60.0,trip,0,53.0,49.65211698113222,721
2.0,2021-06-06 18:29:00,2021-06-06 22:00:00,11253.875,11408.96875,60.0,28.6,trip,0,211.0,44.10248815165877,722
2.0,2021-06-06 22:01:00,2021-06-06 22:32:00,11408.96875,11408.96875,28.6,62.3,charge,DCCharging,31.0,0.0,723
2.0,2021-06-06 22:32:00,2021-06-06 22:52:00,11408.96875,11429.9375,62.3,58.8,trip,0,20.0,62.90625,724
2.0,2021-06-06 22:52:00,2021-06-06 23:39:00,11429.9375,11429.9375,58.8,61.5,charge,240,47.0,0.0,725
2.0,2021-06-06 23:39:00,2021-06-07 01:27:00,11429.9375,11534.03125,61.5,37.6,trip,0,108.0,57.82986111111111,726
2.0,2021-06-07 18:54:00,2021-06-07 19:48:00,11559.07813,11603.96875,49.8,41.1,trip,0,54.0,49.8784666666668,727
2.0,2021-06-07 19:58:00,2021-06-07 20:03:00,11603.96875,11604.79688,41.1,41.1,trip,0,5.0,9.937559999998484,728
2.0,2021-06-07 21:41:00,2021-06-07 21:53:00,11604.8125,11612.20313,40.3,38.4,trip,0,12.0,36.95314999999937,729
2.0,2021-06-07 21:57:00,2021-06-07 22:53:00,11612.20313,11661.75,38.4,29.8,trip,0,56.0,53.085932142857274,730
2.0,2021-06-07 22:55:00,2021-06-07 23:26:00,11661.75,11661.75,29.8,65.0,charge,DCCharging,31.0,0.0,731
2.0,2021-06-07 23:26:00,2021-06-07 23:47:00,11661.75,11686.67188,65.0,59.6,trip,0,21.0,71.20537142857107,732
2.0,2021-06-07 23:52:00,2021-06-08 00:15:00,11686.67188,11697.67188,59.2,56.8,trip,0,23.0,28.695652173913043,733
2.0,2021-06-08 00:51:00,2021-06-08 02:50:00,11697.67188,11782.85938,56.4,38.8,trip,0,119.0,42.95168067226891,734
2.0,2021-06-08 02:50:00,2021-06-08 17:04:00,11782.85938,11782.85938,38.8,56.4,charge,120,854.0,0.0,735
2.0,2021-06-08 17:04:00,2021-06-08 17:25:00,11782.85938,11793.82813,56.4,54.9,trip,0,21.0,31.339285714285715,736
2.0,2021-06-08 17:25:00,2021-06-08 17:38:00,11793.82813,11793.82813,54.9,55.6,charge,240,13.0,0.0,737
2.0,2021-06-08 17:38:00,2021-06-08 17:45:00,11793.82813,11799.10938,55.6,55.2,trip,0,7.0,45.26785714285714,738
2.0,2021-06-08 17:54:00,2021-06-08 18:35:00,11799.10938,11821.70313,54.9,51.3,trip,0,41.0,33.0640243902439,739
2.0,2021-06-08 18:44:00,2021-06-08 18:53:00,11821.70313,11825.15625,50.5,50.5,trip,0,9.0,23.020800000000843,740
2.0,2021-06-08 18:54:00,2021-06-08 18:56:00,11825.15625,11825.65625,50.5,49.8,trip,0,2.0,15.0,741
2.0,2021-06-08 18:56:00,2021-06-08 19:08:00,11825.65625,11825.65625,49.8,51.7,charge,240,12.0,0.0,742
2.0,2021-06-08 19:08:00,2021-06-08 21:44:00,11825.65625,11925.70313,51.7,31.3,trip,0,156.0,38.47956923076918,743
2.0,2021-06-08 21:45:00,2021-06-08 21:59:00,11925.70313,11933.76563,31.3,30.5,trip,0,14.0,34.55357142857143,744
2.0,2021-06-08 22:00:00,2021-06-08 23:55:00,11933.76563,11933.76563,30.5,32.5,charge,120,115.0,0.0,745
2.0,2021-06-08 23:55:00,2021-06-09 00:11:00,11933.76563,11943.20313,32.5,31.3,trip,0,16.0,35.390625,746
2.0,2021-06-09 00:12:00,2021-06-09 01:13:00,11943.20313,11943.20313,31.3,82.3,charge,DCCharging,61.0,0.0,747
2.0,2021-06-09 01:13:00,2021-06-09 01:46:00,11943.20313,11963.25,82.3,78.4,trip,0,33.0,36.44885454545477,748
2.0,2021-06-09 01:46:00,2021-06-09 12:45:00,11963.25,11963.25,78.4,91.3,charge,120,659.0,0.0,749
2.0,2021-06-09 12:45:00,2021-06-09 16:41:00,11963.25,12141.46875,91.3,56.0,trip,0,236.0,45.30985169491526,750
2.0,2021-06-09 16:42:00,2021-06-09 17:47:00,12141.46875,12141.46875,56.0,56.8,charge,120,65.0,0.0,751
2.0,2021-06-09 17:47:00,2021-06-09 20:54:00,12141.46875,12244.53125,56.8,39.2,trip,0,187.0,33.06818181818182,752
2.0,2021-06-09 20:55:00,2021-06-09 21:54:00,12244.53125,12244.53125,39.2,39.6,charge,120,59.0,0.0,753
2.0,2021-06-09 21:54:00,2021-06-09 22:47:00,12244.53125,12278.67188,39.6,34.1,trip,0,53.0,38.64976981132061,754
2.0,2021-06-09 22:48:00,2021-06-09 23:18:00,12278.67188,12278.67188,34.1,66.6,charge,DCCharging,30.0,0.0,755
2.0,2021-06-09 23:18:00,2021-06-10 01:16:00,12278.67188,12357.54688,66.6,50.1,trip,0,118.0,40.105932203389834,756
2.0,2021-06-10 01:37:00,2021-06-10 01:58:00,12357.54688,12369.95313,50.1,47.0,trip,0,21.0,35.44642857142858,757
2.0,2021-06-10 01:59:00,2021-06-10 02:56:00,12369.95313,12369.95313,47.0,87.8,charge,DCCharging,57.0,0.0,758
1.0,2021-03-04 11:41:00,2021-03-04 12:57:00,11948.375,12040.60938,100.0,80.0,trip,0,76.0,72.81661578947359,759
1.0,2021-03-04 14:07:00,2021-03-04 14:31:00,12040.60938,12049.8125,79.6,78.0,trip,0,24.0,23.007800000000316,760
1.0,2021-03-04 16:29:00,2021-03-04 16:45:00,12049.8125,12052.78125,77.6,77.2,trip,0,16.0,11.1328125,761
1.0,2021-03-04 16:45:00,2021-03-04 22:06:00,12052.78125,12055.875,77.2,75.6,trip,0,321.0,0.5782710280373832,762
1.0,2021-03-04 22:06:00,2021-03-04 23:16:00,12055.875,12142.45313,75.6,53.3,trip,0,70.0,74.2098257142856,763
1.0,2021-03-04 23:18:00,2021-03-05 17:52:00,12142.45313,12142.45313,53.3,100.0,charge,240,1114.0,0.0,764
1.0,2021-03-05 17:52:00,2021-03-05 17:56:00,12142.45313,12143.64063,100.0,100.0,trip,0,4.0,17.8125,765
1.0,2021-03-05 18:01:00,2021-03-05 19:22:00,12143.64063,12229.60938,100.0,81.5,trip,0,81.0,63.68055555555555,766
1.0,2021-03-05 20:37:00,2021-03-05 20:58:00,12229.60938,12244.82813,81.5,78.0,trip,0,21.0,43.48214285714286,767
1.0,2021-03-06 08:38:00,2021-03-06 12:03:00,12244.82813,12341.8125,100.0,100.0,trip,0,205.0,28.38566926829272,768
1.0,2021-03-06 12:03:00,2021-03-06 12:51:00,12341.8125,12384.6875,100.0,88.6,trip,0,48.0,53.59375,769
1.0,2021-03-06 17:32:00,2021-03-06 18:03:00,12384.6875,12414.70313,88.2,82.3,trip,0,31.0,58.094767741935236,770
1.0,2021-03-06 18:03:00,2021-03-06 19:23:00,12414.70313,12417.09375,82.3,81.1,trip,0,80.0,1.7929650000000947,771
1.0,2021-03-06 19:23:00,2021-03-06 19:29:00,12417.09375,12419.78125,81.1,80.7,trip,0,6.0,26.875,772
1.0,2021-03-07 14:11:00,2021-03-07 15:34:00,12505.25,12598.125,78.4,54.1,trip,0,83.0,67.13855421686748,773
1.0,2021-03-07 15:35:00,2021-03-07 21:58:00,12598.125,12598.125,54.1,88.2,charge,0,383.0,0.0,774
1.0,2021-03-07 21:58:00,2021-03-07 22:35:00,12598.125,12655.64063,88.2,74.5,trip,0,37.0,93.26858918918899,775
1.0,2021-03-08 00:33:00,2021-03-08 01:07:00,12655.64063,12712.5,74.5,57.6,trip,0,34.0,100.34006470588258,776
1.0,2021-03-08 01:08:00,2021-03-08 20:30:00,12712.5,12712.51563,57.6,100.0,charge,240,1162.0,0.0008070567986165416,777
1.0,2021-03-08 20:30:00,2021-03-08 20:44:00,12712.51563,12721.01563,100.0,99.6,trip,0,14.0,36.42857142857143,778
1.0,2021-03-08 23:08:00,2021-03-08 23:23:00,12721.01563,12730.54688,99.2,96.4,trip,0,15.0,38.125,779
1.0,2021-03-08 23:23:00,2021-03-09 13:11:00,12730.54688,12809.23438,96.4,78.0,trip,0,828.0,5.7019927536231885,780
1.0,2021-03-09 13:11:00,2021-03-09 13:41:00,12809.23438,12828.60938,78.0,73.7,trip,0,30.0,38.75,781
1.0,2021-03-09 13:41:00,2021-03-09 16:10:00,12828.60938,12837.78125,73.7,72.1,trip,0,149.0,3.6933704697987086,782
1.0,2021-03-09 16:10:00,2021-03-09 17:35:00,12837.78125,12922.64063,72.1,50.9,trip,0,85.0,59.900738823529316,783
1.0,2021-03-09 22:22:00,2021-03-10 15:59:00,12922.64063,12922.64063,50.9,100.0,charge,240,1057.0,0.0,784
1.0,2021-03-10 15:59:00,2021-03-10 16:09:00,12922.64063,12924.64063,100.0,99.6,trip,0,10.0,12.0,785
1.0,2021-03-10 16:13:00,2021-03-10 17:28:00,12924.64063,13024.59375,99.6,75.2,trip,0,75.0,79.9624960000001,786
1.0,2021-03-10 18:16:00,2021-03-10 19:20:00,13024.59375,13047.07813,75.2,71.7,trip,0,64.0,21.07910624999988,787
1.0,2021-03-10 19:20:00,2021-03-10 22:30:00,13047.07813,13082.90625,71.7,64.3,trip,0,190.0,11.314143157894778,788
1.0,2021-03-10 22:30:00,2021-03-10 22:31:00,13082.90625,13082.98438,64.3,64.3,trip,0,1.0,4.687799999992421,789
1.0,2021-03-10 23:31:00,2021-03-11 22:12:00,13254.39063,13254.39063,32.1,80.3,charge,240,1361.0,0.0,790
1.0,2021-03-11 22:12:00,2021-03-11 23:10:00,13254.39063,13340.32813,80.3,53.7,trip,0,58.0,88.90086206896552,791
1.0,2021-03-11 23:10:00,2021-03-12 13:32:00,13340.32813,13340.32813,53.7,100.0,charge,240,862.0,0.0,792
1.0,2021-03-12 13:32:00,2021-03-12 14:28:00,13340.32813,13425.0,100.0,79.6,trip,0,56.0,90.71986071428584,793
1.0,2021-03-12 14:37:00,2021-03-12 15:00:00,13425.0,13433.84375,79.2,78.4,trip,0,23.0,23.070652173913043,794
1.0,2021-03-12 15:00:00,2021-03-12 15:04:00,13433.84375,13434.0625,78.4,78.4,trip,0,4.0,3.28125,795
1.0,2021-03-12 15:04:00,2021-03-12 17:28:00,13434.0625,13442.98438,78.4,76.0,trip,0,144.0,3.7174499999999475,796
1.0,2021-03-12 17:28:00,2021-03-12 17:43:00,13442.98438,13446.98438,76.0,75.6,trip,0,15.0,16.0,797
1.0,2021-03-13 06:38:00,2021-03-13 12:26:00,13446.98438,13532.29688,100.0,100.0,trip,0,348.0,14.70905172413793,798
1.0,2021-03-13 12:26:00,2021-03-13 13:54:00,13532.29688,13586.17188,100.0,83.9,trip,0,88.0,36.73295454545455,799
1.0,2021-03-13 14:02:00,2021-03-13 14:57:00,13586.17188,13659.5625,83.5,71.3,trip,0,55.0,80.06249454545468,800
1.0,2021-03-13 16:20:00,2021-03-13 18:10:00,13659.5625,13782.09375,71.3,34.5,trip,0,110.0,66.83522727272728,801
1.0,2021-03-13 18:11:00,2021-03-14 12:12:00,13782.09375,13782.09375,34.5,100.0,charge,240,1081.0,0.0,802
1.0,2021-03-14 12:12:00,2021-03-14 13:01:00,13782.09375,13867.5625,100.0,79.2,trip,0,49.0,104.65561224489797,803
1.0,2021-03-14 15:19:00,2021-03-15 15:58:00,13867.5625,14039.28125,78.8,54.5,trip,0,1479.0,6.9662778904665315,804
1.0,2021-03-15 15:58:00,2021-03-16 16:12:00,14039.28125,14039.28125,54.5,81.5,charge,240,1454.0,0.0,805
1.0,2021-03-16 16:12:00,2021-03-16 18:06:00,14039.28125,14131.84375,81.5,57.2,trip,0,114.0,48.7171052631579,806
1.0,2021-03-16 22:48:00,2021-03-17 18:18:00,14131.84375,14131.84375,57.6,100.0,charge,240,1170.0,0.0,807
1.0,2021-03-17 18:18:00,2021-03-17 19:20:00,14131.84375,14217.35938,100.0,81.9,trip,0,62.0,82.75706129032245,808
1.0,2021-03-17 20:34:00,2021-03-17 22:12:00,14217.35938,14301.03125,81.5,62.3,trip,0,98.0,51.22767551020416,809
1.0,2021-03-17 22:13:00,2021-03-18 05:14:00,14301.03125,14301.03125,62.3,100.0,charge,240,421.0,0.0,810
1.0,2021-03-18 05:14:00,2021-03-18 21:13:00,14301.03125,14389.60938,100.0,81.9,trip,0,959.0,5.541905943691337,811
1.0,2021-03-18 21:13:00,2021-03-18 21:25:00,14389.60938,14393.3125,81.9,80.7,trip,0,12.0,18.51560000000063,812
1.0,2021-03-18 21:25:00,2021-03-18 23:00:00,14393.3125,14484.89063,80.7,57.2,trip,0,95.0,57.838818947368345,813
1.0,2021-03-18 23:00:00,2021-03-19 14:54:00,14484.89063,14484.89063,57.2,100.0,charge,240,954.0,0.0,814
1.0,2021-03-19 14:54:00,2021-03-19 14:59:00,14484.89063,14486.5,100.0,100.0,trip,0,5.0,19.312440000001516,815
1.0,2021-03-19 15:02:00,2021-03-19 17:40:00,14486.51563,14654.67188,100.0,48.2,trip,0,158.0,63.85680379746835,816
1.0,2021-03-19 17:44:00,2021-03-19 18:18:00,14654.67188,14718.48438,49.0,36.0,trip,0,34.0,112.61029411764706,817
1.0,2021-03-19 18:20:00,2021-03-19 19:14:00,14718.48438,14718.48438,36.0,85.4,charge,DCCharging,54.0,0.0,818
1.0,2021-03-19 19:14:00,2021-03-19 21:00:00,14718.48438,14921.125,85.4,8.2,trip,0,106.0,114.70223773584914,819
1.0,2021-03-19 22:43:00,2021-03-20 00:54:00,14921.125,15163.375,98.4,11.7,trip,0,131.0,110.95419847328246,820
1.0,2021-03-21 13:15:00,2021-03-21 13:21:00,15163.375,15165.34375,13.3,13.3,trip,0,6.0,19.6875,821
1.0,2021-03-21 13:22:00,2021-03-21 13:35:00,15165.34375,15165.34375,13.3,15.2,charge,0,13.0,0.0,822
1.0,2021-03-21 13:35:00,2021-03-21 13:36:00,15165.34375,15165.35938,15.2,15.2,trip,0,1.0,0.9377999999924214,823
1.0,2021-03-21 13:38:00,2021-03-21 16:51:00,15165.35938,15165.35938,15.2,100.0,charge,0,193.0,0.0,824
1.0,2021-03-21 16:51:00,2021-03-21 17:43:00,15165.35938,15241.98438,100.0,79.2,trip,0,52.0,88.41346153846153,825
1.0,2021-03-21 17:45:00,2021-03-21 18:04:00,15241.98438,15241.98438,79.2,88.6,charge,DCCharging,19.0,0.0,826
1.0,2021-03-21 18:04:00,2021-03-21 19:24:00,15241.98438,15406.34375,88.6,36.0,trip,0,80.0,123.2695275000001,827
1.0,2021-03-21 19:26:00,2021-03-21 20:31:00,15406.34375,15406.34375,36.0,90.9,charge,DCCharging,65.0,0.0,828
1.0,2021-03-21 20:31:00,2021-03-21 21:20:00,15406.34375,15499.84375,90.9,60.7,trip,0,49.0,114.48979591836735,829
1.0,2021-03-21 21:20:00,2021-03-21 21:46:00,15499.84375,15499.84375,60.7,63.9,charge,240,26.0,0.0,830
1.0,2021-03-21 21:46:00,2021-03-21 23:23:00,15499.84375,15676.39063,63.9,10.5,trip,0,97.0,109.20425567010301,831
1.0,2021-03-21 23:35:00,2021-03-21 23:36:00,15676.40625,15676.8125,10.1,10.5,trip,0,1.0,24.375,832
1.0,2021-03-21 23:36:00,2021-03-22 00:37:00,15676.8125,15676.8125,10.5,74.1,charge,DCCharging,61.0,0.0,833
1.0,2021-03-22 00:37:00,2021-03-22 02:27:00,15676.8125,15881.70313,74.1,9.4,trip,0,110.0,111.75852545454539,834
1.0,2021-03-22 02:27:00,2021-03-23 13:31:00,15881.70313,15881.70313,9.4,100.0,charge,240,2104.0,0.0,835
1.0,2021-03-23 13:31:00,2021-03-23 15:14:00,15881.70313,15980.39063,100.0,77.6,trip,0,103.0,57.487864077669904,836
1.0,2021-03-23 16:19:00,2021-03-23 17:39:00,15980.39063,16071.07813,77.2,56.8,trip,0,80.0,68.015625,837
1.0,2021-03-23 17:39:00,2021-03-24 14:21:00,16071.07813,16073.95313,56.8,55.2,trip,0,1242.0,0.1388888888888889,838
1.0,2021-03-24 14:21:00,2021-03-24 14:34:00,16073.95313,16080.71875,55.2,54.5,trip,0,13.0,31.225938461539045,839
1.0,2021-03-24 14:34:00,2021-03-24 14:38:00,16080.71875,16082.05134,54.5,54.1,trip,0,4.0,19.98884999999973,840
1.0,2021-03-24 14:38:00,2021-03-24 16:26:00,16082.05134,16082.05134,54.1,69.4,charge,240,108.0,0.0,841
1.0,2021-03-24 16:26:00,2021-03-24 16:39:00,16082.05134,16087.0,69.4,67.4,trip,0,13.0,22.839969230769313,842
1.0,2021-03-24 16:39:00,2021-03-24 18:21:00,16087.0,16087.0,67.4,76.4,charge,240,102.0,0.0,843
1.0,2021-03-24 18:21:00,2021-03-24 19:28:00,16087.0,16173.40625,76.4,57.2,trip,0,67.0,77.37873134328358,844
1.0,2021-03-24 20:36:00,2021-03-24 21:25:00,16173.40625,16200.29688,56.8,50.9,trip,0,49.0,32.92730204081617,845
1.0,2021-03-24 22:58:00,2021-03-24 23:37:00,16200.29688,16260.78125,50.1,31.7,trip,0,39.0,93.05287692307711,846
1.0,2021-03-24 23:37:00,2021-03-25 18:03:00,16260.78125,16260.78125,31.7,100.0,charge,240,1106.0,0.0,847
1.0,2021-03-25 18:03:00,2021-03-25 19:12:00,16260.78125,16347.01563,100.0,81.1,trip,0,69.0,74.98641739130424,848
1.0,2021-03-25 19:25:00,2021-03-25 19:51:00,16347.03125,16354.53125,81.1,80.3,trip,0,26.0,17.307692307692307,849
1.0,2021-03-25 21:05:00,2021-03-25 22:38:00,16354.53125,16441.34375,80.3,60.7,trip,0,93.0,56.00806451612903,850
1.0,2021-03-25 22:39:00,2021-03-26 00:24:00,16441.34375,16441.34375,60.7,69.4,charge,240,105.0,0.0,851
1.0,2021-03-26 00:24:00,2021-03-26 00:29:00,16441.34375,16443.01563,69.4,68.6,trip,0,5.0,20.062560000020312,852
1.0,2021-03-26 00:43:00,2021-03-26 00:47:00,16443.01563,16444.75,68.6,68.6,trip,0,4.0,26.01554999997461,853
1.0,2021-03-28 12:04:00,2021-03-28 12:57:00,16444.75,16530.1875,100.0,80.3,trip,0,53.0,96.72169811320755,854
1.0,2021-03-28 15:22:00,2021-03-28 16:41:00,16530.1875,16615.40625,80.0,59.6,trip,0,79.0,64.72310126582279,855
1.0,2021-03-29 15:16:00,2021-03-29 15:38:00,16615.40625,16630.23438,59.6,55.6,trip,0,22.0,40.440354545459165,856
1.0,2021-03-29 15:49:00,2021-03-29 16:04:00,16630.23438,16645.625,55.2,51.3,trip,0,15.0,61.56247999999323,857
1.0,2021-03-29 16:04:00,2021-03-30 17:47:00,16645.625,16652.125,51.3,50.1,trip,0,1543.0,0.25275437459494493,858
1.0,2021-03-30 17:47:00,2021-03-31 00:10:00,16652.125,16652.125,50.1,66.2,charge,240,383.0,0.0,859
1.0,2021-03-31 00:10:00,2021-03-31 00:21:00,16652.125,16658.625,66.2,65.4,trip,0,11.0,35.45454545454546,860
1.0,2021-03-31 00:25:00,2021-03-31 13:28:00,16673.48438,16673.48438,64.7,95.6,charge,240,783.0,0.0,861
1.0,2021-03-31 13:31:00,2021-03-31 13:31:00,16673.5,16673.51563,95.2,95.2,trip,0,0.0,0.0,862
1.0,2021-03-31 13:37:00,2021-03-31 13:38:00,16673.51563,16673.6875,95.2,95.2,trip,0,1.0,10.31219999989844,863
1.0,2021-03-31 13:38:00,2021-03-31 14:24:00,16673.6875,16673.79688,95.2,95.2,trip,0,46.0,0.14266956521959914,864
1.0,2021-03-31 14:24:00,2021-03-31 14:25:00,16673.79688,16673.90625,95.2,95.2,trip,0,1.0,6.562199999898439,865
1.0,2021-03-31 14:27:00,2021-03-31 14:28:00,16673.90625,16674.10938,95.2,95.2,trip,0,1.0,12.18780000010156,866
1.0,2021-03-31 14:28:00,2021-03-31 15:54:00,16674.10938,16674.20313,95.2,94.9,trip,0,86.0,0.06540697674418605,867
1.0,2021-03-31 15:54:00,2021-03-31 16:08:00,16674.20313,16689.8125,94.9,90.1,trip,0,14.0,66.89729999999274,868
1.0,2021-03-31 16:08:00,2021-03-31 17:46:00,16689.8125,16689.84375,90.1,89.8,trip,0,98.0,0.01913265306122449,869
1.0,2021-03-31 17:46:00,2021-03-31 19:04:00,16689.84375,16779.6875,89.8,72.9,trip,0,78.0,69.11057692307692,870
1.0,2021-03-31 20:06:00,2021-03-31 20:27:00,16779.6875,16785.15625,72.1,71.3,trip,0,21.0,15.625000000000002,871
1.0,2021-03-31 21:47:00,2021-03-31 22:05:00,16785.15625,16790.8125,71.3,70.1,trip,0,18.0,18.854166666666668,872
1.0,2021-03-31 22:08:00,2021-03-31 23:34:00,16790.8125,16881.03125,69.8,44.3,trip,0,86.0,62.94331395348837,873
1.0,2021-03-31 23:35:00,2021-04-01 10:32:00,16881.03125,16881.03125,44.3,100.0,charge,240,657.0,0.0,874
1.0,2021-04-01 10:32:00,2021-04-01 12:01:00,16881.03125,16967.8125,100.0,82.3,trip,0,89.0,58.50421348314607,875
1.0,2021-04-01 12:01:00,2021-04-01 13:25:00,16967.8125,16975.625,82.3,80.0,trip,0,84.0,5.580357142857143,876
1.0,2021-04-01 13:25:00,2021-04-01 14:44:00,16975.625,17066.9375,80.0,59.2,trip,0,79.0,69.35126582278481,877
1.0,2021-04-01 14:45:00,2021-04-01 18:37:00,17066.9375,17066.9375,59.2,79.6,charge,240,232.0,0.0,878
1.0,2021-04-01 18:38:00,2021-04-01 19:48:00,17066.9375,17152.48438,79.6,63.5,trip,0,70.0,73.3258971428586,879
1.0,2021-04-01 22:28:00,2021-04-01 23:36:00,17152.48438,17241.0625,63.9,41.9,trip,0,68.0,78.15716470588086,880
1.0,2021-04-01 23:40:00,2021-04-02 14:07:00,17241.0625,17241.0625,41.9,100.0,charge,240,867.0,0.0,881
1.0,2021-04-02 14:07:00,2021-04-02 14:26:00,17241.0625,17259.32813,100.0,96.0,trip,0,19.0,57.68093684211061,882
1.0,2021-04-02 15:51:00,2021-04-02 17:37:00,17259.32813,17342.0625,95.6,77.6,trip,0,106.0,46.83077547169716,883
1.0,2021-04-02 17:37:00,2021-04-02 18:55:00,17342.0625,17342.14063,77.6,77.2,trip,0,78.0,0.060100000001302056,884
1.0,2021-04-02 18:55:00,2021-04-02 19:36:00,17342.14063,17357.57813,77.2,74.9,trip,0,41.0,22.591463414634145,885
1.0,2021-04-02 21:46:00,2021-04-02 22:51:00,17357.59375,17443.26563,74.5,51.3,trip,0,65.0,79.08173538461695,886
1.0,2021-04-02 23:34:00,2021-04-03 08:36:00,17443.26563,17443.26563,51.3,100.0,charge,240,542.0,0.0,887
1.0,2021-04-03 08:36:00,2021-04-03 16:03:00,17443.26563,17564.82813,100.0,71.7,trip,0,447.0,16.31711409395973,888
1.0,2021-04-03 16:03:00,2021-04-03 16:09:00,17564.82813,17566.54688,71.7,71.3,trip,0,6.0,17.1875,889
1.0,2021-04-05 13:26:00,2021-04-05 13:32:00,17566.54688,17568.60938,70.5,70.5,trip,0,6.0,20.625,890
1.0,2021-04-05 13:40:00,2021-04-05 13:48:00,17568.60938,17572.51563,70.1,69.4,trip,0,8.0,29.296875,891
1.0,2021-04-05 13:48:00,2021-04-05 17:44:00,17572.51563,17578.92188,69.4,67.8,trip,0,236.0,1.6287076271186443,892
1.0,2021-04-05 17:44:00,2021-04-05 19:09:00,17578.92188,17694.46875,67.8,30.5,trip,0,85.0,81.56249647058704,893
1.0,2021-04-05 19:10:00,2021-04-05 22:58:00,17694.46875,17694.46875,30.5,50.9,charge,240,228.0,0.0,894
1.0,2021-04-05 22:58:00,2021-04-05 23:05:00,17694.46875,17697.17188,50.9,50.9,trip,0,7.0,23.169685714300222,895
1.0,2021-04-05 23:24:00,2021-04-05 23:30:00,17697.17188,17699.84375,50.9,50.5,trip,0,6.0,26.718699999983073,896
1.0,2021-04-05 23:30:00,2021-04-07 15:17:00,17699.84375,17699.85938,50.5,100.0,charge,240,2387.0,0.00039287808969483065,897
1.0,2021-04-07 15:17:00,2021-04-07 15:24:00,17699.85938,17706.25,100.0,99.2,trip,0,7.0,54.77674285712835,898
1.0,2021-04-07 16:20:00,2021-04-07 16:29:00,17706.25,17713.23438,98.4,96.0,trip,0,9.0,46.56253333334462,899
1.0,2021-04-07 16:56:00,2021-04-07 18:08:00,17713.25,17803.125,95.2,75.2,trip,0,72.0,74.89583333333334,900
1.0,2021-04-07 19:04:00,2021-04-07 19:25:00,17803.125,17809.0625,74.9,74.1,trip,0,21.0,16.964285714285715,901
1.0,2021-04-07 20:45:00,2021-04-07 20:58:00,17809.0625,17813.51563,73.7,72.9,trip,0,13.0,20.552907692315504,902
1.0,2021-04-07 21:04:00,2021-04-07 22:26:00,17813.51563,17895.4375,72.1,49.8,trip,0,82.0,59.94283170731583,903
1.0,2021-04-07 22:57:00,2021-04-07 23:07:00,17895.4375,17902.92188,49.4,48.2,trip,0,10.0,44.906280000010156,904
1.0,2021-04-07 23:08:00,2021-04-08 08:52:00,17902.92188,17902.92188,48.2,100.0,charge,240,584.0,0.0,905
1.0,2021-04-08 08:52:00,2021-04-08 13:31:00,17902.92188,17994.53125,100.0,81.1,trip,0,279.0,19.70093978494587,906
1.0,2021-04-08 13:31:00,2021-04-08 13:51:00,17994.53125,18000.26563,81.1,80.7,trip,0,20.0,17.203140000005078,907
1.0,2021-04-08 13:51:00,2021-04-08 14:38:00,18000.26563,18005.70313,80.7,79.2,trip,0,47.0,6.941489361702128,908
1.0,2021-04-08 14:38:00,2021-04-08 14:48:00,18005.70313,18007.625,79.2,78.4,trip,0,10.0,11.531219999989844,909
1.0,2021-04-08 17:21:00,2021-04-08 17:28:00,18007.625,18010.9375,78.4,77.2,trip,0,7.0,28.392857142857142,910
1.0,2021-04-08 17:56:00,2021-04-08 18:04:00,18010.9375,18012.34375,77.2,76.8,trip,0,8.0,10.546875,911
1.0,2021-04-08 18:04:00,2021-04-08 22:02:00,18012.34375,18014.64063,76.8,74.9,trip,0,238.0,0.5790453781516872,912
1.0,2021-04-08 22:02:00,2021-04-08 22:04:00,18014.64063,18015.39063,74.9,74.9,trip,0,2.0,22.5,913
1.0,2021-04-08 22:09:00,2021-04-08 23:16:00,18015.39063,18100.57813,74.9,51.7,trip,0,67.0,76.28731343283582,914
1.0,2021-04-08 23:20:00,2021-04-09 17:14:00,18100.57813,18100.57813,52.1,100.0,charge,240,1074.0,0.0,915
1.0,2021-04-09 17:14:00,2021-04-09 18:44:00,18100.57813,18189.89063,100.0,81.9,trip,0,90.0,59.541666666666664,916
1.0,2021-04-09 19:41:00,2021-04-09 20:02:00,18189.89063,18195.46875,81.5,80.7,trip,0,21.0,15.937485714280879,917
1.0,2021-04-09 21:21:00,2021-04-09 21:28:00,18195.46875,18197.625,80.3,80.3,trip,0,7.0,18.482142857142858,918
1.0,2021-04-09 21:55:00,2021-04-09 21:58:00,18197.625,18198.625,80.0,80.0,trip,0,3.0,20.0,919
1.0,2021-04-09 22:31:00,2021-04-09 23:27:00,18198.625,18281.17188,79.6,58.8,trip,0,56.0,88.44308571428752,920
1.0,2021-04-10 11:48:00,2021-04-10 13:05:00,18281.17188,18281.17188,58.8,65.4,charge,240,77.0,0.0,921
1.0,2021-04-10 13:05:00,2021-04-10 13:11:00,18281.17188,18286.5,65.4,64.3,trip,0,6.0,53.28119999998307,922
1.0,2021-04-10 13:11:00,2021-04-10 14:44:00,18286.5,18288.14063,64.3,64.7,trip,0,93.0,1.0584709677430275,923
1.0,2021-04-10 14:44:00,2021-04-10 14:57:00,18288.14063,18295.01563,64.7,62.7,trip,0,13.0,31.73076923076923,924
1.0,2021-04-10 14:57:00,2021-04-10 16:27:00,18295.01563,18295.01563,62.7,70.1,charge,240,90.0,0.0,925
1.0,2021-04-10 16:27:00,2021-04-10 16:27:00,18295.01563,18295.04688,70.1,70.1,trip,0,0.0,0.0,926
1.0,2021-04-10 16:29:00,2021-04-10 16:37:00,18295.0625,18297.84375,70.1,68.6,trip,0,8.0,20.859375,927
1.0,2021-04-10 16:38:00,2021-04-10 18:22:00,18297.84375,18297.84375,68.6,80.3,charge,240,104.0,0.0,928
1.0,2021-04-10 18:22:00,2021-04-10 18:26:00,18297.84375,18300.70313,80.3,80.3,trip,0,4.0,42.89070000002539,929
1.0,2021-04-10 18:26:00,2021-04-10 19:50:00,18300.70313,18393.96875,80.3,60.7,trip,0,84.0,66.6182999999988,930
1.0,2021-04-10 19:51:00,2021-04-10 20:50:00,18393.96875,18393.98438,60.7,97.6,charge,DCCharging,59.0,0.015894915255958656,931
1.0,2021-04-10 20:50:00,2021-04-10 21:29:00,18393.98438,18407.17188,97.6,95.2,trip,0,39.0,20.288461538461537,932
1.0,2021-04-10 21:30:00,2021-04-10 21:51:00,18407.17188,18414.5,95.2,93.7,trip,0,21.0,20.93748571428088,933
1.0,2021-04-10 22:26:00,2021-04-10 22:43:00,18414.5,18419.96875,93.3,92.1,trip,0,17.0,19.301470588235293,934
1.0,2021-04-11 00:15:00,2021-04-11 00:16:00,18419.96875,18420.10938,90.5,90.5,trip,0,1.0,8.43780000010156,935
1.0,2021-04-11 00:16:00,2021-04-11 15:17:00,18420.10938,18429.75,90.5,89.0,trip,0,901.0,0.6419946725859028,936
1.0,2021-04-11 15:17:00,2021-04-11 15:39:00,18429.75,18435.3125,89.0,87.8,trip,0,22.0,15.170454545454547,937
1.0,2021-04-11 15:39:00,2021-04-11 18:31:00,18435.3125,18440.76563,87.8,86.2,trip,0,172.0,1.902254651163381,938
1.0,2021-04-11 18:31:00,2021-04-11 20:27:00,18440.76563,18546.6875,86.2,57.6,trip,0,116.0,54.78717413793016,939
1.0,2021-04-11 21:15:00,2021-04-11 21:17:00,18546.6875,18547.54688,57.2,57.2,trip,0,2.0,25.78140000005078,940
1.0,2021-04-12 13:09:00,2021-04-12 14:29:00,18547.54688,18547.54688,56.4,56.4,trip,0,80.0,0.0,941
1.0,2021-04-12 15:01:00,2021-04-12 16:06:00,18547.54688,18643.46875,56.0,32.9,trip,0,65.0,88.54326461538307,942
1.0,2021-04-12 16:19:00,2021-04-12 16:40:00,18643.46875,18653.9375,32.9,30.9,trip,0,21.0,29.91071428571429,943
1.0,2021-04-12 16:40:00,2021-04-12 17:55:00,18653.9375,18653.9375,30.9,39.2,charge,240,75.0,0.0,944
1.0,2021-04-12 17:55:00,2021-04-12 18:13:00,18653.9375,18661.0,39.2,38.4,trip,0,18.0,23.541666666666668,945
1.0,2021-04-12 18:25:00,2021-04-12 18:48:00,18661.0,18662.10938,38.4,38.0,trip,0,23.0,2.894034782613111,946
1.0,2021-04-12 18:48:00,2021-04-12 19:25:00,18662.10938,18664.90625,38.0,37.2,trip,0,37.0,4.53546486486212,947
1.0,2021-04-12 19:25:00,2021-04-12 19:42:00,18664.90625,18664.90625,37.2,37.2,trip,0,17.0,0.0,948
1.0,2021-04-12 19:43:00,2021-04-12 19:51:00,18664.90625,18667.42188,37.2,36.4,trip,0,8.0,18.867225000012695,949
1.0,2021-04-12 19:57:00,2021-04-12 20:15:00,18667.42188,18672.8125,36.0,35.2,trip,0,18.0,17.96873333332769,950
1.0,2021-04-12 20:43:00,2021-04-12 20:45:00,18672.8125,18673.5,35.2,35.2,trip,0,2.0,20.625,951
1.0,2021-04-12 20:46:00,2021-04-12 22:31:00,18673.5,18673.5,35.2,87.4,charge,DCCharging,105.0,0.0,952
1.0,2021-04-12 22:31:00,2021-04-12 23:33:00,18673.5,18772.25,87.4,61.9,trip,0,62.0,95.56451612903224,953
1.0,2021-04-13 12:37:00,2021-04-13 12:53:00,18772.25,18787.79688,63.1,59.6,trip,0,16.0,58.30080000000635,954
1.0,2021-04-13 14:15:00,2021-04-13 14:16:00,18787.79688,18787.90625,58.4,58.4,trip,0,1.0,6.562199999898439,955
1.0,2021-04-13 14:26:00,2021-04-13 14:41:00,18787.90625,18802.39063,58.0,54.9,trip,0,15.0,57.93752000000677,956
1.0,2021-04-13 19:19:00,2021-04-13 19:21:00,18802.39063,18803.28125,54.5,54.5,trip,0,2.0,26.71859999994922,957
1.0,2021-04-13 19:30:00,2021-04-13 19:34:00,18803.28125,18804.14063,54.1,54.1,trip,0,4.0,12.89070000002539,958
1.0,2021-04-13 19:54:00,2021-04-13 20:15:00,18804.14063,18819.64063,54.1,50.1,trip,0,21.0,44.28571428571429,959
1.0,2021-04-13 21:41:00,2021-04-13 21:53:00,18819.64063,18824.75,49.4,48.6,trip,0,12.0,25.546849999991537,960
1.0,2021-04-13 21:53:00,2021-04-13 23:25:00,18824.75,18824.75,48.6,96.4,charge,DCCharging,92.0,0.0,961
1.0,2021-04-13 23:25:00,2021-04-13 23:41:00,18824.75,18837.60938,96.4,93.7,trip,0,16.0,48.22267500000635,962
1.0,2021-04-13 23:41:00,2021-04-14 13:02:00,18837.60938,18853.1875,93.7,89.8,trip,0,801.0,1.1669003745317084,963
1.0,2021-04-14 13:02:00,2021-04-14 13:02:00,18853.1875,18853.28125,89.8,89.8,trip,0,0.0,0.0,964
1.0,2021-04-14 13:08:00,2021-04-14 13:16:00,18853.28125,18858.79688,89.8,88.2,trip,0,8.0,41.367225000012695,965
1.0,2021-04-14 13:39:00,2021-04-14 13:46:00,18858.79688,18863.46875,88.2,87.4,trip,0,7.0,40.04459999998549,966
1.0,2021-04-14 13:49:00,2021-04-14 14:13:00,18863.46875,18863.46875,87.4,95.6,charge,DCCharging,24.0,0.0,967
1.0,2021-04-14 14:13:00,2021-04-14 15:16:00,18863.46875,18948.75,95.6,77.6,trip,0,63.0,81.22023809523809,968
1.0,2021-04-14 15:39:00,2021-04-14 15:46:00,18948.75,18951.375,77.2,76.8,trip,0,7.0,22.5,969
1.0,2021-04-14 15:51:00,2021-04-14 15:52:00,18951.375,18951.5625,76.4,76.4,trip,0,1.0,11.25,970
1.0,2021-04-14 15:52:00,2021-04-14 17:30:00,18951.5625,18957.04688,76.4,74.1,trip,0,98.0,3.3577836734704243,971
1.0,2021-04-14 17:30:00,2021-04-14 17:39:00,18957.04688,18958.60938,74.1,74.1,trip,0,9.0,10.416666666666668,972
1.0,2021-04-14 17:39:00,2021-04-14 20:42:00,18958.60938,18964.10938,74.1,72.9,trip,0,183.0,1.8032786885245902,973
1.0,2021-04-14 20:42:00,2021-04-14 21:48:00,18964.10938,19013.8125,72.9,62.3,trip,0,66.0,45.184654545453,974
1.0,2021-04-14 22:11:00,2021-04-14 22:34:00,19013.8125,19034.26563,61.9,56.0,trip,0,23.0,53.35599130435224,975
1.0,2021-04-15 09:10:00,2021-04-15 09:13:00,19034.26563,19035.78125,54.5,54.1,trip,0,3.0,30.312399999966146,976
1.0,2021-04-15 09:17:00,2021-04-15 09:29:00,19035.78125,19054.82813,53.7,45.8,trip,0,12.0,95.23440000000846,977
1.0,2021-04-15 10:43:00,2021-04-15 12:18:00,19054.82813,19150.54688,45.8,26.2,trip,0,95.0,60.453947368421055,978
1.0,2021-04-15 13:21:00,2021-04-15 13:39:00,19150.54688,19158.32813,25.8,25.0,trip,0,18.0,25.9375,979
1.0,2021-04-15 13:46:00,2021-04-15 13:52:00,19158.32813,19160.51563,24.7,24.3,trip,0,6.0,21.875,980
1.0,2021-04-15 13:54:00,2021-04-15 14:14:00,19160.51563,19160.51563,24.3,53.3,charge,DCCharging,20.0,0.0,981
1.0,2021-04-15 14:14:00,2021-04-15 14:23:00,19160.51563,19162.59375,53.3,53.3,trip,0,9.0,13.85413333332205,982
1.0,2021-04-15 14:25:00,2021-04-15 17:10:00,19162.59375,19162.60938,53.3,78.4,charge,240,165.0,0.005683636364251884,983
1.0,2021-04-15 17:10:00,2021-04-15 17:28:00,19162.60938,19168.89063,78.4,75.2,trip,0,18.0,20.9375,984
1.0,2021-04-15 18:56:00,2021-04-15 19:18:00,19168.89063,19175.76563,72.1,70.9,trip,0,22.0,18.75,985
1.0,2021-04-15 19:21:00,2021-04-15 21:20:00,19175.76563,19175.76563,70.1,90.1,charge,240,119.0,0.0,986
1.0,2021-04-15 21:20:00,2021-04-15 22:59:00,19175.76563,19242.625,90.1,74.9,trip,0,99.0,40.52083030302928,987
1.0,2021-04-15 22:59:00,2021-04-15 23:06:00,19242.625,19245.01563,74.9,74.5,trip,0,7.0,20.491114285728795,988
1.0,2021-04-16 10:56:00,2021-04-16 10:57:00,19245.01563,19245.40625,73.7,73.7,trip,0,1.0,23.43719999989844,989
1.0,2021-04-16 10:57:00,2021-04-16 11:02:00,19245.40625,19245.59375,73.7,73.7,trip,0,5.0,2.25,990
1.0,2021-04-16 11:02:00,2021-04-16 11:03:00,19245.59375,19245.96875,73.7,73.7,trip,0,1.0,22.5,991
1.0,2021-04-16 11:20:00,2021-04-16 11:21:00,19245.96875,19246.21875,73.3,73.3,trip,0,1.0,15.0,992
1.0,2021-04-16 12:59:00,2021-04-16 13:15:00,19246.21875,19266.64063,73.3,68.2,trip,0,16.0,76.58205000000635,993
1.0,2021-04-16 13:21:00,2021-04-16 13:22:00,19266.64063,19266.78125,68.2,68.2,trip,0,1.0,8.43719999989844,994
1.0,2021-04-16 14:45:00,2021-04-16 15:08:00,19266.78125,19288.10938,68.2,63.1,trip,0,23.0,55.63860000000441,995
1.0,2021-04-16 15:08:00,2021-04-16 16:16:00,19288.10938,19288.15625,63.1,62.3,trip,0,68.0,0.04135588235144764,996
1.0,2021-04-16 16:16:00,2021-04-16 17:27:00,19288.15625,19350.93197,62.3,46.6,trip,0,71.0,53.049904225353345,997
1.0,2021-04-16 17:27:00,2021-04-16 17:51:00,19350.93197,19350.93197,46.6,69.4,charge,DCCharging,24.0,0.0,998
1.0,2021-04-16 17:51:00,2021-04-16 18:10:00,19350.93197,19367.96875,69.4,68.2,trip,0,19.0,53.800357894732244,999
1.0,2021-04-16 19:37:00,2021-04-16 19:59:00,19367.96875,19373.53125,68.6,67.8,trip,0,22.0,15.170454545454547,1000
1.0,2021-04-16 21:21:00,2021-04-16 22:29:00,19373.53125,19438.28125,67.0,53.7,trip,0,68.0,57.13235294117647,1001
1.0,2021-04-16 22:50:00,2021-04-16 22:59:00,19438.28125,19442.375,53.3,52.1,trip,0,9.0,27.291666666666668,1002
1.0,2021-04-17 09:03:00,2021-04-17 09:08:00,19442.375,19442.375,50.5,50.5,trip,0,5.0,0.0,1003
1.0,2021-04-17 13:00:00,2021-04-17 13:18:00,19442.375,19463.03125,50.5,43.9,trip,0,18.0,68.85416666666667,1004
1.0,2021-04-17 14:48:00,2021-04-17 15:03:00,19463.03125,19466.60938,44.3,43.9,trip,0,15.0,14.31252000000677,1005
1.0,2021-04-17 15:31:00,2021-04-17 16:13:00,19466.60938,19466.60938,43.1,48.2,charge,240,42.0,0.0,1006
1.0,2021-04-17 16:13:00,2021-04-17 16:13:00,19466.60938,19467.75,48.2,48.2,trip,0,0.0,0.0,1007
1.0,2021-04-17 16:13:00,2021-04-17 16:14:00,19467.75,19467.78125,48.2,48.2,trip,0,1.0,1.875,1008
1.0,2021-04-17 16:15:00,2021-04-17 16:49:00,19467.78125,19467.78125,48.2,74.9,charge,DCCharging,34.0,0.0,1009
1.0,2021-04-17 16:49:00,2021-04-17 17:17:00,19467.78125,19489.5,74.9,69.8,trip,0,28.0,46.54017857142857,1010
1.0,2021-04-17 18:50:00,2021-04-17 19:16:00,19489.5,19514.84375,70.5,66.2,trip,0,26.0,58.48557692307692,1011
1.0,2021-04-17 19:27:00,2021-04-17 19:34:00,19514.84375,19518.29688,65.4,65.0,trip,0,7.0,29.598257142871653,1012
1.0,2021-04-17 21:31:00,2021-04-17 21:32:00,19518.29688,19518.3125,64.3,64.3,trip,0,1.0,0.9371999998984393,1013
1.0,2021-04-17 23:02:00,2021-04-17 23:38:00,19518.3125,19552.76563,64.3,57.2,trip,0,36.0,57.421883333336154,1014
1.0,2021-04-17 23:38:00,2021-04-18 00:10:00,19552.76563,19552.76563,57.2,80.3,charge,DCCharging,32.0,0.0,1015
1.0,2021-04-18 00:10:00,2021-04-18 00:18:00,19552.76563,19553.89063,80.3,80.3,trip,0,8.0,8.4375,1016
1.0,2021-04-18 03:16:00,2021-04-18 03:20:00,19553.89063,19554.34375,80.0,80.0,trip,0,4.0,6.79679999997461,1017
1.0,2021-04-18 03:22:00,2021-04-18 04:05:00,19554.34375,19593.9375,80.0,69.8,trip,0,43.0,55.247093023255815,1018
1.0,2021-04-18 10:11:00,2021-04-18 10:24:00,19593.95313,19608.8125,69.8,64.7,trip,0,13.0,68.58170769229987,1019
1.0,2021-04-18 11:43:00,2021-04-18 12:35:00,19608.8125,19698.25,64.7,40.0,trip,0,52.0,103.19711538461539,1020
1.0,2021-04-18 14:25:00,2021-04-18 14:40:00,19698.25,19712.14903,40.3,39.2,trip,0,15.0,55.596120000001974,1021
1.0,2021-04-18 14:40:00,2021-04-18 14:55:00,19712.14903,19712.14903,39.2,58.8,charge,DCCharging,15.0,0.0,1022
1.0,2021-04-18 14:55:00,2021-04-18 15:29:00,19712.14903,19742.55035,58.8,52.1,trip,0,34.0,53.64938823529562,1023
1.0,2021-04-18 15:29:00,2021-04-18 16:04:00,19742.55035,19742.55035,52.1,80.3,charge,DCCharging,35.0,0.0,1024
1.0,2021-04-18 16:04:00,2021-04-18 16:54:00,19742.55035,19787.35938,80.3,65.4,trip,0,50.0,53.770836000000415,1025
1.0,2021-04-18 17:27:00,2021-04-18 19:42:00,19787.35938,19966.34375,65.0,18.4,trip,0,135.0,79.54860888888814,1026
1.0,2021-04-20 01:08:00,2021-04-20 01:14:00,19966.34375,19969.07813,18.4,18.4,trip,0,6.0,27.343800000016927,1027
1.0,2021-04-20 01:16:00,2021-04-20 02:21:00,19969.07813,19969.07813,18.4,80.0,charge,0,65.0,0.0,1028
1.0,2021-04-20 02:21:00,2021-04-20 02:28:00,19969.07813,19970.125,80.0,80.0,trip,0,7.0,8.97317142855692,1029
1.0,2021-04-20 02:32:00,2021-04-20 02:41:00,19970.125,19973.59375,79.6,79.2,trip,0,9.0,23.125,1030
1.0,2021-04-20 02:41:00,2021-04-20 14:17:00,19973.59375,20153.15625,79.2,26.2,trip,0,696.0,15.479525862068966,1031
1.0,2021-04-20 14:17:00,2021-04-20 14:52:00,20153.15625,20164.73438,26.2,24.3,trip,0,35.0,19.848222857145757,1032
1.0,2021-04-20 14:52:00,2021-04-20 16:05:00,20164.73438,20164.73438,24.3,78.4,charge,DCCharging,73.0,0.0,1033
1.0,2021-04-20 16:05:00,2021-04-20 17:20:00,20164.73438,20250.04688,78.4,62.3,trip,0,75.0,68.25,1034
1.0,2021-04-20 18:34:00,2021-04-20 18:55:00,20250.04688,20255.26563,60.3,59.2,trip,0,21.0,14.910714285714286,1035
1.0,2021-04-20 19:05:00,2021-04-20 21:22:00,20255.26563,20352.10938,58.8,37.2,trip,0,137.0,42.41332116788321,1036
1.0,2021-04-20 21:32:00,2021-04-20 21:33:00,20352.125,20352.125,37.2,37.2,trip,0,1.0,0.0,1037
1.0,2021-04-21 17:45:00,2021-04-21 18:00:00,20352.125,20366.32813,36.0,32.1,trip,0,15.0,56.81252000000677,1038
1.0,2021-04-21 18:11:00,2021-04-21 18:31:00,20366.32813,20369.78125,32.5,31.7,trip,0,20.0,10.359359999994922,1039
1.0,2021-04-21 18:32:00,2021-04-21 20:20:00,20369.78125,20369.78125,31.7,46.6,charge,240,108.0,0.0,1040
1.0,2021-04-21 20:20:00,2021-04-21 20:42:00,20369.78125,20388.46875,46.6,43.9,trip,0,22.0,50.96590909090909,1041
1.0,2021-04-21 21:04:00,2021-04-21 21:15:00,20388.46875,20394.23438,43.9,42.7,trip,0,11.0,31.448890909100143,1042
1.0,2021-04-21 21:18:00,2021-04-21 22:20:00,20394.23438,20394.23438,42.7,86.6,charge,0,62.0,0.0,1043
1.0,2021-04-21 22:20:00,2021-04-21 22:21:00,20394.23438,20394.28125,86.6,86.6,trip,0,1.0,2.8121999998984393,1044
1.0,2021-04-21 22:21:00,2021-04-21 22:28:00,20394.28125,20397.65625,86.6,86.6,trip,0,7.0,28.928571428571427,1045
1.0,2021-04-22 00:04:00,2021-04-22 00:17:00,20397.65625,20405.28125,85.8,83.9,trip,0,13.0,35.19230769230769,1046
1.0,2021-04-22 00:17:00,2021-04-22 09:12:00,20405.28125,20415.875,83.9,80.7,trip,0,535.0,1.1880841121495327,1047
1.0,2021-04-22 09:12:00,2021-04-22 09:24:00,20415.875,20415.875,80.7,80.7,trip,0,12.0,0.0,1048
1.0,2021-04-22 10:45:00,2021-04-22 11:08:00,20415.875,20428.96875,80.7,77.2,trip,0,23.0,34.15760869565217,1049
1.0,2021-04-22 12:36:00,2021-04-22 16:44:00,20513.45313,20513.45313,74.9,82.3,charge,DCCharging,248.0,0.0,1050
1.0,2021-04-22 16:44:00,2021-04-22 16:59:00,20513.45313,20515.46875,82.3,81.9,trip,0,15.0,8.06247999999323,1051
1.0,2021-04-22 16:59:00,2021-04-22 17:10:00,20515.46875,20519.03125,81.9,81.5,trip,0,11.0,19.431818181818183,1052
1.0,2021-04-22 19:53:00,2021-04-22 20:10:00,20519.03125,20524.14063,81.1,80.7,trip,0,17.0,18.033105882358917,1053
1.0,2021-04-22 22:17:00,2021-04-22 22:27:00,20524.14063,20527.25,80.3,79.6,trip,0,10.0,18.656219999989844,1054
1.0,2021-04-22 22:49:00,2021-04-22 23:08:00,20527.25,20533.23438,79.6,78.0,trip,0,19.0,18.898042105268505,1055
1.0,2021-04-23 11:36:00,2021-04-23 11:39:00,20533.23438,20534.04688,77.6,77.6,trip,0,3.0,16.25,1056
1.0,2021-04-23 11:52:00,2021-04-23 11:59:00,20534.04688,20536.0,77.6,77.6,trip,0,7.0,16.741028571414063,1057
1.0,2021-04-23 11:59:00,2021-04-23 19:56:00,20536.0,20616.39063,77.6,58.4,trip,0,477.0,10.112028930817823,1058
1.0,2021-04-23 19:56:00,2021-04-23 20:30:00,20616.39063,20639.39063,58.4,55.2,trip,0,34.0,40.588235294117645,1059
1.0,2021-04-23 20:30:00,2021-04-24 14:43:00,20639.39063,20654.71875,55.2,50.1,trip,0,1093.0,0.8414338517839877,1060
2.0,2021-06-10 02:56:00,2021-06-10 03:58:00,12369.95313,12415.85938,87.8,76.4,trip,0,62.0,44.42540322580645,1061
2.0,2021-06-10 03:59:00,2021-06-10 13:07:00,12415.85938,12415.85938,76.4,87.0,charge,120,548.0,0.0,1062
2.0,2021-06-10 13:07:00,2021-06-10 13:44:00,12415.85938,12426.65625,87.0,85.0,trip,0,37.0,17.50843783783804,1063
2.0,2021-06-10 13:46:00,2021-06-10 15:18:00,12426.65625,12511.14063,85.0,68.6,trip,0,92.0,55.098508695652086,1064
2.0,2021-06-10 15:48:00,2021-06-10 18:49:00,12511.14063,12652.95313,68.2,42.3,trip,0,181.0,47.00966850828729,1065
2.0,2021-06-10 18:50:00,2021-06-10 21:42:00,12652.95313,12652.95313,42.3,45.0,charge,120,172.0,0.0,1066
2.0,2021-06-10 21:42:00,2021-06-10 23:13:00,12652.95313,12708.5625,45.0,35.6,trip,0,91.0,36.665518681318765,1067
2.0,2021-06-10 23:14:00,2021-06-10 23:44:00,12708.5625,12708.5625,35.6,67.0,charge,DCCharging,30.0,0.0,1068
2.0,2021-06-10 23:44:00,2021-06-11 00:20:00,12708.5625,12734.0,67.0,62.3,trip,0,36.0,42.395833333333336,1069
2.0,2021-06-11 00:20:00,2021-06-11 16:41:00,12734.0,12734.0,62.3,81.5,charge,120,981.0,0.0,1070
2.0,2021-06-11 16:41:00,2021-06-11 19:18:00,12734.0,12823.29688,81.5,65.4,trip,0,157.0,34.1261961783439,1071
2.0,2021-06-11 19:19:00,2021-06-11 19:52:00,12823.29688,12823.29688,65.4,83.1,charge,0,33.0,0.0,1072
2.0,2021-06-11 19:52:00,2021-06-11 23:09:00,12823.29688,12943.01563,83.1,61.1,trip,0,197.0,36.46256345177665,1073
2.0,2021-06-11 23:25:00,2021-06-12 01:38:00,12943.01563,13036.5,61.1,41.9,trip,0,133.0,42.17340000000006,1074
2.0,2021-06-12 01:46:00,2021-06-12 03:31:00,13036.5,13116.875,41.9,26.2,trip,0,105.0,45.92857142857143,1075
2.0,2021-06-12 03:32:00,2021-06-12 04:33:00,13116.875,13116.875,26.2,77.2,charge,DCCharging,61.0,0.0,1076
2.0,2021-06-12 04:33:00,2021-06-12 04:47:00,13116.875,13125.89063,77.2,75.6,trip,0,14.0,38.63841428571374,1077
2.0,2021-06-12 04:48:00,2021-06-12 18:21:00,13125.89063,13125.89063,75.6,92.1,charge,120,813.0,0.0,1078
2.0,2021-06-12 18:21:00,2021-06-12 20:09:00,13125.89063,13191.4375,92.1,80.0,trip,0,108.0,36.41492777777785,1079
2.0,2021-06-12 20:11:00,2021-06-12 20:18:00,13191.4375,13194.0,80.0,78.8,trip,0,7.0,21.964285714285715,1080
2.0,2021-06-12 20:28:00,2021-06-13 00:19:00,13194.0,13388.90625,78.8,38.0,trip,0,231.0,50.625,1081
2.0,2021-06-13 00:28:00,2021-06-13 02:14:00,13388.90625,13479.03125,38.0,14.5,trip,0,106.0,51.01415094339623,1082
2.0,2021-06-13 02:15:00,2021-06-13 03:16:00,13479.03125,13479.03125,14.5,64.3,charge,DCCharging,61.0,0.0,1083
2.0,2021-06-13 03:16:00,2021-06-13 03:30:00,13479.03125,13488.0625,64.3,61.9,trip,0,14.0,38.70535714285714,1084
2.0,2021-06-13 03:31:00,2021-06-13 13:30:00,13488.0625,13488.0625,61.9,73.7,charge,120,599.0,0.0,1085
2.0,2021-06-13 13:30:00,2021-06-13 13:31:00,13488.0625,13488.35938,73.7,73.7,trip,0,1.0,17.81279999999242,1086
2.0,2021-06-13 14:14:00,2021-06-13 14:26:00,13488.35938,13491.59375,73.3,72.1,trip,0,12.0,16.17185000000063,1087
2.0,2021-06-13 14:43:00,2021-06-13 16:16:00,13491.59375,13542.04688,72.1,62.7,trip,0,93.0,32.55040645161282,1088
2.0,2021-06-13 17:10:00,2021-06-13 17:28:00,13542.04688,13550.42188,62.7,60.3,trip,0,18.0,27.916666666666668,1089
2.0,2021-06-13 17:47:00,2021-06-13 20:06:00,13550.42188,13633.48438,60.0,42.3,trip,0,139.0,35.85431654676259,1090
2.0,2021-06-13 20:07:00,2021-06-13 20:38:00,13633.48438,13633.48438,42.3,70.5,charge,DCCharging,31.0,0.0,1091
2.0,2021-06-13 20:38:00,2021-06-13 23:40:00,13633.48438,13791.8125,70.5,35.2,trip,0,182.0,52.19608351648356,1092
2.0,2021-06-13 23:40:00,2021-06-14 01:26:00,13791.8125,13791.8125,35.2,37.2,charge,120,106.0,0.0,1093
2.0,2021-06-14 01:26:00,2021-06-14 01:40:00,13791.8125,13800.59375,37.2,36.0,trip,0,14.0,37.63392857142857,1094
2.0,2021-06-14 01:43:00,2021-06-14 02:06:00,13800.59375,13800.59375,36.0,54.5,charge,DCCharging,23.0,0.0,1095
2.0,2021-06-14 02:06:00,2021-06-14 02:19:00,13800.59375,13808.875,54.5,52.1,trip,0,13.0,38.22115384615385,1096
2.0,2021-06-14 02:20:00,2021-06-14 10:04:00,13808.875,13808.875,52.1,61.9,charge,120,464.0,0.0,1097
2.0,2021-06-14 10:04:00,2021-06-14 11:58:00,13808.875,13912.0625,61.9,42.3,trip,0,114.0,54.309210526315795,1098
2.0,2021-06-14 11:59:00,2021-06-14 12:30:00,13912.0625,13912.0625,42.3,70.5,charge,0,31.0,0.0,1099
2.0,2021-06-14 12:30:00,2021-06-14 13:33:00,13912.0625,13944.01563,70.5,64.3,trip,0,63.0,30.431552380952258,1100
2.0,2021-06-14 13:33:00,2021-06-14 18:35:00,13944.01563,13944.01563,64.3,70.1,charge,120,302.0,0.0,1101
2.0,2021-06-14 18:35:00,2021-06-14 18:54:00,13944.01563,13953.14063,70.1,69.0,trip,0,19.0,28.815789473684212,1102
2.0,2021-06-14 19:21:00,2021-06-14 19:37:00,13953.14063,13962.625,69.0,67.4,trip,0,16.0,35.566387500000474,1103
2.0,2021-06-14 19:37:00,2021-06-14 19:48:00,13962.625,13967.69957,67.4,67.0,trip,0,11.0,27.67947272727642,1104
2.0,2021-06-14 19:48:00,2021-06-14 20:02:00,13967.69957,13967.69957,67.0,67.4,charge,120,14.0,0.0,1105
2.0,2021-06-14 20:02:00,2021-06-14 21:49:00,13967.69957,14014.04688,67.4,58.8,trip,0,107.0,25.989145794392073,1106
2.0,2021-06-14 21:50:00,2021-06-14 22:05:00,14014.04688,14015.78125,58.8,58.4,trip,0,15.0,6.937480000000505,1107
2.0,2021-06-14 22:05:00,2021-06-14 22:19:00,14015.78125,14023.23438,58.4,56.8,trip,0,14.0,31.941985714285174,1108
2.0,2021-06-14 22:23:00,2021-06-15 00:44:00,14023.23438,14119.625,56.8,37.2,trip,0,141.0,41.01728510638303,1109
2.0,2021-06-15 00:45:00,2021-06-15 10:03:00,14119.625,14119.625,37.2,49.0,charge,120,558.0,0.0,1110
2.0,2021-06-15 10:03:00,2021-06-15 10:20:00,14119.625,14129.34375,49.0,47.8,trip,0,17.0,34.3014705882353,1111
2.0,2021-06-15 10:22:00,2021-06-15 11:46:00,14129.34375,14175.92188,47.8,39.2,trip,0,84.0,33.27009285714277,1112
2.0,2021-06-15 11:46:00,2021-06-15 14:34:00,14175.92188,14175.92188,39.2,42.3,charge,120,168.0,0.0,1113
2.0,2021-06-15 14:34:00,2021-06-15 15:13:00,14175.92188,14213.375,42.3,35.6,trip,0,39.0,57.62018461538481,1114
2.0,2021-06-15 15:17:00,2021-06-15 15:50:00,14213.375,14241.29688,35.2,29.8,trip,0,33.0,50.767054545454315,1115
2.0,2021-06-15 16:02:00,2021-06-15 16:31:00,14241.29688,14262.07813,29.8,27.0,trip,0,29.0,42.99568965517241,1116
2.0,2021-06-15 16:34:00,2021-06-15 17:15:00,14262.07813,14291.57813,27.0,20.7,trip,0,41.0,43.170731707317074,1117
2.0,2021-06-15 17:40:00,2021-06-15 17:52:00,14291.57813,14297.70313,20.7,20.3,trip,0,12.0,30.625,1118
2.0,2021-06-15 17:59:00,2021-06-15 18:25:00,14297.70313,14297.70313,20.3,33.3,charge,0,26.0,0.0,1119
2.0,2021-06-15 18:25:00,2021-06-15 18:42:00,14297.70313,14308.9375,33.3,31.7,trip,0,17.0,39.65071764705927,1120
2.0,2021-06-15 19:12:00,2021-06-15 19:52:00,14308.9375,14327.26563,31.7,29.0,trip,0,40.0,27.49219499999981,1121
2.0,2021-06-15 19:53:00,2021-06-15 22:41:00,14327.26563,14327.26563,29.0,54.1,charge,240,168.0,0.0,1122
2.0,2021-06-15 22:41:00,2021-06-15 22:42:00,14327.26563,14327.48438,54.1,54.1,trip,0,1.0,13.125,1123
2.0,2021-06-16 00:59:00,2021-06-16 01:14:00,14327.48438,14339.98438,52.1,49.4,trip,0,15.0,50.0,1124
2.0,2021-06-16 01:14:00,2021-06-16 08:01:00,14339.98438,14339.98438,49.4,57.2,charge,120,407.0,0.0,1125
2.0,2021-06-16 08:01:00,2021-06-16 10:52:00,14339.98438,14477.5625,57.2,26.6,trip,0,171.0,48.27302456140355,1126
2.0,2021-06-16 10:55:00,2021-06-16 11:10:00,14477.5625,14487.0,26.6,24.7,trip,0,15.0,37.75,1127
2.0,2021-06-16 11:11:00,2021-06-16 12:12:00,14487.0,14487.0,24.7,77.6,charge,DCCharging,61.0,0.0,1128
2.0,2021-06-16 12:12:00,2021-06-16 12:53:00,14487.0,14506.75,77.6,73.7,trip,0,41.0,28.902439024390244,1129
2.0,2021-06-16 12:54:00,2021-06-16 13:58:00,14506.75,14546.23438,73.7,66.2,trip,0,64.0,37.01660624999988,1130
2.0,2021-06-16 14:08:00,2021-06-16 16:13:00,14546.23438,14644.32813,65.8,47.0,trip,0,125.0,47.084999999999994,1131
2.0,2021-06-16 16:14:00,2021-06-16 17:36:00,14644.32813,14644.32813,47.0,48.2,charge,120,82.0,0.0,1132
2.0,2021-06-16 17:36:00,2021-06-16 18:08:00,14644.32813,14659.70313,48.2,46.2,trip,0,32.0,28.828125,1133
2.0,2021-06-16 18:29:00,2021-06-16 18:37:00,14659.70313,14664.35938,45.4,45.4,trip,0,8.0,34.921875,1134
2.0,2021-06-16 19:13:00,2021-06-16 19:18:00,14664.35938,14665.07813,44.7,44.7,trip,0,5.0,8.625,1135
2.0,2021-06-16 19:31:00,2021-06-16 19:50:00,14665.07813,14677.17188,44.7,41.5,trip,0,19.0,38.19078947368421,1136
2.0,2021-06-16 19:53:00,2021-06-16 20:38:00,14677.17188,14677.17188,41.5,42.3,charge,120,45.0,0.0,1137
2.0,2021-06-16 20:38:00,2021-06-16 20:55:00,14677.17188,14687.3125,42.3,40.7,trip,0,17.0,35.79042352941221,1138
2.0,2021-06-16 21:10:00,2021-06-16 21:18:00,14687.3125,14691.14063,40.7,40.3,trip,0,8.0,28.710974999999053,1139
2.0,2021-06-16 22:56:00,2021-06-16 23:11:00,14691.14063,14703.10938,37.6,34.9,trip,0,15.0,47.875,1140
2.0,2021-06-16 23:32:00,2021-06-16 23:42:00,14703.10938,14706.57813,34.9,34.9,trip,0,10.0,20.8125,1141
2.0,2021-06-16 23:42:00,2021-06-16 23:45:00,14706.57813,14708.89367,34.9,34.5,trip,0,3.0,46.310799999992014,1142
2.0,2021-06-16 23:45:00,2021-06-17 09:58:00,14708.89367,14708.89367,34.5,47.0,charge,120,613.0,0.0,1143
2.0,2021-06-17 09:58:00,2021-06-17 12:05:00,14708.89367,14813.42188,47.0,29.0,trip,0,127.0,49.38340629921279,1144
2.0,2021-06-17 12:25:00,2021-06-17 14:20:00,14813.42188,14888.51563,28.6,15.2,trip,0,115.0,39.17934782608695,1145
2.0,2021-06-17 14:20:00,2021-06-17 14:30:00,14888.51563,14888.51563,15.2,16.0,charge,240,10.0,0.0,1146
2.0,2021-06-17 14:30:00,2021-06-17 14:32:00,14888.51563,14888.875,16.0,16.0,trip,0,2.0,10.78110000000379,1147
2.0,2021-06-17 14:33:00,2021-06-17 15:05:00,14888.875,14888.875,16.0,49.0,charge,DCCharging,32.0,0.0,1148
2.0,2021-06-17 15:05:00,2021-06-17 15:55:00,14888.875,14918.67188,49.0,43.9,trip,0,50.0,35.756255999999844,1149
2.0,2021-06-17 16:38:00,2021-06-17 17:33:00,14918.67188,14950.23438,43.9,38.8,trip,0,55.0,34.43181818181818,1150
2.0,2021-06-17 17:34:00,2021-06-17 17:54:00,14950.23438,14950.23438,38.8,39.6,charge,240,20.0,0.0,1151
2.0,2021-06-17 17:54:00,2021-06-17 18:42:00,14950.23438,14982.4375,39.6,34.1,trip,0,48.0,40.25390000000016,1152
2.0,2021-06-17 19:01:00,2021-06-17 19:26:00,14982.4375,14994.29688,34.1,32.5,trip,0,25.0,28.462511999999695,1153
2.0,2021-06-17 19:27:00,2021-06-17 21:17:00,14994.29688,14994.29688,32.5,48.6,charge,240,110.0,0.0,1154
2.0,2021-06-17 21:17:00,2021-06-17 21:18:00,14994.29688,14994.51563,48.6,48.6,trip,0,1.0,13.125,1155
2.0,2021-06-18 03:46:00,2021-06-18 04:02:00,14994.53125,15007.04688,46.2,44.3,trip,0,16.0,46.933612499999526,1156
2.0,2021-06-18 04:02:00,2021-06-18 10:03:00,15007.04688,15007.04688,44.3,50.9,charge,120,361.0,0.0,1157
2.0,2021-06-18 10:03:00,2021-06-18 12:05:00,15007.04688,15097.8125,50.9,34.5,trip,0,122.0,44.638829508196785,1158
2.0,2021-06-18 12:06:00,2021-06-18 12:38:00,15097.8125,15097.8125,34.5,67.0,charge,DCCharging,32.0,0.0,1159
2.0,2021-06-18 12:38:00,2021-06-18 12:55:00,15097.8125,15104.95313,67.0,66.2,trip,0,17.0,25.20222352941132,1160
2.0,2021-06-18 13:03:00,2021-06-18 13:54:00,15104.95313,15145.64063,65.8,58.8,trip,0,51.0,47.86764705882353,1161
2.0,2021-06-18 14:33:00,2021-06-18 17:02:00,15145.64063,15210.75,58.8,45.4,trip,0,149.0,26.218538255033607,1162
2.0,2021-06-18 17:03:00,2021-06-18 18:35:00,15210.75,15210.75,45.4,47.0,charge,120,92.0,0.0,1163
2.0,2021-06-18 18:35:00,2021-06-18 19:29:00,15210.75,15238.51563,47.0,42.3,trip,0,54.0,30.850699999999858,1164
2.0,2021-06-18 22:09:00,2021-06-18 23:07:00,15238.51563,15254.28125,39.2,36.0,trip,0,58.0,16.309262068965648,1165
2.0,2021-06-18 23:10:00,2021-06-18 23:39:00,15254.28125,15279.03125,36.0,31.7,trip,0,29.0,51.206896551724135,1166
2.0,2021-06-19 00:08:00,2021-06-19 00:18:00,15279.03125,15289.4375,31.3,29.8,trip,0,10.0,62.4375,1167
2.0,2021-06-19 00:21:00,2021-06-19 00:51:00,15289.4375,15289.4375,29.8,64.3,charge,DCCharging,30.0,0.0,1168
2.0,2021-06-19 00:51:00,2021-06-19 02:32:00,15289.4375,15343.89063,64.3,53.3,trip,0,101.0,32.34839405940586,1169
2.0,2021-06-19 02:32:00,2021-06-19 11:39:00,15343.89063,15343.89063,53.3,64.7,charge,120,547.0,0.0,1170
2.0,2021-06-19 11:39:00,2021-06-19 11:56:00,15343.89063,15352.54688,64.7,63.1,trip,0,17.0,30.551470588235293,1171
2.0,2021-06-19 12:05:00,2021-06-19 13:46:00,15352.54688,15413.875,62.7,52.1,trip,0,101.0,36.43254653465354,1172
2.0,2021-06-19 13:48:00,2021-06-19 13:54:00,15413.875,15416.45313,52.1,51.3,trip,0,6.0,25.781299999998737,1173
2.0,2021-06-19 13:54:00,2021-06-19 14:49:00,15416.45313,15416.45313,51.3,51.7,charge,120,55.0,0.0,1174
2.0,2021-06-19 14:49:00,2021-06-19 14:51:00,15416.45313,15416.79688,51.7,51.7,trip,0,2.0,10.3125,1175
2.0,2021-06-19 15:34:00,2021-06-19 15:35:00,15416.79688,15417.3125,51.7,51.7,trip,0,1.0,30.93720000000758,1176
2.0,2021-06-19 15:36:00,2021-06-19 17:45:00,15417.3125,15417.3125,51.7,54.1,charge,120,129.0,0.0,1177
2.0,2021-06-19 17:45:00,2021-06-19 22:32:00,15417.3125,15583.78125,54.1,23.1,trip,0,287.0,34.801829268292686,1178
2.0,2021-06-19 22:36:00,2021-06-19 23:08:00,15583.78125,15583.78125,23.1,53.7,charge,DCCharging,32.0,0.0,1179
2.0,2021-06-19 23:08:00,2021-06-20 03:19:00,15583.78125,15804.96875,53.7,12.5,trip,0,251.0,52.873505976095615,1180
2.0,2021-06-20 03:20:00,2021-06-20 04:21:00,15804.96875,15804.96875,12.5,61.5,charge,DCCharging,61.0,0.0,1181
2.0,2021-06-20 04:21:00,2021-06-20 04:36:00,15804.96875,15813.98438,61.5,59.6,trip,0,15.0,36.062519999999495,1182
2.0,2021-06-20 04:36:00,2021-06-20 12:18:00,15813.98438,15813.98438,59.6,69.0,charge,120,462.0,0.0,1183
2.0,2021-06-20 12:18:00,2021-06-20 14:32:00,15813.98438,15940.14063,69.0,41.9,trip,0,134.0,56.48787313432835,1184
2.0,2021-06-20 14:45:00,2021-06-20 17:15:00,15940.14063,16066.15625,41.5,14.9,trip,0,150.0,50.40624800000005,1185
2.0,2021-06-20 17:16:00,2021-06-20 17:47:00,16066.15625,16066.15625,14.9,44.3,charge,0,31.0,0.0,1186
2.0,2021-06-20 17:47:00,2021-06-20 18:31:00,16066.15625,16110.10938,44.3,34.9,trip,0,44.0,59.93608636363619,1187
2.0,2021-06-20 18:32:00,2021-06-20 19:32:00,16110.10938,16110.10938,34.9,84.3,charge,DCCharging,60.0,0.0,1188
2.0,2021-06-20 19:32:00,2021-06-20 19:46:00,16110.10938,16119.125,84.3,81.9,trip,0,14.0,38.63837142857197,1189
2.0,2021-06-20 19:47:00,2021-06-20 20:26:00,16119.125,16119.125,81.9,82.3,charge,120,39.0,0.0,1190
2.0,2021-06-20 20:26:00,2021-06-20 22:56:00,16119.125,16257.57813,82.3,54.1,trip,0,150.0,55.38125199999995,1191
2.0,2021-06-20 23:02:00,2021-06-20 23:06:00,16257.57813,16259.40625,54.1,54.1,trip,0,4.0,27.421800000001895,1192
2.0,2021-06-20 23:17:00,2021-06-21 01:53:00,16259.40625,16416.59375,53.7,20.7,trip,0,156.0,60.45673076923077,1193
2.0,2021-06-21 01:55:00,2021-06-21 02:55:00,16416.59375,16416.59375,20.7,69.8,charge,DCCharging,60.0,0.0,1194
2.0,2021-06-21 02:55:00,2021-06-21 03:10:00,16416.59375,16425.60938,69.8,67.8,trip,0,15.0,36.06252000000677,1195
2.0,2021-06-21 03:11:00,2021-06-21 10:00:00,16425.60938,16425.60938,67.8,76.0,charge,120,409.0,0.0,1196
2.0,2021-06-21 10:00:00,2021-06-21 14:19:00,16425.60938,16718.0625,76.0,16.8,trip,0,259.0,67.74975752895715,1197
2.0,2021-06-21 14:21:00,2021-06-21 14:52:00,16718.0625,16718.0625,16.8,46.2,charge,DCCharging,31.0,0.0,1198
2.0,2021-06-21 14:52:00,2021-06-21 15:44:00,16718.0625,16761.57813,46.2,38.0,trip,0,52.0,50.21034230769426,1199
2.0,2021-06-21 15:45:00,2021-06-21 16:41:00,16761.57813,16761.57813,38.0,45.8,charge,240,56.0,0.0,1200
2.0,2021-06-21 16:41:00,2021-06-21 18:52:00,16761.57813,16808.0,45.8,34.5,trip,0,131.0,21.261925190838923,1201
2.0,2021-06-21 18:53:00,2021-06-21 19:25:00,16808.0,16808.0,34.5,63.5,charge,0,32.0,0.0,1202
2.0,2021-06-21 19:25:00,2021-06-21 21:26:00,16808.0,16865.96875,63.5,49.0,trip,0,121.0,28.744834710743802,1203
2.0,2021-06-21 21:28:00,2021-06-22 10:00:00,16865.96875,16865.96875,49.0,63.1,charge,0,752.0,0.0,1204
2.0,2021-06-22 10:00:00,2021-06-22 12:18:00,16865.96875,16955.26563,63.1,47.8,trip,0,138.0,38.82473043478335,1205
2.0,2021-06-22 12:19:00,2021-06-22 13:05:00,16955.26563,16991.875,47.8,41.1,trip,0,46.0,47.75135217391083,1206
2.0,2021-06-22 13:12:00,2021-06-22 13:18:00,16991.875,16994.03125,41.1,41.1,trip,0,6.0,21.5625,1207
2.0,2021-06-22 13:19:00,2021-06-22 17:59:00,16994.03125,16994.03125,41.1,45.8,charge,120,280.0,0.0,1208
2.0,2021-06-22 17:59:00,2021-06-22 22:04:00,16994.03125,17134.5,45.8,21.9,trip,0,245.0,34.400510204081634,1209
2.0,2021-06-22 22:05:00,2021-06-22 22:36:00,17134.5,17134.5,21.9,52.9,charge,DCCharging,31.0,0.0,1210
2.0,2021-06-22 22:36:00,2021-06-22 23:07:00,17134.5,17152.5625,52.9,49.8,trip,0,31.0,34.95967741935483,1211
2.0,2021-06-22 23:08:00,2021-06-23 10:01:00,17152.5625,17152.5625,49.8,62.7,charge,120,653.0,0.0,1212
2.0,2021-06-23 10:01:00,2021-06-23 12:46:00,17152.5625,17288.15625,62.7,38.0,trip,0,165.0,49.30681818181818,1213
2.0,2021-06-23 12:46:00,2021-06-23 14:12:00,17288.15625,17288.15625,38.0,39.2,charge,120,86.0,0.0,1214
2.0,2021-06-23 14:12:00,2021-06-23 15:11:00,17288.15625,17331.73438,39.2,32.1,trip,0,59.0,44.31674237288308,1215
2.0,2021-06-23 15:46:00,2021-06-23 17:13:00,17331.73438,17412.17188,64.7,41.1,trip,0,87.0,55.474137931034484,1216
2.0,2021-06-23 17:29:00,2021-06-23 22:06:00,17412.17188,17574.85938,41.1,18.0,trip,0,277.0,35.23916967509025,1217
2.0,2021-06-23 22:07:00,2021-06-23 22:38:00,17574.85938,17574.85938,18.0,47.4,charge,DCCharging,31.0,0.0,1218
2.0,2021-06-23 22:38:00,2021-06-23 22:57:00,17574.85938,17575.17188,47.4,47.4,trip,0,19.0,0.986842105263158,1219
2.0,2021-06-23 23:17:00,2021-06-23 23:48:00,17575.17188,17595.76563,46.6,43.5,trip,0,31.0,39.85887096774193,1220
2.0,2021-06-23 23:49:00,2021-06-24 10:03:00,17595.76563,17595.76563,43.5,56.0,charge,0,614.0,0.0,1221
2.0,2021-06-24 10:03:00,2021-06-24 12:37:00,17595.76563,17707.375,56.0,36.8,trip,0,154.0,43.48417012986947,1222
2.0,2021-06-24 12:38:00,2021-06-24 13:09:00,17707.375,17707.375,36.8,68.2,charge,0,31.0,0.0,1223
2.0,2021-06-24 13:09:00,2021-06-24 14:00:00,17707.375,17741.03125,68.2,62.7,trip,0,51.0,39.595588235294116,1224
2.0,2021-06-24 14:04:00,2021-06-24 17:28:00,17741.03125,17869.5,61.9,39.2,trip,0,204.0,37.78492647058824,1225
2.0,2021-06-24 17:29:00,2021-06-24 18:00:00,17869.5,17869.5,39.2,69.0,charge,DCCharging,31.0,0.0,1226
2.0,2021-06-24 18:00:00,2021-06-24 18:04:00,17869.5,17870.875,69.0,69.0,trip,0,4.0,20.625,1227
2.0,2021-06-24 18:05:00,2021-06-24 18:15:00,17870.875,17870.875,69.0,69.8,charge,240,10.0,0.0,1228
2.0,2021-06-24 18:15:00,2021-06-24 21:11:00,17870.875,17958.89063,69.8,54.5,trip,0,176.0,30.00532840909149,1229
2.0,2021-06-24 21:13:00,2021-06-24 21:20:00,17958.89063,17961.15625,54.5,53.3,trip,0,7.0,19.41959999998549,1230
2.0,2021-06-24 22:00:00,2021-06-24 22:50:00,17961.15625,17986.01563,53.3,49.0,trip,0,50.0,29.83125600000203,1231
2.0,2021-06-24 23:54:00,2021-06-24 23:56:00,18024.89063,18025.42188,41.1,41.1,trip,0,2.0,15.9375,1232
2.0,2021-06-24 23:56:00,2021-06-25 10:01:00,18025.42188,18025.42188,41.1,53.7,charge,120,605.0,0.0,1233
2.0,2021-06-25 10:01:00,2021-06-25 12:42:00,18025.42188,18133.8125,53.7,34.1,trip,0,161.0,40.39401987577577,1234
2.0,2021-06-25 12:42:00,2021-06-25 18:02:00,18133.8125,18133.8125,34.1,40.3,charge,120,320.0,0.0,1235
2.0,2021-06-25 18:02:00,2021-06-25 21:02:00,18133.8125,18225.5,40.3,23.5,trip,0,180.0,30.5625,1236
2.0,2021-06-25 21:11:00,2021-06-25 21:12:00,18225.5,18225.64063,23.5,23.5,trip,0,1.0,8.43780000010156,1237
2.0,2021-06-25 21:12:00,2021-06-25 21:14:00,18225.64063,18225.82813,23.5,23.5,trip,0,2.0,5.625,1238
2.0,2021-06-25 21:15:00,2021-06-25 21:47:00,18225.82813,18225.82813,23.5,52.1,charge,DCCharging,32.0,0.0,1239
2.0,2021-06-25 21:47:00,2021-06-26 00:17:00,18225.82813,18335.3125,52.1,30.5,trip,0,150.0,43.793747999999326,1240
2.0,2021-06-26 00:19:00,2021-06-26 00:50:00,18335.3125,18335.3125,30.5,61.9,charge,DCCharging,31.0,0.0,1241
2.0,2021-06-26 00:50:00,2021-06-26 01:19:00,18335.3125,18351.76563,61.9,58.8,trip,0,29.0,34.040958620693154,1242
2.0,2021-06-26 01:24:00,2021-06-26 01:30:00,18351.76563,18354.35938,58.8,58.0,trip,0,6.0,25.9375,1243
2.0,2021-06-26 01:30:00,2021-06-26 12:03:00,18354.35938,18354.35938,58.0,70.1,charge,120,633.0,0.0,1244
2.0,2021-06-26 12:03:00,2021-06-26 13:36:00,18354.35938,18468.375,70.1,46.6,trip,0,93.0,73.55846451612794,1245
2.0,2021-06-26 13:40:00,2021-06-26 13:46:00,18468.375,18470.90625,45.8,45.8,trip,0,6.0,25.3125,1246
2.0,2021-06-26 13:50:00,2021-06-26 14:50:00,18470.90625,18522.03125,45.8,34.1,trip,0,60.0,51.125,1247
2.0,2021-06-26 14:58:00,2021-06-26 15:03:00,18522.03125,18523.34375,34.1,34.1,trip,0,5.0,15.75,1248
2.0,2021-06-26 15:15:00,2021-06-26 16:10:00,18523.34375,18598.59375,33.3,17.2,trip,0,55.0,82.0909090909091,1249
2.0,2021-06-26 16:12:00,2021-06-26 16:43:00,18598.59375,18598.59375,17.2,42.7,charge,0,31.0,0.0,1250
2.0,2021-06-26 16:43:00,2021-06-26 17:45:00,18598.59375,18643.76563,42.7,31.7,trip,0,62.0,43.71472258064679,1251
2.0,2021-06-26 18:14:00,2021-06-26 18:43:00,18643.76563,18657.25,31.3,28.6,trip,0,29.0,27.898696551720636,1252
2.0,2021-06-26 19:10:00,2021-06-26 19:27:00,18657.25,18665.09375,28.6,26.2,trip,0,17.0,27.683823529411764,1253
2.0,2021-06-26 20:08:00,2021-06-26 20:22:00,18665.09375,18670.34375,25.8,24.3,trip,0,14.0,22.5,1254
2.0,2021-06-26 20:23:00,2021-07-05 10:03:00,18670.34375,18670.34375,24.3,100.0,charge,120,12340.0,0.0,1255
2.0,2021-07-05 10:03:00,2021-07-05 12:10:00,18670.34375,18767.375,100.0,80.3,trip,0,127.0,45.84153543307087,1256
2.0,2021-07-05 12:12:00,2021-07-05 12:23:00,18767.375,18774.71875,80.3,78.8,trip,0,11.0,40.05681818181819,1257
2.0,2021-07-05 18:17:00,2021-07-05 19:34:00,18774.71875,18825.9375,78.0,67.8,trip,0,77.0,39.910714285714285,1258
2.0,2021-07-05 20:34:00,2021-07-06 10:01:00,18858.8125,18858.8125,60.7,76.4,charge,120,807.0,0.0,1259
2.0,2021-07-06 10:01:00,2021-07-06 12:26:00,18858.8125,18970.8125,76.4,57.2,trip,0,145.0,46.3448275862069,1260
2.0,2021-07-06 12:27:00,2021-07-06 12:33:00,18970.8125,18973.39063,57.2,56.8,trip,0,6.0,25.781300000016927,1261
2.0,2021-07-06 18:45:00,2021-07-06 21:38:00,19115.73438,19211.4375,30.5,11.7,trip,0,173.0,33.191833526010974,1262
2.0,2021-07-06 21:40:00,2021-07-06 22:11:00,19211.4375,19211.4375,11.7,41.1,charge,0,31.0,0.0,1263
2.0,2021-07-06 22:11:00,2021-07-07 00:24:00,19211.4375,19310.95313,41.1,22.7,trip,0,133.0,44.89426917293309,1264
2.0,2021-07-07 00:25:00,2021-07-07 00:55:00,19310.95313,19310.95313,22.7,53.3,charge,DCCharging,30.0,0.0,1265
2.0,2021-07-07 00:55:00,2021-07-07 01:20:00,19310.95313,19331.23438,53.3,49.4,trip,0,25.0,48.675,1266
2.0,2021-07-07 01:20:00,2021-07-07 12:47:00,19331.23438,19331.23438,49.4,63.5,charge,120,687.0,0.0,1267
2.0,2021-07-07 12:47:00,2021-07-07 13:03:00,19331.23438,19339.3125,63.5,61.9,trip,0,16.0,30.292949999993652,1268
2.0,2021-07-07 13:13:00,2021-07-07 13:15:00,19339.3125,19339.35938,61.9,61.9,trip,0,2.0,1.4064000000507804,1269
2.0,2021-07-07 14:00:00,2021-07-07 14:19:00,19339.35938,19347.625,61.9,60.3,trip,0,19.0,26.1019578947315,1270
2.0,2021-07-07 16:25:00,2021-07-07 16:31:00,19393.76563,19395.25,51.3,51.3,trip,0,6.0,14.843699999983073,1271
2.0,2021-07-07 16:32:00,2021-07-07 17:03:00,19395.25,19395.25,51.3,76.8,charge,DCCharging,31.0,0.0,1272
2.0,2021-07-07 17:03:00,2021-07-07 20:00:00,19395.25,19533.70313,76.8,52.1,trip,0,177.0,46.93326440678023,1273
2.0,2021-07-07 20:03:00,2021-07-07 20:16:00,19533.70313,19539.4375,52.1,51.7,trip,0,13.0,26.466323076915263,1274
2.0,2021-07-07 21:17:00,2021-07-07 21:24:00,19539.4375,19544.07813,51.3,50.9,trip,0,7.0,39.776828571443076,1275
2.0,2021-07-07 22:16:00,2021-07-07 22:25:00,19554.28125,19559.0,49.0,48.2,trip,0,9.0,31.458333333333336,1276
2.0,2021-07-07 22:35:00,2021-07-07 23:02:00,19559.0,19569.32813,48.2,45.0,trip,0,27.0,22.951400000003762,1277
2.0,2021-07-07 23:02:00,2021-07-07 23:17:00,19569.32813,19569.35938,45.0,45.0,trip,0,15.0,0.125,1278
2.0,2021-07-07 23:17:00,2021-07-07 23:36:00,19569.35938,19578.03125,45.0,43.9,trip,0,19.0,27.384852631573604,1279
2.0,2021-07-07 23:39:00,2021-07-08 00:24:00,19578.03125,19578.03125,43.9,80.0,charge,DCCharging,45.0,0.0,1280
2.0,2021-07-08 00:24:00,2021-07-08 00:54:00,19578.03125,19593.96875,80.0,77.6,trip,0,30.0,31.875,1281
2.0,2021-07-08 15:14:00,2021-07-08 15:37:00,19593.96875,19609.26563,75.2,72.5,trip,0,23.0,39.9049043478305,1282
2.0,2021-07-08 15:45:00,2021-07-08 16:07:00,19609.26563,19621.65625,72.5,70.9,trip,0,22.0,33.79259999999539,1283
2.0,2021-07-08 16:07:00,2021-07-08 17:54:00,19621.65625,19662.76563,70.9,63.5,trip,0,107.0,23.051988785047676,1284
2.0,2021-07-08 17:54:00,2021-07-08 19:46:00,19662.76563,19723.14063,63.5,51.3,trip,0,112.0,32.34375,1285
2.0,2021-07-08 19:48:00,2021-07-08 19:54:00,19723.14063,19725.65625,51.3,51.3,trip,0,6.0,25.156199999983073,1286
2.0,2021-07-08 19:55:00,2021-07-08 22:09:00,19725.65625,19725.65625,51.3,53.7,charge,120,134.0,0.0,1287
2.0,2021-07-08 22:09:00,2021-07-08 22:44:00,19725.65625,19745.34375,53.7,50.9,trip,0,35.0,33.75,1288
2.0,2021-07-08 22:45:00,2021-07-08 23:07:00,19745.34375,19745.34375,50.9,52.5,charge,240,22.0,0.0,1289
2.0,2021-07-08 23:07:00,2021-07-08 23:32:00,19745.34375,19760.0625,52.5,49.8,trip,0,25.0,35.324999999999996,1290
2.0,2021-07-08 23:32:00,2021-07-09 10:23:00,19760.00625,19760.0625,49.8,63.1,charge,120,651.0,0.005184331797369142,1291
2.0,2021-07-09 10:23:00,2021-07-09 14:38:00,19760.00625,19941.1875,63.1,31.7,trip,0,255.0,42.63088235294152,1292
2.0,2021-07-09 15:03:00,2021-07-09 16:12:00,19941.1875,19997.45313,31.7,22.7,trip,0,69.0,48.92663478261017,1293
2.0,2021-07-09 16:12:00,2021-07-09 16:24:00,19997.45313,19997.45313,22.7,23.9,charge,240,12.0,0.0,1294
2.0,2021-07-09 16:24:00,2021-07-09 16:27:00,19997.45313,19998.71875,23.9,23.9,trip,0,3.0,25.312399999966146,1295
2.0,2021-07-09 16:28:00,2021-07-09 16:59:00,19998.71875,19998.71875,23.9,56.0,charge,DCCharging,31.0,0.0,1296
2.0,2021-07-09 16:59:00,2021-07-09 18:20:00,19998.71875,20041.8125,56.0,47.4,trip,0,81.0,31.921296296296294,1297
2.0,2021-07-09 18:38:00,2021-07-09 19:05:00,20041.8125,20051.1875,46.6,45.8,trip,0,27.0,20.833333333333332,1298
2.0,2021-07-09 20:18:00,2021-07-09 20:32:00,20051.1875,20054.25,42.3,41.1,trip,0,14.0,13.125,1299
2.0,2021-07-09 21:50:00,2021-07-09 22:15:00,20054.25,20067.5625,40.3,38.8,trip,0,25.0,31.95,1300
2.0,2021-07-09 22:18:00,2021-07-09 22:25:00,20067.5625,20070.70313,38.8,38.4,trip,0,7.0,26.919685714300222,1301
2.0,2021-07-09 22:36:00,2021-07-09 23:08:00,20070.70313,20085.98438,38.4,35.2,trip,0,32.0,28.65234375,1302
2.0,2021-07-09 23:08:00,2021-07-10 10:02:00,20085.98438,20085.98438,35.2,49.0,charge,120,654.0,0.0,1303
2.0,2021-07-10 10:02:00,2021-07-10 12:39:00,20085.98438,20196.60938,49.0,28.2,trip,0,157.0,42.27707006369427,1304
2.0,2021-07-10 12:40:00,2021-07-10 14:58:00,20196.60938,20196.60938,28.2,30.5,charge,120,138.0,0.0,1305
2.0,2021-07-10 14:58:00,2021-07-10 15:51:00,20196.60938,20238.0,30.5,24.7,trip,0,53.0,46.857305660375445,1306
2.0,2021-07-10 15:52:00,2021-07-10 16:23:00,20238.0,20238.0,24.7,57.2,charge,0,31.0,0.0,1307
2.0,2021-07-10 16:23:00,2021-07-10 17:21:00,20238.0,20256.98438,57.2,52.5,trip,0,58.0,19.6390137931052,1308
2.0,2021-07-10 17:22:00,2021-07-10 17:53:00,20256.98438,20256.98438,52.5,80.3,charge,DCCharging,31.0,0.0,1309
2.0,2021-07-10 17:53:00,2021-07-10 23:01:00,20256.98438,20502.98438,80.3,30.1,trip,0,308.0,47.92207792207792,1310
2.0,2021-07-10 23:02:00,2021-07-10 23:33:00,20502.98438,20502.98438,30.1,60.7,charge,DCCharging,31.0,0.0,1311
2.0,2021-07-10 23:33:00,2021-07-11 01:43:00,20502.98438,20616.0625,60.7,37.6,trip,0,130.0,52.18990153846076,1312
2.0,2021-07-11 01:48:00,2021-07-11 02:54:00,20616.0625,20690.70313,37.6,20.0,trip,0,66.0,67.85511818181972,1313
2.0,2021-07-11 02:55:00,2021-07-11 11:06:00,20690.70313,20690.70313,20.0,30.1,charge,120,491.0,0.0,1314
2.0,2021-07-11 11:06:00,2021-07-11 12:22:00,20690.70313,20764.53125,30.1,16.4,trip,0,76.0,58.28535789473551,1315
2.0,2021-07-11 12:22:00,2021-07-11 12:53:00,20764.53125,20764.53125,16.4,47.0,charge,DCCharging,31.0,0.0,1316
2.0,2021-07-11 12:53:00,2021-07-11 17:08:00,20764.53125,20934.48438,47.0,16.4,trip,0,255.0,39.98897176470628,1317
2.0,2021-07-11 17:28:00,2021-07-11 18:29:00,20934.48438,20984.82813,16.4,5.4,trip,0,61.0,49.51844262295082,1318
2.0,2021-07-11 18:48:00,2021-07-11 18:54:00,20984.82813,20985.23438,5.4,5.4,trip,0,6.0,4.0625,1319
2.0,2021-07-11 18:54:00,2021-07-11 19:27:00,20985.23438,20985.23438,5.4,9.8,charge,240,33.0,0.0,1320
2.0,2021-07-11 19:27:00,2021-07-11 19:52:00,20985.23438,21003.65625,9.8,6.2,trip,0,25.0,44.212487999995936,1321
2.0,2021-07-11 19:53:00,2021-07-11 20:06:00,21003.65625,21009.34375,62.0,54.0,trip,0,13.0,26.25,1322
2.0,2021-07-11 20:07:00,2021-07-11 20:46:00,21009.34375,21009.34375,5.4,5.8,charge,120,39.0,0.0,1323
2.0,2021-07-11 20:46:00,2021-07-11 21:11:00,21009.34375,21022.26563,5.8,3.9,trip,0,25.0,31.01251200000406,1324
2.0,2021-07-11 22:53:00,2021-07-11 23:02:00,21022.26563,21026.9375,54.1,52.5,trip,0,9.0,31.145799999988718,1325
2.0,2021-07-11 23:16:00,2021-07-11 23:28:00,21026.9375,21034.125,52.5,51.3,trip,0,12.0,35.9375,1326
2.0,2021-07-11 23:29:00,2021-07-12 08:25:00,21034.125,21034.125,51.3,61.9,charge,120,536.0,0.0,1327
2.0,2021-07-12 08:25:00,2021-07-12 11:01:00,21034.125,21165.45313,61.9,36.0,trip,0,156.0,50.51081923076988,1328
2.0,2021-07-12 11:02:00,2021-07-12 11:33:00,21165.45313,21165.45313,36.0,67.0,charge,DCCharging,31.0,0.0,1329
2.0,2021-07-12 11:33:00,2021-07-12 12:26:00,21165.45313,21214.5,67.0,57.6,trip,0,53.0,55.524758490564125,1330
2.0,2021-07-12 12:27:00,2021-07-12 12:30:00,21214.5,21215.89063,57.6,57.2,trip,0,3.0,27.812600000033854,1331
2.0,2021-07-12 12:56:00,2021-07-12 13:05:00,21215.89063,21222.32813,56.8,56.4,trip,0,9.0,42.91666666666667,1332
2.0,2021-07-12 13:15:00,2021-07-12 13:32:00,21222.32813,21234.09375,56.4,53.7,trip,0,17.0,41.52571764705285,1333
2.0,2021-07-12 13:37:00,2021-07-12 14:36:00,21234.09375,21303.54688,53.7,40.3,trip,0,59.0,70.63030169491698,1334
2.0,2021-07-12 14:43:00,2021-07-12 14:46:00,21303.54688,21303.90625,40.3,40.3,trip,0,3.0,7.187399999966146,1335
2.0,2021-07-12 14:57:00,2021-07-12 15:51:00,21303.90625,21378.03125,40.0,24.7,trip,0,54.0,82.36111111111111,1336
2.0,2021-07-12 15:52:00,2021-07-12 16:22:00,21378.03125,21378.03125,24.7,32.9,charge,DCCharging,30.0,0.0,1337
2.0,2021-07-12 16:22:00,2021-07-12 16:56:00,21378.03125,21409.53125,32.9,27.0,trip,0,34.0,55.588235294117645,1338
2.0,2021-07-12 17:00:00,2021-07-12 17:16:00,21409.53125,21419.39063,26.6,25.4,trip,0,16.0,36.97267500000635,1339
2.0,2021-07-12 17:29:00,2021-07-12 18:28:00,21419.39063,21451.26563,25.4,19.2,trip,0,59.0,32.41525423728814,1340
2.0,2021-07-12 18:29:00,2021-07-12 18:59:00,21451.26563,21451.26563,19.2,49.4,charge,0,30.0,0.0,1341
2.0,2021-07-12 18:59:00,2021-07-12 20:55:00,21451.26563,21514.96875,49.4,36.0,trip,0,116.0,32.94988965517154,1342
2.0,2021-07-12 21:02:00,2021-07-12 21:23:00,21514.96875,21523.1875,36.0,34.5,trip,0,21.0,23.482142857142858,1343
2.0,2021-07-12 21:29:00,2021-07-12 21:44:00,21523.1875,21532.51563,34.5,33.3,trip,0,15.0,37.31252000000677,1344
2.0,2021-07-12 21:44:00,2021-07-12 23:46:00,21532.51563,21532.51563,33.3,49.8,charge,240,122.0,0.0,1345
2.0,2021-07-12 23:46:00,2021-07-13 00:02:00,21532.51563,21541.39063,49.8,48.6,trip,0,16.0,33.28125,1346
2.0,2021-07-13 00:08:00,2021-07-13 00:21:00,21541.39063,21550.70313,47.8,47.4,trip,0,13.0,42.980769230769226,1347
2.0,2021-07-13 01:00:00,2021-07-13 01:13:00,21550.70313,21558.875,46.6,45.4,trip,0,13.0,37.716323076915266,1348
2.0,2021-07-13 01:13:00,2021-07-13 08:33:00,21558.875,21558.875,45.4,54.5,charge,120,440.0,0.0,1349
2.0,2021-07-13 08:33:00,2021-07-13 09:32:00,21558.875,21616.57813,54.5,43.9,trip,0,59.0,58.681149152544094,1350
2.0,2021-07-13 09:32:00,2021-07-13 09:41:00,21616.57813,21616.57813,43.9,44.7,charge,240,9.0,0.0,1351
2.0,2021-07-13 09:41:00,2021-07-13 11:55:00,21616.57813,21717.85938,44.7,25.0,trip,0,134.0,45.349813432835816,1352
2.0,2021-07-13 11:56:00,2021-07-13 12:26:00,21717.85938,21717.85938,25.0,57.2,charge,DCCharging,30.0,0.0,1353
2.0,2021-07-13 12:26:00,2021-07-13 12:52:00,21717.85938,21738.15625,57.2,53.7,trip,0,26.0,46.83893076922686,1354
2.0,2021-07-13 13:04:00,2021-07-13 14:42:00,21738.15625,21832.40625,53.7,29.4,trip,0,98.0,57.704081632653065,1355
2.0,2021-07-13 14:54:00,2021-07-13 16:25:00,21832.40625,21922.28125,29.0,19.2,trip,0,91.0,59.25824175824176,1356
2.0,2021-07-13 16:43:00,2021-07-13 17:13:00,21922.28125,21938.15625,19.2,16.8,trip,0,30.0,31.75,1357
2.0,2021-07-13 17:13:00,2021-07-13 18:56:00,21938.15625,21938.15625,16.8,18.8,charge,120,103.0,0.0,1358
2.0,2021-07-13 18:56:00,2021-07-13 19:32:00,21938.15625,21958.95313,18.8,15.6,trip,0,36.0,34.66146666666949,1359
2.0,2021-07-13 19:33:00,2021-07-13 20:03:00,21958.95313,21958.95313,15.6,44.7,charge,DCCharging,30.0,0.0,1360
2.0,2021-07-13 20:03:00,2021-07-13 21:09:00,21958.95313,21991.90625,44.7,38.0,trip,0,66.0,29.957381818180277,1361
2.0,2021-07-13 21:10:00,2021-07-13 21:42:00,21991.90625,21991.90625,38.0,68.6,charge,DCCharging,32.0,0.0,1362
2.0,2021-07-13 21:42:00,2021-07-13 22:19:00,21991.90625,22012.40625,68.6,64.3,trip,0,37.0,33.24324324324324,1363
2.0,2021-07-13 22:31:00,2021-07-13 23:01:00,22012.40625,22029.70313,64.3,60.7,trip,0,30.0,34.593760000003385,1364
2.0,2021-07-14 02:28:00,2021-07-14 02:30:00,22029.71875,22030.25,57.6,57.2,trip,0,2.0,15.9375,1365
2.0,2021-07-14 02:32:00,2021-07-14 10:47:00,22030.25,22030.25,57.2,66.6,charge,120,495.0,0.0,1366
2.0,2021-07-14 10:47:00,2021-07-14 11:05:00,22030.25,22041.84375,66.6,65.4,trip,0,18.0,38.645833333333336,1367
2.0,2021-07-14 13:15:00,2021-07-14 13:32:00,22041.84375,22053.54688,65.0,63.1,trip,0,17.0,41.30516470588833,1368
2.0,2021-07-14 13:33:00,2021-07-14 14:05:00,22053.54688,22053.54688,63.1,63.5,charge,120,32.0,0.0,1369
2.0,2021-07-14 14:05:00,2021-07-14 14:17:00,22053.54688,22060.625,63.5,62.3,trip,0,12.0,35.39059999999154,1370
2.0,2021-07-14 14:25:00,2021-07-14 14:35:00,22060.625,22065.40625,61.9,61.9,trip,0,10.0,28.6875,1371
2.0,2021-07-14 14:44:00,2021-07-14 15:01:00,22065.40625,22075.60938,61.5,59.6,trip,0,17.0,36.011047058829504,1372
2.0,2021-07-14 15:02:00,2021-07-14 15:53:00,22075.60938,22075.60938,59.6,60.3,charge,120,51.0,0.0,1373
2.0,2021-07-14 15:53:00,2021-07-14 16:49:00,22075.60938,22103.48438,60.3,56.0,trip,0,56.0,29.866071428571427,1374
2.0,2021-07-14 16:50:00,2021-07-14 19:04:00,22103.48438,22103.48438,56.0,58.4,charge,120,134.0,0.0,1375
2.0,2021-07-14 19:04:00,2021-07-14 19:25:00,22103.48438,22115.57813,58.4,56.8,trip,0,21.0,34.55357142857143,1376
2.0,2021-07-14 19:31:00,2021-07-14 19:36:00,22115.57813,22118.125,56.8,56.8,trip,0,5.0,30.562439999979688,1377
2.0,2021-07-14 19:41:00,2021-07-14 19:54:00,22118.125,22126.95313,56.4,55.6,trip,0,13.0,40.745215384623194,1378
2.0,2021-07-14 20:06:00,2021-07-14 20:24:00,22126.95313,22137.4375,55.2,53.7,trip,0,18.0,34.94789999999436,1379
2.0,2021-07-14 22:45:00,2021-07-14 23:02:00,22137.4375,22150.82813,51.7,50.1,trip,0,17.0,47.261047058829504,1380
2.0,2021-07-14 23:24:00,2021-07-14 23:29:00,22150.82813,22154.03125,49.8,49.4,trip,0,5.0,38.43743999997969,1381
2.0,2021-07-14 23:51:00,2021-07-15 00:05:00,22154.03125,22165.54688,49.0,47.0,trip,0,14.0,49.35270000000725,1382
2.0,2021-07-15 00:21:00,2021-07-15 10:50:00,22165.5625,22165.5625,47.0,59.6,charge,120,629.0,0.0,1383
2.0,2021-07-15 10:50:00,2021-07-15 11:24:00,22165.5625,22179.54688,59.6,58.0,trip,0,34.0,24.67831764706181,1384
2.0,2021-07-15 11:24:00,2021-07-15 12:11:00,22179.54688,22185.67188,58.0,56.8,trip,0,47.0,7.819148936170213,1385
2.0,2021-07-15 12:23:00,2021-07-15 12:39:00,22185.67188,22197.0,56.4,55.2,trip,0,16.0,42.48044999999365,1386
2.0,2021-07-15 12:40:00,2021-07-15 12:47:00,22197.0,22199.51563,55.2,54.1,trip,0,7.0,21.562542857157364,1387
2.0,2021-07-15 13:11:00,2021-07-15 13:11:00,22207.875,22208.0625,52.9,52.9,trip,0,0.0,0.0,1388
2.0,2021-07-15 13:25:00,2021-07-15 13:52:00,22208.0625,22223.20313,52.9,49.8,trip,0,27.0,33.64584444444821,1389
2.0,2021-07-15 14:01:00,2021-07-15 14:44:00,22223.20313,22249.0625,49.8,45.8,trip,0,43.0,36.08284186046276,1390
2.0,2021-07-15 14:45:00,2021-07-15 16:37:00,22249.0625,22249.0625,45.8,47.4,charge,120,112.0,0.0,1391
2.0,2021-07-15 16:37:00,2021-07-15 20:11:00,22249.0625,22365.6875,47.4,28.2,trip,0,214.0,32.69859813084112,1392
2.0,2021-07-15 20:12:00,2021-07-15 20:27:00,22365.6875,22365.6875,28.2,44.7,charge,DCCharging,15.0,0.0,1393
2.0,2021-07-15 20:27:00,2021-07-15 21:19:00,22365.6875,22405.07813,44.7,37.2,trip,0,52.0,45.450726923078875,1394
2.0,2021-07-16 15:57:00,2021-07-16 16:28:00,22513.84375,22513.84375,34.5,65.8,charge,DCCharging,31.0,0.0,1395
2.0,2021-07-16 16:28:00,2021-07-16 17:42:00,22513.84375,22550.28125,65.8,59.6,trip,0,74.0,29.543918918918916,1396
2.0,2021-07-16 17:53:00,2021-07-16 19:48:00,22550.28125,22654.57813,59.6,38.0,trip,0,115.0,54.41576347826175,1397
2.0,2021-07-16 19:57:00,2021-07-16 20:36:00,22654.57813,22696.3125,37.6,29.4,trip,0,39.0,64.20672307692047,1398
2.0,2021-07-16 20:46:00,2021-07-16 21:41:00,22696.3125,22770.51563,29.0,14.1,trip,0,55.0,80.94886909091095,1399
2.0,2021-07-16 21:42:00,2021-07-16 22:12:00,22770.51563,22770.51563,14.1,43.1,charge,DCCharging,30.0,0.0,1400
2.0,2021-07-16 22:12:00,2021-07-16 22:32:00,22770.51563,22788.85938,43.1,40.3,trip,0,20.0,55.03125,1401
2.0,2021-07-16 22:33:00,2021-07-16 22:39:00,22788.85938,22791.375,40.3,40.0,trip,0,6.0,25.156199999983073,1402
2.0,2021-07-17 00:04:00,2021-07-17 00:18:00,22804.78125,22804.78125,37.6,37.6,trip,0,14.0,0.0,1403
2.0,2021-07-17 00:21:00,2021-07-17 00:27:00,22804.78125,22807.98438,37.6,37.2,trip,0,6.0,32.03130000001693,1404
2.0,2021-07-17 01:28:00,2021-07-17 01:42:00,22808.0,22819.51563,34.9,32.1,trip,0,14.0,49.35270000000725,1405
2.0,2021-07-17 01:43:00,2021-07-17 11:03:00,22819.51563,22819.51563,32.1,43.9,charge,120,560.0,0.0,1406
2.0,2021-07-17 11:03:00,2021-07-17 11:10:00,22819.51563,22822.03125,43.9,44.3,trip,0,7.0,21.562457142842632,1407
2.0,2021-07-17 11:11:00,2021-07-17 11:32:00,22822.03125,22841.07813,44.3,40.7,trip,0,21.0,54.41965714286198,1408
2.0,2021-07-17 11:33:00,2021-07-17 12:05:00,22841.07813,22841.07813,40.7,71.7,charge,DCCharging,32.0,0.0,1409
2.0,2021-07-17 12:05:00,2021-07-17 13:46:00,22841.07813,22948.0,71.7,47.8,trip,0,101.0,63.517942574256416,1410
2.0,2021-07-17 13:54:00,2021-07-17 16:13:00,22948.0,23063.85938,47.4,22.7,trip,0,139.0,50.01124316546835,1411
2.0,2021-07-17 16:14:00,2021-07-17 16:46:00,23063.85938,23063.85938,22.7,54.1,charge,DCCharging,32.0,0.0,1412
2.0,2021-07-17 16:46:00,2021-07-17 19:26:00,23063.85938,23158.79688,54.1,35.2,trip,0,160.0,35.6015625,1413
2.0,2021-07-17 20:01:00,2021-07-17 22:36:00,23158.79688,23242.3125,64.7,47.8,trip,0,155.0,32.32862709677354,1414
2.0,2021-07-17 23:05:00,2021-07-17 23:55:00,23242.3125,23272.3125,47.4,41.9,trip,0,50.0,36.0,1415
2.0,2021-07-17 23:55:00,2021-07-18 01:05:00,23272.3125,23272.64063,41.9,39.2,trip,0,70.0,0.2812542857157366,1416
2.0,2021-07-18 01:05:00,2021-07-18 12:28:00,23272.64063,23272.64063,39.2,52.1,charge,120,683.0,0.0,1417
2.0,2021-07-18 12:28:00,2021-07-18 13:10:00,23272.64063,23306.23438,52.1,47.0,trip,0,42.0,47.99107142857143,1418
2.0,2021-07-18 13:15:00,2021-07-18 13:50:00,23306.23438,23339.375,47.0,40.7,trip,0,35.0,56.81249142856852,1419
2.0,2021-07-18 14:05:00,2021-07-18 17:16:00,23339.375,23491.28125,40.7,13.3,trip,0,191.0,47.71924083769634,1420
2.0,2021-07-18 17:17:00,2021-07-18 17:47:00,23491.28125,23491.28125,13.3,44.7,charge,DCCharging,30.0,0.0,1421
2.0,2021-07-18 17:47:00,2021-07-18 19:45:00,23491.28125,23550.8125,44.7,32.9,trip,0,118.0,30.27012711864407,1422
2.0,2021-07-18 19:46:00,2021-07-18 20:18:00,23550.8125,23550.8125,32.9,62.3,charge,DCCharging,32.0,0.0,1423
2.0,2021-07-18 20:18:00,2021-07-18 21:58:00,23550.8125,23621.89063,62.3,47.4,trip,0,100.0,42.64687800000102,1424
2.0,2021-07-18 22:00:00,2021-07-18 22:30:00,23621.89063,23621.89063,47.4,76.0,charge,DCCharging,30.0,0.0,1425
2.0,2021-07-18 22:30:00,2021-07-18 23:04:00,23621.89063,23646.95313,76.0,71.7,trip,0,34.0,44.22794117647059,1426
2.0,2021-07-18 23:06:00,2021-07-19 14:15:00,23646.95313,23646.95313,71.7,89.8,charge,0,909.0,0.0,1427
2.0,2021-07-19 14:15:00,2021-07-19 17:41:00,23646.95313,23759.32813,89.8,68.2,trip,0,206.0,32.730582524271846,1428
2.0,2021-07-19 17:43:00,2021-07-19 18:55:00,23759.32813,23759.32813,68.2,69.0,charge,0,72.0,0.0,1429
2.0,2021-07-19 18:55:00,2021-07-19 21:14:00,23759.32813,23828.64063,69.0,52.9,trip,0,139.0,29.919064748201436,1430
2.0,2021-07-19 21:25:00,2021-07-19 23:54:00,23828.64063,23915.20313,52.9,36.0,trip,0,149.0,34.85738255033557,1431
2.0,2021-07-19 23:56:00,2021-07-20 00:26:00,23915.20313,23915.20313,36.0,66.6,charge,DCCharging,30.0,0.0,1432
2.0,2021-07-20 00:26:00,2021-07-20 04:16:00,23915.20313,24094.375,66.6,31.3,trip,0,230.0,46.740487826086515,1433
2.0,2021-07-20 15:14:00,2021-07-20 15:16:00,24096.92188,24097.29688,44.7,44.7,trip,0,2.0,11.25,1434
2.0,2021-07-20 15:20:00,2021-07-20 17:52:00,24097.29688,24204.98438,44.3,24.3,trip,0,152.0,42.50822368421053,1435
2.0,2021-07-20 17:53:00,2021-07-20 18:24:00,24204.98438,24204.98438,24.3,55.6,charge,DCCharging,31.0,0.0,1436
2.0,2021-07-20 18:24:00,2021-07-20 23:47:00,24204.98438,24410.57813,55.6,16.4,trip,0,323.0,38.190789473684205,1437
2.0,2021-07-20 23:48:00,2021-07-21 00:37:00,24410.57813,24434.39063,16.4,12.1,trip,0,49.0,29.158163265306122,1438
2.0,2021-07-21 00:38:00,2021-07-21 10:58:00,24434.39063,24434.39063,12.1,24.7,charge,120,620.0,0.0,1439
