"vin","timestamp","end_time","odo","end_odo","soc","end_soc","event","charge_mode"
-8.99632E+18,2021-01-01 20:31:00,2021-01-01 20:38:00,4436.640625,4439.46875,56.4,54.9,trip,0
-8.99632E+18,2021-01-01 20:39:00,2021-01-02 15:13:00,4439.46875,4439.46875,54.9,100.0,charge,240
-8.99632E+18,2021-01-02 15:13:00,2021-01-02 15:21:00,4439.46875,4442.5,100.0,100.0,trip,0
-8.99632E+18,2021-01-02 15:21:00,2021-01-02 17:46:00,4442.5,4457.125,100.0,94.5,trip,0
-8.99632E+18,2021-01-02 17:46:00,2021-01-02 17:53:00,4457.125,4461.45,94.5,94.5,trip,0
-8.99632E+18,2021-01-02 18:18:00,2021-01-02 18:19:00,4461.45,4461.48375,94.1,94.1,trip,0
-8.99632E+18,2021-01-02 21:28:00,2021-01-02 21:47:00,4461.48375,4480.75,93.7,89.4,trip,0
-8.99632E+18,2021-01-03 14:08:00,2021-01-03 15:01:00,4480.75,4560.171875,89.0,70.1,trip,0
-8.99632E+18,2021-01-03 15:18:00,2021-01-03 15:21:00,4560.171875,4560.359375,70.1,70.1,trip,0
-8.99632E+18,2021-01-03 19:35:00,2021-01-03 21:04:00,4560.359375,4656.9375,70.5,43.9,trip,0
-8.99632E+18,2021-01-03 21:17:00,2021-01-03 21:18:00,4656.9375,4658.234375,43.5,43.5,trip,0
-8.99632E+18,2021-01-03 21:18:00,2021-01-03 21:56:00,4658.234375,4658.234375,43.5,46.6,charge,240
-8.99632E+18,2021-01-03 21:56:00,2021-01-03 22:00:00,4658.234375,4658.234375,46.6,46.6,trip,0
-8.99632E+18,2021-01-03 22:01:00,2021-01-03 22:08:00,4658.921875,4662.390625,46.6,45.4,trip,0
-8.99632E+18,2021-01-04 17:45:00,2021-01-04 17:51:00,4662.390625,4665.203125,45.8,45.0,trip,0
-8.99632E+18,2021-01-04 17:54:00,2021-01-04 17:54:00,4665.203125,4665.203125,45.0,,charge,240
-8.99632E+18,2021-01-04 17:54:00,2021-01-04 18:16:00,4665.203125,4667.953125,,44.3,trip,0
-8.99632E+18,2021-01-04 18:16:00,2021-01-05 01:28:00,4667.953125,4667.953125,44.3,72.5,charge,240
-8.99632E+18,2021-01-05 01:28:00,2021-01-05 02:39:00,4667.953125,4768.390625,72.5,48.6,trip,0
-8.99632E+18,2021-01-05 03:00:00,2021-01-05 04:01:00,4768.390625,4865.609375,48.2,16.4,trip,0
-8.99632E+18,2021-01-05 11:47:00,2021-01-05 11:56:00,4865.609375,4868.421875,16.8,16.0,trip,0
-8.99632E+18,2021-01-05 11:57:00,2021-01-05 11:59:00,4868.421875,4868.421875,16.0,16.0,charge,240
-8.99632E+18,2021-01-05 11:59:00,2021-01-05 11:59:00,4868.421875,4868.421875,16.0,16.0,trip,0
-8.99632E+18,2021-01-05 11:59:00,2021-01-05 17:05:00,4868.421875,4868.421875,16.0,58.4,charge,240
-8.99632E+18,2021-01-05 17:05:00,2021-01-05 17:12:00,4868.421875,4870.953125,58.4,58.8,trip,0
-8.99632E+18,2021-01-05 18:28:00,2021-01-05 18:48:00,4870.953125,4880.484375,59.2,58.4,trip,0
-8.99632E+18,2021-01-05 18:52:00,2021-01-05 18:54:00,4880.484375,4880.484375,58.0,59.6,charge,DCCharging
-8.99632E+18,2021-01-05 18:54:00,2021-01-05 18:54:00,4880.484375,4880.484375,59.6,59.6,trip,0
-8.99632E+18,2021-01-05 18:54:00,2021-01-05 19:29:00,4880.484375,4880.484375,59.6,81.1,charge,DCCharging
-8.99632E+18,2021-01-05 19:29:00,2021-01-05 20:28:00,4880.484375,4973.09375,81.1,60.7,trip,0
-8.99632E+18,2021-01-05 20:28:00,2021-01-05 20:31:00,4973.09375,4973.25,60.7,60.7,trip,0
-8.99632E+18,2021-01-05 20:31:00,2021-01-05 20:34:00,4973.25,4974.078125,60.7,60.3,trip,0
-2.47174E+18,2021-04-26 18:40:00,2021-04-26 18:58:00,2096.265625,2106.125,70.9,69.4,trip,0
-2.47174E+18,2021-04-26 22:21:00,2021-04-26 22:32:00,2106.125,2112.5,69.4,68.2,trip,0
-2.47174E+18,2021-04-26 22:46:00,2021-04-26 22:57:00,2112.5,2118.859375,67.8,67.4,trip,0
-2.47174E+18,2021-04-27 02:44:00,2021-04-27 02:57:00,2118.875,2129.15625,66.6,63.5,trip,0
-2.47174E+18,2021-04-27 21:12:00,2021-04-27 21:27:00,2129.15625,2142.859375,63.5,60.3,trip,0
-2.47174E+18,2021-04-27 21:29:00,2021-04-27 21:29:00,2142.859375,2142.859375,60.3,60.3,trip,0
-2.47174E+18,2021-04-27 22:10:00,2021-04-27 22:26:00,2142.859375,2157.046875,59.6,56.0,trip,0
-2.47174E+18,2021-04-28 00:13:00,2021-04-28 00:28:00,2157.046875,2170.640625,55.6,52.1,trip,0
-2.47174E+18,2021-04-28 00:43:00,2021-04-28 00:52:00,2170.640625,2177.8125,51.7,49.8,trip,0
-2.47174E+18,2021-04-28 13:42:00,2021-04-28 13:56:00,2177.8125,2188.28125,47.8,45.0,trip,0
-2.47174E+18,2021-04-28 18:21:00,2021-04-28 18:38:00,2188.28125,2201.890625,44.3,42.3,trip,0
-2.47174E+18,2021-04-29 00:30:00,2021-04-29 00:46:00,2201.890625,2216.0625,41.9,38.8,trip,0
-2.47174E+18,2021-04-29 09:28:00,2021-04-29 09:49:00,2216.0625,2231.390625,38.0,33.7,trip,0
-2.47174E+18,2021-04-29 09:53:00,2021-04-29 10:44:00,2231.390625,2286.71875,33.7,24.3,trip,0
-2.47174E+18,2021-04-29 10:46:00,2021-04-29 11:17:00,2286.71875,2286.734375,24.3,59.2,charge,DCCharging
-2.47174E+18,2021-04-29 11:17:00,2021-04-29 11:43:00,2286.734375,2307.015625,59.2,55.6,trip,0
-2.47174E+18,2021-04-29 14:07:00,2021-04-29 14:33:00,2307.015625,2318.296875,51.7,49.8,trip,0
-2.47174E+18,2021-04-29 15:20:00,2021-04-29 15:29:00,2318.296875,2322.265625,49.8,49.8,trip,0
-2.47174E+18,2021-04-29 17:05:00,2021-04-29 18:53:00,2322.265625,2411.515625,49.0,26.6,trip,0
-2.47174E+18,2021-04-29 18:53:00,2021-04-29 19:05:00,2411.515625,2419.8125,26.6,25.8,trip,0
-2.47174E+18,2021-04-29 19:05:00,2021-04-29 19:16:00,2419.8125,2419.84375,25.8,25.4,trip,0
-2.47174E+18,2021-04-29 19:16:00,2021-04-29 23:10:00,2419.84375,2498.796875,25.4,12.1,trip,0
-2.47174E+18,2021-04-29 23:11:00,2021-04-29 23:19:00,2498.796875,2502.71875,12.1,11.3,trip,0
-2.47174E+18,2021-04-29 23:34:00,2021-04-29 23:34:00,2502.71875,2502.75,10.9,10.9,trip,0
-2.47174E+18,2021-04-29 23:35:00,2021-04-30 00:40:00,2502.75,2502.75,10.9,20.0,charge,240
-2.47174E+18,2021-04-30 00:40:00,2021-04-30 00:48:00,2502.75,2507.140625,20.0,18.8,trip,0
-2.47174E+18,2021-04-30 18:52:00,2021-04-30 19:11:00,2507.140625,2520.84375,20.3,18.4,trip,0
-2.47174E+18,2021-04-30 19:11:00,2021-04-30 21:54:00,2520.84375,2520.84375,18.4,34.9,charge,240
-2.47174E+18,2021-04-30 21:54:00,2021-04-30 21:57:00,2520.84375,2521.03125,34.9,34.9,trip,0
-2.47174E+18,2021-05-01 00:47:00,2021-05-01 01:04:00,2521.03125,2535.15625,35.2,32.1,trip,0
-2.47174E+18,2021-05-01 15:24:00,2021-05-01 15:55:00,2535.15625,2541.265625,30.5,29.8,trip,0
-2.47174E+18,2021-05-01 15:55:00,2021-05-01 16:07:00,2541.265625,2547.1875,29.8,28.6,trip,0
-2.47174E+18,2021-05-01 16:24:00,2021-05-01 16:40:00,2547.1875,2557.328125,28.2,27.0,trip,0
-2.47174E+18,2021-05-01 18:19:00,2021-05-01 18:28:00,2557.328125,2562.8125,26.6,25.8,trip,0
-2.47174E+18,2021-05-01 18:37:00,2021-05-01 18:51:00,2562.8125,2573.890625,25.8,24.3,trip,0
-2.47174E+18,2021-05-01 18:52:00,2021-05-02 00:04:00,2573.890625,2573.890625,24.3,41.1,charge,240
-2.47174E+18,2021-05-02 00:04:00,2021-05-02 00:06:00,2573.890625,2574.078125,41.1,41.1,trip,0
-2.47174E+18,2021-05-02 00:34:00,2021-05-02 00:43:00,2574.078125,2582.265625,41.1,39.6,trip,0
-2.47174E+18,2021-05-02 01:00:00,2021-05-02 01:11:00,2582.265625,2588.34375,39.2,38.4,trip,0
-2.47174E+18,2021-05-02 15:38:00,2021-05-02 16:11:00,2588.34375,2609.625,36.8,34.1,trip,0
-2.47174E+18,2021-05-02 16:11:00,2021-05-02 16:53:00,2609.625,2609.65625,34.1,33.3,trip,0
-2.47174E+18,2021-05-02 16:53:00,2021-05-02 16:57:00,2609.65625,2611.796875,33.3,33.7,trip,0
-2.47174E+18,2021-05-02 17:32:00,2021-05-02 17:38:00,2611.796875,2614.203125,33.7,33.3,trip,0
-2.47174E+18,2021-05-03 13:33:00,2021-05-03 13:50:00,2614.203125,2625.515625,32.1,30.1,trip,0
-2.47174E+18,2021-05-03 13:54:00,2021-05-03 14:31:00,2625.515625,2649.546875,30.1,26.2,trip,0
-2.47174E+18,2021-05-03 18:32:00,2021-05-03 18:48:00,2649.546875,2657.875,25.8,24.3,trip,0
-2.47174E+18,2021-05-03 18:54:00,2021-05-03 19:07:00,2657.875,2664.53125,24.3,23.9,trip,0
-2.47174E+18,2021-05-03 19:26:00,2021-05-03 19:33:00,2664.53125,2667.984375,23.5,23.1,trip,0
-2.47174E+18,2021-05-03 19:56:00,2021-05-03 20:04:00,2667.984375,2671.890625,23.1,22.7,trip,0
-2.47174E+18,2021-05-03 20:22:00,2021-05-03 20:43:00,2671.890625,2687.1875,22.3,19.2,trip,0
-2.47174E+18,2021-05-03 21:44:00,2021-05-03 21:58:00,2687.1875,2694.96875,19.2,17.6,trip,0
-2.47174E+18,2021-05-03 22:06:00,2021-05-03 22:21:00,2694.96875,2704.03125,17.6,16.0,trip,0
-2.47174E+18,2021-05-04 14:41:00,2021-05-04 15:08:00,2704.03125,2718.265625,15.6,13.3,trip,0
-2.47174E+18,2021-05-04 15:20:00,2021-05-04 15:43:00,2718.265625,2734.28125,12.9,10.5,trip,0
-2.47174E+18,2021-05-04 15:45:00,2021-05-04 17:46:00,2734.28125,2734.28125,10.5,12.5,charge,0
-2.47174E+18,2021-05-04 17:46:00,2021-05-04 18:08:00,2734.28125,2749.71875,12.5,10.1,trip,0
-2.47174E+18,2021-05-04 18:22:00,2021-05-04 18:45:00,2749.71875,2765.46875,9.8,7.4,trip,0
-2.47174E+18,2021-05-04 19:07:00,2021-05-04 19:26:00,2765.46875,2776.53125,7.0,5.4,trip,0
-2.47174E+18,2021-05-04 19:27:00,2021-05-04 21:43:00,2776.53125,2776.53125,5.4,22.3,charge,240
-2.47174E+18,2021-05-04 21:43:00,2021-05-04 21:49:00,2776.53125,2777.484375,22.3,22.3,trip,0
-2.47174E+18,2021-05-04 21:50:00,2021-05-04 22:08:00,2777.484375,2777.484375,22.3,24.3,charge,240
-2.47174E+18,2021-05-04 22:08:00,2021-05-04 22:12:00,2777.484375,2778.328125,24.3,24.7,trip,0
-2.47174E+18,2021-05-04 22:12:00,2021-05-05 01:14:00,2778.328125,2778.328125,24.7,51.3,charge,240
-2.47174E+18,2021-05-05 01:14:00,2021-05-05 01:16:00,2778.328125,2778.59375,51.3,51.3,trip,0
-2.47174E+18,2021-05-05 01:41:00,2021-05-05 01:54:00,2778.609375,2790.234375,51.3,48.6,trip,0
-2.47174E+18,2021-05-05 14:21:00,2021-05-05 14:39:00,2790.234375,2800.4375,48.6,47.0,trip,0
-2.47174E+18,2021-05-05 14:39:00,2021-05-05 15:17:00,2800.4375,2800.4375,47.0,50.5,charge,240
-2.47174E+18,2021-05-05 15:17:00,2021-05-05 15:22:00,2800.4375,2802.875,50.5,50.5,trip,0
-2.47174E+18,2021-05-05 15:23:00,2021-05-05 15:41:00,2802.875,2802.875,50.5,52.5,charge,240
-2.47174E+18,2021-05-05 15:41:00,2021-05-05 15:59:00,2802.875,2811.671875,52.5,50.5,trip,0
-2.47174E+18,2021-05-05 16:13:00,2021-05-05 17:40:00,2811.671875,2875.703125,50.5,39.6,trip,0
-2.47174E+18,2021-05-05 17:40:00,2021-05-05 18:48:00,2875.703125,2875.75,39.6,38.8,trip,0
-2.47174E+18,2021-05-05 18:48:00,2021-05-05 19:03:00,2875.75,2886.8125,38.8,36.8,trip,0
-2.47174E+18,2021-05-05 19:04:00,2021-05-05 19:05:00,2886.8125,2887.03125,36.8,36.8,trip,0
-2.47174E+18,2021-05-05 19:05:00,2021-05-05 20:29:00,2887.03125,2887.03125,36.8,48.6,charge,240
-2.47174E+18,2021-05-05 20:29:00,2021-05-05 20:46:00,2887.03125,2895.171875,48.6,47.0,trip,0
-2.47174E+18,2021-05-05 20:47:00,2021-05-05 21:19:00,2895.171875,2900.703125,47.0,45.8,trip,0
-2.47174E+18,2021-05-05 21:45:00,2021-05-05 21:56:00,2900.703125,2910.1875,45.0,43.9,trip,0
-2.47174E+18,2021-05-05 21:56:00,2021-05-06 00:28:00,2910.1875,2910.1875,43.9,65.8,charge,240
-2.47174E+18,2021-05-06 00:28:00,2021-05-06 00:42:00,2910.1875,2921.828125,65.8,63.1,trip,0
-2.47174E+18,2021-05-06 19:16:00,2021-05-06 19:28:00,2921.828125,2928.125,63.9,63.1,trip,0
-2.47174E+18,2021-05-06 19:32:00,2021-05-06 19:47:00,2928.125,2935.0,63.1,61.9,trip,0
-2.47174E+18,2021-05-06 20:39:00,2021-05-06 21:01:00,2935.0,2948.328125,61.1,59.2,trip,0
-2.47174E+18,2021-05-07 18:51:00,2021-05-07 19:12:00,2948.328125,2959.421875,58.8,57.6,trip,0
-2.47174E+18,2021-05-07 19:13:00,2021-05-07 22:03:00,2959.421875,2959.421875,57.6,82.7,charge,240
-2.47174E+18,2021-05-07 22:03:00,2021-05-07 22:05:00,2959.421875,2959.578125,82.7,82.7,trip,0
-2.47174E+18,2021-05-07 23:40:00,2021-05-07 23:42:00,2959.578125,2960.015625,82.3,82.3,trip,0
-2.47174E+18,2021-05-08 00:48:00,2021-05-08 00:58:00,2960.015625,2968.1875,81.9,80.3,trip,0
-2.47174E+18,2021-05-08 01:12:00,2021-05-08 01:26:00,2968.1875,2976.921875,80.0,78.0,trip,0
-2.47174E+18,2021-05-08 12:33:00,2021-05-08 12:47:00,2976.921875,2988.015625,78.0,76.8,trip,0
-2.47174E+18,2021-05-08 12:48:00,2021-05-08 14:52:00,2988.015625,2988.015625,76.8,93.7,charge,240
-2.47174E+18,2021-05-08 14:52:00,2021-05-08 14:55:00,2988.015625,2988.203125,93.7,93.7,trip,0
-2.47174E+18,2021-05-08 18:56:00,2021-05-08 19:14:00,2988.203125,2999.984375,93.3,90.9,trip,0
-2.47174E+18,2021-05-08 22:36:00,2021-05-08 22:40:00,3000.0,3002.25,90.5,90.5,trip,0
-2.47174E+18,2021-05-08 22:45:00,2021-05-08 22:49:00,3002.25,3004.203125,90.5,89.8,trip,0
-2.47174E+18,2021-05-09 10:48:00,2021-05-09 10:53:00,3004.203125,3006.359375,89.8,88.6,trip,0
-2.47174E+18,2021-05-09 11:01:00,2021-05-09 11:05:00,3006.359375,3008.53125,88.6,88.6,trip,0
-2.47174E+18,2021-05-09 19:57:00,2021-05-09 20:09:00,3008.546875,3015.46875,87.8,87.0,trip,0
-2.47174E+18,2021-05-09 20:19:00,2021-05-09 20:32:00,3015.46875,3022.03125,86.6,85.0,trip,0
-2.47174E+18,2021-05-10 14:03:00,2021-05-10 14:04:00,3022.03125,3022.578125,84.7,84.7,trip,0
-2.47174E+18,2021-05-10 14:05:00,2021-05-10 15:26:00,3022.578125,3022.578125,84.7,86.2,charge,120
-2.47174E+18,2021-05-10 15:26:00,2021-05-10 15:34:00,3022.578125,3025.53125,86.2,86.2,trip,0
-2.47174E+18,2021-05-10 15:36:00,2021-05-10 17:46:00,3025.53125,3081.25,86.2,76.4,trip,0
-2.47174E+18,2021-05-10 17:47:00,2021-05-10 17:53:00,3081.25,3083.78125,76.4,76.0,trip,0
-2.47174E+18,2021-05-10 17:54:00,2021-05-10 18:29:00,3083.78125,3083.78125,76.0,76.0,charge,120
-2.47174E+18,2021-05-10 18:29:00,2021-05-10 20:42:00,3083.78125,3202.0,76.0,52.5,trip,0
-2.47174E+18,2021-05-10 20:49:00,2021-05-10 21:23:00,3202.0,3243.71875,52.1,41.9,trip,0
-2.47174E+18,2021-05-10 21:41:00,2021-05-10 22:34:00,3243.71875,3317.84375,41.9,24.3,trip,0
-2.47174E+18,2021-05-10 22:37:00,2021-05-10 22:39:00,3317.84375,3318.3125,24.3,24.3,trip,0
-2.47174E+18,2021-05-10 22:40:00,2021-05-11 00:15:00,3318.3125,3318.3125,24.3,38.4,charge,240
-2.47174E+18,2021-05-11 00:15:00,2021-05-11 01:38:00,3318.3125,3372.109375,38.4,29.8,trip,0
-2.47174E+18,2021-05-11 01:41:00,2021-05-11 17:58:00,3372.109375,3372.109375,29.8,49.8,charge,120
-2.47174E+18,2021-05-11 17:58:00,2021-05-11 21:03:00,3372.109375,3475.96875,49.8,30.5,trip,0
-2.47174E+18,2021-05-11 21:04:00,2021-05-11 21:09:00,3475.96875,3475.96875,30.5,30.9,charge,240
-2.47174E+18,2021-05-11 21:09:00,2021-05-11 21:42:00,3475.96875,3494.171875,30.9,27.4,trip,0
-2.47174E+18,2021-05-11 21:46:00,2021-05-11 22:21:00,3494.171875,3513.078125,27.4,25.0,trip,0
-2.47174E+18,2021-05-11 22:22:00,2021-05-12 00:28:00,3513.078125,3513.078125,25.0,43.5,charge,240
-2.47174E+18,2021-05-12 00:28:00,2021-05-12 00:35:00,3513.078125,3515.25,43.5,43.5,trip,0
-2.47174E+18,2021-05-12 00:37:00,2021-05-12 03:30:00,3515.25,3645.8125,43.5,16.8,trip,0
-2.47174E+18,2021-05-12 03:31:00,2021-05-12 12:55:00,3645.8125,3645.8125,16.8,28.2,charge,120
-2.47174E+18,2021-05-12 12:55:00,2021-05-12 14:05:00,3645.8125,3696.296875,28.2,19.6,trip,0
-2.47174E+18,2021-05-12 14:06:00,2021-05-12 16:08:00,3696.296875,3696.296875,19.6,37.6,charge,240
-2.47174E+18,2021-05-12 16:08:00,2021-05-12 17:41:00,3696.296875,3778.484375,37.6,21.9,trip,0
-2.47174E+18,2021-05-12 17:41:00,2021-05-12 18:55:00,3778.484375,3778.484375,21.9,32.1,charge,240
-2.47174E+18,2021-05-12 18:55:00,2021-05-12 19:14:00,3778.484375,3790.109375,32.1,29.4,trip,0
-2.47174E+18,2021-05-12 20:39:00,2021-05-12 21:31:00,3790.109375,3822.453125,29.0,23.9,trip,0
-2.47174E+18,2021-05-12 21:33:00,2021-05-12 22:00:00,3822.453125,3852.03125,23.9,17.6,trip,0
-2.47174E+18,2021-05-12 22:15:00,2021-05-12 22:25:00,3852.03125,3857.46875,17.6,17.2,trip,0
-2.47174E+18,2021-05-12 22:25:00,2021-05-12 23:55:00,3857.46875,3857.46875,17.2,31.3,charge,240
-2.47174E+18,2021-05-12 23:55:00,2021-05-13 00:12:00,3857.46875,3869.421875,31.3,30.1,trip,0
-2.47174E+18,2021-05-13 00:13:00,2021-05-13 00:21:00,3869.421875,3869.421875,30.1,30.1,charge,120
-2.47174E+18,2021-05-13 00:21:00,2021-05-13 02:48:00,3869.421875,3997.6875,30.1,3.5,trip,0
-2.47174E+18,2021-05-13 02:48:00,2021-05-13 03:03:00,3997.6875,3997.6875,3.5,4.7,charge,240
-2.47174E+18,2021-05-13 03:03:00,2021-05-13 03:11:00,3997.6875,4002.234375,4.7,3.9,trip,0
-2.47174E+18,2021-05-13 03:12:00,2021-05-13 04:00:00,4002.234375,4002.234375,3.9,7.0,charge,240
-2.47174E+18,2021-05-13 04:00:00,2021-05-13 04:06:00,4002.234375,4004.5,7.0,6.2,trip,0
-2.47174E+18,2021-05-13 04:08:00,2021-05-13 04:08:00,4004.5,4004.515625,6.2,6.2,trip,0
-2.47174E+18,2021-05-13 04:11:00,2021-05-13 04:11:00,4004.53125,4004.53125,6.2,6.2,trip,0
-2.47174E+18,2021-05-13 04:12:00,2021-05-13 04:27:00,4004.53125,4004.53125,6.2,20.0,charge,DCCharging
-2.47174E+18,2021-05-13 04:27:00,2021-05-13 04:57:00,4004.53125,4035.515625,20.0,13.3,trip,0
-2.47174E+18,2021-05-13 04:57:00,2021-05-13 19:48:00,4035.515625,4035.515625,13.3,31.3,charge,120
-2.47174E+18,2021-05-13 19:48:00,2021-05-13 20:04:00,4035.515625,4043.625,31.3,29.8,trip,0
-2.47174E+18,2021-05-13 20:06:00,2021-05-13 21:12:00,4043.625,4081.328125,29.8,24.7,trip,0
-2.47174E+18,2021-05-13 21:13:00,2021-05-13 21:51:00,4081.328125,4081.328125,24.7,29.8,charge,240
-2.47174E+18,2021-05-13 21:51:00,2021-05-13 22:09:00,4081.328125,4096.984375,29.8,27.0,trip,0
-2.47174E+18,2021-05-13 22:26:00,2021-05-13 23:08:00,4096.984375,4137.046875,27.0,18.8,trip,0
-2.47174E+18,2021-05-13 23:09:00,2021-05-13 23:09:00,4137.046875,4137.046875,18.8,18.8,trip,0
-2.47174E+18,2021-05-13 23:17:00,2021-05-13 23:51:00,4137.046875,4137.046875,18.8,47.0,charge,DCCharging
-2.47174E+18,2021-05-13 23:51:00,2021-05-14 00:50:00,4137.046875,4160.046875,47.0,43.1,trip,0
-2.47174E+18,2021-05-14 00:51:00,2021-05-14 00:58:00,4160.046875,4160.046875,43.1,43.9,charge,240
-2.47174E+18,2021-05-14 00:58:00,2021-05-14 04:54:00,4160.046875,4336.84375,43.9,9.4,trip,0
-2.47174E+18,2021-05-14 04:55:00,2021-05-14 18:18:00,4336.84375,4336.84375,9.4,25.4,charge,120
-2.47174E+18,2021-05-14 18:18:00,2021-05-14 18:33:00,4336.84375,4344.9375,25.4,23.9,trip,0
-2.47174E+18,2021-05-14 18:34:00,2021-05-14 18:41:00,4344.9375,4348.90625,23.9,23.9,trip,0
-2.47174E+18,2021-05-14 18:59:00,2021-05-14 19:49:00,4348.90625,4367.265625,23.5,20.3,trip,0
-2.47174E+18,2021-05-14 19:50:00,2021-05-14 20:53:00,4367.265625,4367.265625,20.3,70.9,charge,DCCharging
-2.47174E+18,2021-05-14 20:53:00,2021-05-14 22:00:00,4367.265625,4384.640625,70.9,67.0,trip,0
-2.47174E+18,2021-05-14 22:23:00,2021-05-15 00:29:00,4384.640625,4473.140625,67.0,49.0,trip,0
-2.47174E+18,2021-05-15 00:29:00,2021-05-15 00:38:00,4473.140625,4473.140625,49.0,49.8,charge,240
-2.47174E+18,2021-05-15 00:38:00,2021-05-15 03:05:00,4473.140625,4585.78125,49.8,27.4,trip,0
-8.99632E+18,2021-01-06 14:29:00,2021-01-06 14:38:00,4974.078125,4975.34375,59.6,59.6,trip,0
-8.99632E+18,2021-01-06 14:39:00,2021-01-06 15:11:00,4975.34375,4975.34375,59.6,64.3,charge,0
-8.99632E+18,2021-01-06 15:11:00,2021-01-06 15:34:00,4975.34375,4981.546875,64.3,62.3,trip,0
-8.99632E+18,2021-01-06 15:34:00,2021-01-06 15:35:00,4981.546875,4981.5625,62.3,62.3,trip,0
-8.99632E+18,2021-01-06 15:35:00,2021-01-06 18:10:00,4981.5625,4998.109375,62.3,59.6,trip,0
-8.99632E+18,2021-01-06 18:10:00,2021-01-06 18:13:00,4998.109375,4998.59375,59.6,59.6,trip,0
-8.99632E+18,2021-01-06 18:13:00,2021-01-06 18:37:00,4998.59375,5000.78125,59.6,58.8,trip,0
-8.99632E+18,2021-01-06 18:37:00,2021-01-06 19:04:00,5000.78125,5006.25,58.8,58.4,trip,0
-8.99632E+18,2021-01-06 19:09:00,2021-01-06 19:12:00,5006.25,5007.3125,57.6,57.6,trip,0
-8.99632E+18,2021-01-06 19:12:00,2021-01-06 19:14:00,5007.3125,5007.5,57.6,57.6,trip,0
-8.99632E+18,2021-01-06 19:19:00,2021-01-06 19:35:00,5007.5,5007.5,,68.6,charge,0
-8.99632E+18,2021-01-06 19:35:00,2021-01-06 19:36:00,5007.5,5008.265625,68.6,68.6,trip,0
-8.99632E+18,2021-01-06 19:36:00,2021-01-06 19:41:00,5008.265625,5010.078125,68.6,68.6,trip,0
-8.99632E+18,2021-01-06 20:55:00,2021-01-06 21:08:00,5010.078125,5015.25,68.2,67.0,trip,0
-8.99632E+18,2021-01-06 21:17:00,2021-01-06 21:28:00,5015.25,5024.5625,66.6,64.7,trip,0
-8.99632E+18,2021-01-06 21:46:00,2021-01-06 21:50:00,5024.5625,5025.71875,63.9,63.9,trip,0
-8.99632E+18,2021-01-07 10:24:00,2021-01-07 10:52:00,5025.71875,5047.5,63.5,57.6,trip,0
-8.99632E+18,2021-01-07 13:34:00,2021-01-07 14:10:00,5047.5,5070.328125,56.4,52.5,trip,0
-8.99632E+18,2021-01-07 19:12:00,2021-01-07 19:53:00,5070.328125,5086.34375,51.7,49.4,trip,0
-8.99632E+18,2021-01-07 20:54:00,2021-01-07 21:01:00,5086.34375,5088.5,49.0,48.6,trip,0
-8.99632E+18,2021-01-07 21:03:00,2021-01-07 21:49:00,5088.5,5088.5,,78.4,charge,0
-8.99632E+18,2021-01-07 21:49:00,2021-01-08 08:04:00,5088.5,5105.359375,78.4,74.1,trip,0
-8.99632E+18,2021-01-08 08:04:00,2021-01-08 08:57:00,5105.359375,5189.65625,74.1,44.3,trip,0
-8.99632E+18,2021-01-08 10:56:00,2021-01-08 11:13:00,5189.65625,5201.6875,43.5,40.0,trip,0
-8.99632E+18,2021-01-08 11:13:00,2021-01-08 13:23:00,5201.6875,5201.765625,40.0,40.3,trip,0
-8.99632E+18,2021-01-08 13:23:00,2021-01-08 13:30:00,5201.765625,5204.515625,40.3,40.0,trip,0
-8.99632E+18,2021-01-08 13:31:00,2021-01-08 22:44:00,5204.515625,5204.515625,40.0,100.0,charge,240
-8.99632E+18,2021-01-08 22:44:00,2021-01-08 22:53:00,5204.515625,5207.25,100.0,100.0,trip,0
-8.99632E+18,2021-01-09 10:00:00,2021-01-09 10:49:00,5207.25,5286.109375,100.0,78.4,trip,0
-8.99632E+18,2021-01-09 13:45:00,2021-01-09 13:48:00,5286.109375,5287.15625,77.6,77.6,trip,0
-8.99632E+18,2021-01-09 13:48:00,2021-01-09 16:08:00,5287.15625,5366.84375,77.6,56.8,trip,0
-8.99632E+18,2021-01-09 16:08:00,2021-01-09 16:09:00,5366.84375,5366.875,56.8,56.8,trip,0
-8.99632E+18,2021-01-09 16:09:00,2021-01-09 16:16:00,5366.875,5445.390625,56.8,56.4,trip,0
-8.99632E+18,2021-01-09 16:16:00,2021-01-10 15:15:00,5445.390625,5445.390625,56.4,78.0,charge,120
-8.99632E+18,2021-01-10 15:15:00,2021-01-10 15:22:00,5445.390625,5446.46875,78.0,78.0,trip,0
-8.99632E+18,2021-01-10 19:35:00,2021-01-10 19:53:00,5446.46875,5454.53125,76.4,74.1,trip,0
-8.99632E+18,2021-01-10 19:53:00,2021-01-10 20:55:00,5454.53125,5540.78125,74.1,48.6,trip,0
-8.99632E+18,2021-01-11 00:08:00,2021-01-11 14:12:00,5540.78125,5540.78125,49.4,74.5,charge,120
-8.99632E+18,2021-01-11 14:12:00,2021-01-11 14:18:00,5540.78125,5540.8125,74.5,74.1,trip,0
-8.99632E+18,2021-01-11 14:18:00,2021-01-11 15:15:00,5540.8125,5631.203125,74.1,54.9,trip,0
-8.99632E+18,2021-01-11 15:23:00,2021-01-11 15:28:00,5631.203125,5633.40625,54.1,54.1,trip,0
-8.99632E+18,2021-01-11 15:47:00,2021-01-11 15:52:00,5633.40625,5635.734375,53.7,53.7,trip,0
-8.99632E+18,2021-01-11 17:02:00,2021-01-11 18:22:00,5635.734375,5730.109375,53.3,27.0,trip,0
-8.99632E+18,2021-01-11 18:31:00,2021-01-11 18:45:00,5730.125,5735.203125,27.0,26.2,trip,0
-8.99632E+18,2021-01-11 18:45:00,2021-01-12 10:32:00,5735.203125,5735.203125,26.2,100.0,charge,240
-8.99632E+18,2021-01-12 10:32:00,2021-01-12 10:40:00,5735.203125,5739.125,100.0,99.2,trip,0
-8.99632E+18,2021-01-12 10:40:00,2021-01-12 11:39:00,5739.125,5824.203125,99.2,78.0,trip,0
-8.99632E+18,2021-01-12 11:39:00,2021-01-13 13:07:00,5824.203125,5909.734375,78.0,53.7,trip,0
-8.99632E+18,2021-01-13 13:07:00,2021-01-13 13:09:00,5909.734375,5909.765625,53.7,53.7,trip,0
-8.99632E+18,2021-01-13 13:10:00,2021-01-13 18:19:00,5909.765625,5909.765625,53.7,62.3,charge,120
-8.99632E+18,2021-01-13 18:19:00,2021-01-13 19:15:00,5909.765625,5996.625,62.3,41.5,trip,0
-8.99632E+18,2021-01-13 19:19:00,2021-01-13 19:21:00,5996.625,5996.96875,41.5,41.5,trip,0
-8.99632E+18,2021-01-13 19:22:00,2021-01-13 19:30:00,5996.96875,5996.96875,41.5,50.1,charge,0
-8.99632E+18,2021-01-13 19:30:00,2021-01-13 20:46:00,5996.96875,5998.875,50.1,50.9,trip,0
-8.99632E+18,2021-01-13 20:46:00,2021-01-13 21:57:00,5998.875,6084.390625,50.9,25.8,trip,0
-8.99632E+18,2021-01-13 22:02:00,2021-01-14 00:07:00,6084.390625,6084.390625,25.8,29.4,charge,120
-8.99632E+18,2021-01-14 00:07:00,2021-01-14 00:12:00,6084.390625,6087.234375,29.4,28.2,trip,0
-8.99632E+18,2021-01-14 00:13:00,2021-01-14 09:50:00,6087.234375,6087.234375,28.2,100.0,charge,240
-8.99632E+18,2021-01-14 09:50:00,2021-01-14 10:47:00,6087.234375,6163.546875,100.0,85.8,trip,0
-8.99632E+18,2021-01-14 10:47:00,2021-01-14 10:52:00,6163.546875,6163.59375,85.8,85.4,trip,0
-8.99632E+18,2021-01-14 10:52:00,2021-01-14 10:54:00,6163.59375,6164.609375,85.4,85.4,trip,0
-8.99632E+18,2021-01-14 13:36:00,2021-01-14 13:37:00,6164.609375,6164.625,84.3,84.3,trip,0
-8.99632E+18,2021-01-14 13:38:00,2021-01-14 13:45:00,6164.625,6165.65625,84.3,84.3,trip,0
-8.99632E+18,2021-01-14 13:59:00,2021-01-14 14:08:00,6165.65625,6168.609375,84.3,83.5,trip,0
-8.99632E+18,2021-01-14 18:00:00,2021-01-14 18:09:00,6168.609375,6170.328125,83.1,82.7,trip,0
-8.99632E+18,2021-01-14 18:18:00,2021-01-14 18:19:00,6170.328125,6170.34375,82.3,82.3,trip,0
-8.99632E+18,2021-01-14 18:21:00,2021-01-14 18:24:00,6170.34375,6170.34375,82.3,82.3,trip,0
-8.99632E+18,2021-01-14 18:25:00,2021-01-14 18:27:00,6170.34375,6170.640625,82.3,82.3,trip,0
-8.99632E+18,2021-01-14 18:30:00,2021-01-14 19:10:00,6170.640625,6180.640625,82.3,80.3,trip,0
-8.99632E+18,2021-01-14 19:10:00,2021-01-14 19:14:00,6180.640625,6181.84375,80.3,80.0,trip,0
-8.99632E+18,2021-01-14 19:14:00,2021-01-14 19:52:00,6181.84375,6181.84375,80.0,81.5,charge,240
-8.99632E+18,2021-01-14 19:52:00,2021-01-14 19:58:00,6181.84375,6181.84375,81.5,81.5,trip,0
-8.99632E+18,2021-01-14 22:01:00,2021-01-14 22:58:00,6181.84375,6267.171875,81.5,56.4,trip,0
-8.99632E+18,2021-01-14 22:58:00,2021-01-15 09:53:00,6267.171875,6267.25,56.4,56.4,trip,0
-8.99632E+18,2021-01-15 09:53:00,2021-01-15 10:56:00,6267.25,6351.96875,56.4,38.8,trip,0
-8.99632E+18,2021-01-15 13:32:00,2021-01-15 14:05:00,6351.96875,6380.484375,38.4,30.5,trip,0
-8.99632E+18,2021-01-15 14:05:00,2021-01-15 14:34:00,6380.484375,6380.484375,30.5,65.4,charge,DCCharging
-8.99632E+18,2021-01-15 14:34:00,2021-01-15 15:15:00,6380.484375,6445.078125,65.4,45.8,trip,0
-8.99632E+18,2021-01-15 15:40:00,2021-01-15 15:41:00,6445.078125,6445.078125,45.8,45.8,trip,0
-8.99632E+18,2021-01-15 15:41:00,2021-01-15 19:45:00,6445.078125,6445.078125,45.8,52.5,charge,0
-8.99632E+18,2021-01-15 19:45:00,2021-01-15 20:03:00,6445.078125,6454.171875,52.5,51.3,trip,0
-8.99632E+18,2021-01-15 20:03:00,2021-01-15 20:04:00,6454.171875,6454.234375,51.3,51.3,trip,0
-8.99632E+18,2021-01-15 20:04:00,2021-01-15 21:09:00,6454.234375,6454.234375,51.3,51.3,charge,240
-8.99632E+18,2021-01-15 21:09:00,2021-01-15 21:25:00,6454.234375,6462.421875,51.3,49.0,trip,0
-8.99632E+18,2021-01-15 22:00:00,2021-01-15 22:02:00,6462.421875,6462.625,49.0,49.0,trip,0
-8.99632E+18,2021-01-15 22:03:00,2021-01-15 22:29:00,6462.625,6477.234375,49.0,46.2,trip,0
-8.99632E+18,2021-01-15 22:42:00,2021-01-15 23:00:00,6477.234375,6488.34375,45.4,43.5,trip,0
-8.99632E+18,2021-01-15 23:00:00,2021-01-16 09:39:00,6488.34375,6563.365008,43.5,41.5,trip,0
-8.99632E+18,2021-01-16 09:39:00,2021-01-17 14:20:00,6563.365008,6563.365008,41.5,92.5,charge,120
-8.99632E+18,2021-01-17 14:20:00,2021-01-17 15:14:00,6563.365008,6569.703125,92.5,73.7,trip,0
-8.99632E+18,2021-01-17 19:37:00,2021-01-17 19:46:00,6569.703125,6573.8125,72.5,72.1,trip,0
-8.99632E+18,2021-01-17 19:56:00,2021-01-17 20:05:00,6573.8125,6577.453125,71.3,70.5,trip,0
-8.99632E+18,2021-01-17 20:07:00,2021-01-17 20:26:00,6577.453125,6589.171875,70.5,67.8,trip,0
-8.99632E+18,2021-01-17 20:26:00,2021-01-17 20:34:00,6589.171875,6589.28125,67.8,67.4,trip,0
-8.99632E+18,2021-01-17 20:34:00,2021-01-17 21:16:00,6589.28125,6663.453125,67.4,45.8,trip,0
-8.99632E+18,2021-01-17 22:04:00,2021-01-17 22:14:00,6663.453125,6676.609375,46.2,42.7,trip,0
-8.99632E+18,2021-01-17 23:00:00,2021-01-17 23:12:00,6676.609375,6689.75,42.7,39.2,trip,0
-8.99632E+18,2021-01-17 23:12:00,2021-01-18 11:19:00,6689.75,6766.881646,39.2,38.8,trip,0
-8.99632E+18,2021-01-18 11:19:00,2021-01-19 09:46:00,6766.881646,6766.881646,38.8,78.0,charge,120
-8.99632E+18,2021-01-19 09:46:00,2021-01-19 10:59:00,6766.881646,6774.59375,78.0,60.3,trip,0
-8.99632E+18,2021-01-19 12:18:00,2021-01-19 12:26:00,6774.59375,6777.3125,60.7,60.7,trip,0
-8.99632E+18,2021-01-19 12:41:00,2021-01-19 12:58:00,6777.3125,6783.890625,60.0,59.2,trip,0
-8.99632E+18,2021-01-19 13:15:00,2021-01-19 13:30:00,6783.890625,6784.484375,58.4,58.4,trip,0
-8.99632E+18,2021-01-19 15:01:00,2021-01-19 15:04:00,6784.484375,6785.125,58.0,58.0,trip,0
-8.99632E+18,2021-01-19 16:27:00,2021-01-19 17:29:00,6785.125,6864.15625,58.0,29.8,trip,0
-8.99632E+18,2021-01-19 21:03:00,2021-01-20 18:20:00,6864.15625,6864.15625,32.1,69.4,charge,120
-8.99632E+18,2021-01-20 18:20:00,2021-01-20 18:23:00,6864.15625,6865.796875,69.4,69.0,trip,0
-8.99632E+18,2021-01-20 18:23:00,2021-01-20 20:39:00,6865.796875,6950.296875,69.0,50.5,trip,0
-8.99632E+18,2021-01-20 20:39:00,2021-01-20 21:50:00,6950.296875,7000.1875,50.5,38.0,trip,0
-8.99632E+18,2021-01-20 21:51:00,2021-01-20 22:38:00,7000.1875,7000.1875,38.0,79.6,charge,0
-8.99632E+18,2021-01-20 22:38:00,2021-01-20 23:16:00,7000.1875,7057.0,79.6,61.9,trip,0
-8.99632E+18,2021-01-21 00:19:00,2021-01-21 09:39:00,7057.0,7057.0,61.9,78.8,charge,120
-8.99632E+18,2021-01-21 09:39:00,2021-01-21 10:51:00,7057.0,7137.109375,78.8,59.2,trip,0
-8.99632E+18,2021-01-21 10:51:00,2021-01-21 10:54:00,7137.109375,7138.171875,59.2,59.2,trip,0
-8.99632E+18,2021-01-21 13:33:00,2021-01-21 13:35:00,7138.171875,7138.171875,58.4,58.4,trip,0
-8.99632E+18,2021-01-21 13:43:00,2021-01-21 14:03:00,7138.171875,7146.4375,58.0,56.8,trip,0
-8.99632E+18,2021-01-21 14:03:00,2021-01-21 14:51:00,7146.4375,7146.4375,56.8,82.7,charge,DCCharging
-8.99632E+18,2021-01-21 14:51:00,2021-01-21 15:00:00,7146.4375,7149.375,82.7,82.3,trip,0
-8.99632E+18,2021-01-21 15:59:00,2021-01-21 16:41:00,7149.375,7170.859375,82.3,76.4,trip,0
-8.99632E+18,2021-01-21 16:50:00,2021-01-21 17:25:00,7170.859375,7189.78125,76.0,73.3,trip,0
-8.99632E+18,2021-01-21 17:39:00,2021-01-21 18:19:00,7189.78125,7189.78125,72.5,79.2,charge,240
-8.99632E+18,2021-01-21 18:19:00,2021-01-21 18:19:00,7189.78125,7189.78125,79.2,79.2,trip,0
-8.99632E+18,2021-01-21 18:20:00,2021-01-21 18:59:00,7189.78125,7189.78125,79.2,85.0,charge,240
-8.99632E+18,2021-01-21 18:59:00,2021-01-21 19:02:00,7189.78125,7190.9375,85.0,85.0,trip,0
-8.99632E+18,2021-01-21 22:11:00,2021-01-21 23:19:00,7190.9375,7276.265625,85.0,60.3,trip,0
-8.99632E+18,2021-01-21 23:19:00,2021-01-22 09:49:00,7276.265625,7276.265625,60.3,78.8,charge,120
-8.99632E+18,2021-01-22 09:49:00,2021-01-22 10:56:00,7276.265625,7361.375,78.8,60.3,trip,0
-8.99632E+18,2021-01-22 13:14:00,2021-01-22 13:31:00,7361.375,7371.640625,60.0,58.0,trip,0
-8.99632E+18,2021-01-22 13:31:00,2021-01-22 14:52:00,7371.640625,7384.21875,58.0,54.9,trip,0
-8.99632E+18,2021-01-22 14:52:00,2021-01-22 15:07:00,7384.21875,7390.328125,54.9,53.7,trip,0
-8.99632E+18,2021-01-22 15:27:00,2021-01-22 15:30:00,7390.328125,7390.609375,52.9,52.9,trip,0
-8.99632E+18,2021-01-22 15:34:00,2021-01-22 16:10:00,7390.609375,7413.34375,52.9,47.4,trip,0
-8.99632E+18,2021-01-22 16:36:00,2021-01-22 17:25:00,7413.34375,7435.921875,46.6,43.9,trip,0
-8.99632E+18,2021-01-22 17:25:00,2021-01-22 18:00:00,7435.921875,7435.921875,43.9,49.0,charge,240
-8.99632E+18,2021-01-22 18:00:00,2021-01-22 19:28:00,7435.921875,7437.140625,49.0,49.0,trip,0
-8.99632E+18,2021-01-22 19:28:00,2021-01-22 21:59:00,7437.140625,7520.953125,49.0,28.2,trip,0
-8.99632E+18,2021-01-22 21:59:00,2021-01-23 11:03:00,7520.953125,7520.953125,28.2,50.9,charge,120
-8.99632E+18,2021-01-23 11:03:00,2021-01-23 11:41:00,7520.953125,7551.140625,50.9,42.7,trip,0
-8.99632E+18,2021-01-23 11:41:00,2021-01-23 17:03:00,7551.140625,7619.759321,42.7,41.5,trip,0
-8.99632E+18,2021-01-23 17:03:00,2021-01-24 14:29:00,7619.759321,7619.759321,41.5,78.8,charge,120
-8.99632E+18,2021-01-24 14:29:00,2021-01-24 15:23:00,7619.759321,7631.140625,78.8,59.2,trip,0
-8.99632E+18,2021-01-24 19:28:00,2021-01-24 20:56:00,7631.140625,7725.734375,60.0,30.5,trip,0
-8.99632E+18,2021-01-24 21:30:00,2021-01-25 17:20:00,7725.734375,7725.734375,30.5,65.4,charge,120
-8.99632E+18,2021-01-25 17:20:00,2021-01-25 17:31:00,7725.734375,7727.453125,65.4,65.4,trip,0
-8.99632E+18,2021-01-25 17:38:00,2021-01-25 17:40:00,7727.453125,7727.75,65.4,65.4,trip,0
-8.99632E+18,2021-01-25 17:48:00,2021-01-25 17:57:00,7727.75,7728.875,65.0,64.7,trip,0
-8.99632E+18,2021-01-25 17:57:00,2021-01-26 11:15:00,7728.875,7728.875,64.7,96.4,charge,120
-8.99632E+18,2021-01-26 11:15:00,2021-01-26 12:17:00,7728.875,7813.734375,96.4,75.2,trip,0
-8.99632E+18,2021-01-26 13:39:00,2021-01-26 14:52:00,7813.734375,7905.984375,75.2,45.4,trip,0
-8.99632E+18,2021-01-26 14:57:00,2021-01-27 18:14:00,7905.984375,7905.984375,45.4,94.5,charge,120
-8.99632E+18,2021-01-27 18:14:00,2021-01-27 19:13:00,7905.984375,7990.921875,94.5,77.2,trip,0
-8.99632E+18,2021-01-27 20:38:00,2021-01-27 20:57:00,7990.921875,7997.9375,76.0,74.5,trip,0
-8.99632E+18,2021-01-27 21:00:00,2021-01-27 22:05:00,7997.953125,8083.625,74.5,51.3,trip,0
-8.99632E+18,2021-01-27 22:05:00,2021-01-27 22:12:00,8083.625,8085.234375,51.3,51.3,trip,0
-8.99632E+18,2021-01-27 22:22:00,2021-01-27 22:25:00,8085.234375,8086.484375,50.9,50.9,trip,0
-8.99632E+18,2021-01-28 00:23:00,2021-01-28 09:24:00,8086.484375,8086.484375,50.9,66.6,charge,120
-8.99632E+18,2021-01-28 09:24:00,2021-01-28 10:43:00,8086.484375,8165.046875,66.6,47.4,trip,0
-8.99632E+18,2021-01-28 10:43:00,2021-01-28 10:53:00,8165.046875,8166.09375,47.4,47.4,trip,0
-8.99632E+18,2021-01-28 10:54:00,2021-01-28 10:54:00,8166.09375,8166.09375,47.4,47.4,trip,0
-8.99632E+18,2021-01-28 14:03:00,2021-01-28 14:21:00,8166.109375,8172.59375,47.0,45.4,trip,0
-8.99632E+18,2021-01-28 14:22:00,2021-01-28 14:51:00,8172.59375,8172.59375,45.4,67.0,charge,0
-8.99632E+18,2021-01-28 14:51:00,2021-01-28 15:02:00,8172.59375,8175.859375,67.0,67.0,trip,0
-8.99632E+18,2021-01-28 16:00:00,2021-01-28 16:03:00,8175.875,8176.671875,66.2,66.2,trip,0
-8.99632E+18,2021-01-28 19:54:00,2021-01-28 19:57:00,8176.671875,8176.765625,68.2,68.2,trip,0
-8.99632E+18,2021-01-28 22:05:00,2021-01-28 22:56:00,8176.765625,8262.65625,67.8,36.0,trip,0
-8.99632E+18,2021-01-28 23:38:00,2021-01-29 09:53:00,8262.65625,8262.65625,36.4,54.5,charge,120
-8.99632E+18,2021-01-29 09:53:00,2021-01-29 10:31:00,8262.65625,8300.625,54.5,43.9,trip,0
-8.99632E+18,2021-01-29 10:31:00,2021-01-29 10:32:00,8300.625,8300.625,43.9,43.9,trip,0
-8.99632E+18,2021-01-29 10:35:00,2021-01-29 12:48:00,8300.625,8300.625,44.3,47.8,charge,120
-8.99632E+18,2021-01-29 12:48:00,2021-01-29 15:16:00,8300.625,8379.4375,47.8,29.4,trip,0
-8.99632E+18,2021-01-29 15:16:00,2021-01-29 15:20:00,8379.4375,8380.578125,29.4,29.4,trip,0
-8.99632E+18,2021-01-29 15:28:00,2021-01-29 15:47:00,8380.578125,8386.171875,29.0,28.2,trip,0
-8.99632E+18,2021-01-29 15:48:00,2021-01-29 16:34:00,8386.171875,8386.171875,28.2,74.5,charge,0
-8.99632E+18,2021-01-29 16:34:00,2021-01-29 17:07:00,8386.171875,8391.75,74.5,73.3,trip,0
-8.99632E+18,2021-01-29 17:07:00,2021-01-29 17:23:00,8391.75,8397.921875,73.3,72.9,trip,0
-8.99632E+18,2021-01-29 17:24:00,2021-01-29 18:04:00,8397.921875,8397.921875,72.9,78.8,charge,240
-8.99632E+18,2021-01-29 18:04:00,2021-01-29 18:07:00,8397.921875,8399.125,78.8,78.8,trip,0
-8.99632E+18,2021-01-29 19:44:00,2021-01-29 20:49:00,8399.125,8484.921875,76.0,52.1,trip,0
-8.99632E+18,2021-01-29 21:19:00,2021-01-31 12:52:00,8484.921875,8484.921875,52.1,100.0,charge,120
-8.99632E+18,2021-01-31 12:52:00,2021-01-31 13:41:00,8484.921875,8568.421875,100.0,78.8,trip,0
-8.99632E+18,2021-01-31 13:43:00,2021-01-31 13:49:00,8568.421875,8570.1875,78.8,78.4,trip,0
-8.99632E+18,2021-01-31 13:49:00,2021-01-31 15:18:00,8570.1875,8577.0,78.4,76.4,trip,0
-8.99632E+18,2021-01-31 15:18:00,2021-01-31 15:23:00,8577.0,8578.4375,76.4,76.4,trip,0
-8.99632E+18,2021-01-31 19:35:00,2021-01-31 20:32:00,8578.4375,8657.546875,76.0,52.9,trip,0
-8.99632E+18,2021-01-31 21:37:00,2021-02-01 19:23:00,8657.546875,8657.546875,52.9,78.0,charge,120
-8.99632E+18,2021-02-01 19:23:00,2021-02-01 19:34:00,8657.546875,8660.953125,78.0,78.0,trip,0
-8.99632E+18,2021-02-01 20:21:00,2021-02-01 20:24:00,8660.953125,8661.140625,77.6,77.6,trip,0
-8.99632E+18,2021-02-01 20:34:00,2021-02-01 20:41:00,8661.140625,8664.078125,77.6,77.2,trip,0
-8.99632E+18,2021-02-01 20:41:00,2021-02-01 21:51:00,8664.078125,8665.969882,77.2,76.8,trip,0
-8.99632E+18,2021-02-01 21:51:00,2021-02-02 17:09:00,8665.969882,8665.969882,76.8,100.0,charge,120
-8.99632E+18,2021-02-02 17:09:00,2021-02-02 17:13:00,8665.969882,8666.078125,100.0,99.6,trip,0
-8.99632E+18,2021-02-02 17:29:00,2021-02-02 17:36:00,8666.078125,8668.390625,99.6,99.6,trip,0
-8.99632E+18,2021-02-02 17:46:00,2021-02-02 17:49:00,8668.390625,8669.59375,99.2,99.2,trip,0
-8.99632E+18,2021-02-02 17:49:00,2021-02-03 21:46:00,8669.59375,8759.53125,99.2,77.2,trip,0
-8.99632E+18,2021-02-03 21:46:00,2021-02-03 21:51:00,8759.53125,8761.359375,77.2,77.2,trip,0
-8.99632E+18,2021-02-03 22:39:00,2021-02-03 23:40:00,8761.359375,8819.265625,76.4,61.9,trip,0
-8.99632E+18,2021-02-03 23:47:00,2021-02-03 23:50:00,8819.265625,8820.390625,61.1,61.1,trip,0
-8.99632E+18,2021-02-03 23:54:00,2021-02-04 00:19:00,8820.390625,8853.3125,61.1,50.9,trip,0
-8.99632E+18,2021-02-04 01:22:00,2021-02-04 09:52:00,8853.3125,8853.3125,50.9,65.4,charge,120
-8.99632E+18,2021-02-04 09:52:00,2021-02-04 10:54:00,8853.3125,8932.078125,65.4,49.0,trip,0
-8.99632E+18,2021-02-04 10:54:00,2021-02-04 13:26:00,8932.078125,8932.109375,49.0,48.2,trip,0
-8.99632E+18,2021-02-04 13:26:00,2021-02-04 14:22:00,8932.109375,9011.171875,48.2,25.0,trip,0
-8.99632E+18,2021-02-04 14:36:00,2021-02-04 14:41:00,9011.1875,9014.0,25.0,23.5,trip,0
-8.99632E+18,2021-02-04 14:42:00,2021-02-04 22:47:00,9014.0,9014.0,23.5,74.5,charge,0
-8.99632E+18,2021-02-04 22:47:00,2021-02-04 22:53:00,9014.0,9016.859375,74.5,74.5,trip,0
-8.99632E+18,2021-02-04 22:55:00,2021-02-04 22:55:00,9016.859375,9016.875,74.5,74.5,trip,0
-8.99632E+18,2021-02-04 23:25:00,2021-02-04 23:33:00,9016.875,9022.390625,74.5,72.9,trip,0
-8.99632E+18,2021-02-04 23:33:00,2021-02-04 23:52:00,9022.390625,9022.390625,72.9,75.2,charge,240
-8.99632E+18,2021-02-04 23:52:00,2021-02-04 23:57:00,9022.390625,9025.5,75.2,73.7,trip,0
-8.99632E+18,2021-02-05 01:25:00,2021-02-05 01:34:00,9025.5,9033.484375,74.9,74.1,trip,0
-8.99632E+18,2021-02-05 18:00:00,2021-02-05 18:00:00,9033.484375,9033.546875,73.7,73.7,trip,0
-8.99632E+18,2021-02-05 18:10:00,2021-02-05 19:13:00,9033.546875,9119.140625,73.7,55.6,trip,0
-8.99632E+18,2021-02-05 19:13:00,2021-02-05 19:24:00,9119.140625,9119.15625,55.6,56.4,charge,240
-8.99632E+18,2021-02-05 19:24:00,2021-02-05 19:28:00,9119.15625,9120.3125,56.4,56.4,trip,0
-8.99632E+18,2021-02-05 22:27:00,2021-02-06 00:21:00,9120.3125,9214.28125,56.4,33.3,trip,0
-8.99632E+18,2021-02-06 16:28:00,2021-02-06 16:36:00,9214.28125,9217.203125,32.5,32.1,trip,0
-8.99632E+18,2021-02-06 16:37:00,2021-02-06 21:44:00,9217.203125,9217.203125,32.1,63.9,charge,0
-8.99632E+18,2021-02-06 21:44:00,2021-02-06 21:59:00,9217.203125,9225.171875,63.9,63.9,trip,0
-8.99632E+18,2021-02-06 21:59:00,2021-02-07 13:00:00,9225.171875,9234.015625,63.9,62.7,trip,0
-8.99632E+18,2021-02-07 13:00:00,2021-02-07 13:52:00,9234.015625,9319.453125,62.7,41.9,trip,0
-8.99632E+18,2021-02-07 15:01:00,2021-02-07 15:15:00,9319.453125,9326.046875,41.5,40.7,trip,0
-8.99632E+18,2021-02-07 15:15:00,2021-02-07 19:40:00,9326.046875,9327.125,40.7,38.4,trip,0
-8.99632E+18,2021-02-07 19:40:00,2021-02-07 21:00:00,9327.125,9421.515625,38.4,8.6,trip,0
-8.99632E+18,2021-02-08 11:13:00,2021-02-08 11:14:00,9421.515625,9421.578125,10.9,10.9,trip,0
-8.99632E+18,2021-02-08 14:41:00,2021-02-08 14:44:00,9421.578125,9423.296875,10.5,10.1,trip,0
-8.99632E+18,2021-02-08 14:58:00,2021-02-08 15:03:00,9423.296875,9425.171875,10.1,10.1,trip,0
-8.99632E+18,2021-02-08 17:25:00,2021-02-08 17:32:00,9425.171875,9428.0,9.8,8.6,trip,0
-8.99632E+18,2021-02-08 17:34:00,2021-02-08 17:39:00,9428.0,9428.0,8.6,8.6,trip,0
-8.99632E+18,2021-02-08 17:39:00,2021-02-08 18:01:00,9428.0,9436.203125,8.6,7.8,trip,0
-8.99632E+18,2021-02-08 18:01:00,2021-02-08 18:01:00,9436.203125,9436.203125,7.8,7.8,trip,0
-8.99632E+18,2021-02-08 18:07:00,2021-02-08 18:54:00,9436.203125,9436.203125,7.8,58.0,charge,DCCharging
-8.99632E+18,2021-02-08 18:54:00,2021-02-08 18:54:00,9436.203125,9436.203125,58.0,58.0,trip,0
-8.99632E+18,2021-02-08 18:54:00,2021-02-08 19:13:00,9436.203125,9436.203125,58.0,74.5,charge,DCCharging
-8.99632E+18,2021-02-08 19:13:00,2021-02-08 19:23:00,9436.203125,9439.96875,74.5,73.3,trip,0
-8.99632E+18,2021-02-08 19:23:00,2021-02-08 19:27:00,9439.96875,9441.171875,73.3,72.9,trip,0
-8.99632E+18,2021-02-10 18:59:00,2021-02-10 19:00:00,9441.1875,9441.203125,71.3,71.3,trip,0
-8.99632E+18,2021-02-10 19:01:00,2021-02-11 09:55:00,9441.203125,9441.203125,71.3,100.0,charge,240
-8.99632E+18,2021-02-11 09:55:00,2021-02-11 10:57:00,9441.203125,9520.515625,100.0,82.3,trip,0
-8.99632E+18,2021-02-11 13:30:00,2021-02-11 14:24:00,9520.515625,9599.359375,81.9,60.0,trip,0
-8.99632E+18,2021-02-11 14:25:00,2021-02-11 18:33:00,9599.359375,9599.359375,60.0,81.9,charge,240
-8.99632E+18,2021-02-11 18:33:00,2021-02-11 18:43:00,9599.359375,9602.375,81.9,81.9,trip,0
-8.99632E+18,2021-02-11 18:51:00,2021-02-11 19:00:00,9602.375,9604.4375,81.5,81.1,trip,0
-8.99632E+18,2021-02-11 19:05:00,2021-02-11 20:16:00,9604.4375,9690.875,80.7,62.7,trip,0
-8.99632E+18,2021-02-11 21:12:00,2021-02-11 21:24:00,9690.875,9695.40625,61.9,61.5,trip,0
-8.99632E+18,2021-02-11 21:37:00,2021-02-11 23:04:00,9695.40625,9785.4375,61.1,36.8,trip,0
-8.99632E+18,2021-02-11 23:05:00,2021-02-12 14:16:00,9785.4375,9785.4375,36.8,100.0,charge,240
-8.99632E+18,2021-02-12 14:16:00,2021-02-12 14:30:00,9785.4375,9793.375,100.0,98.8,trip,0
-8.99632E+18,2021-02-12 14:30:00,2021-02-12 15:44:00,9793.375,9793.375,98.8,98.8,charge,240
-8.99632E+18,2021-02-12 15:44:00,2021-02-12 15:58:00,9793.375,9801.546875,98.8,96.8,trip,0
-8.99632E+18,2021-02-12 17:32:00,2021-02-12 19:03:00,9801.546875,9894.421875,96.0,74.1,trip,0
-8.99632E+18,2021-02-12 20:06:00,2021-02-12 22:20:00,9894.421875,9980.3125,73.7,55.6,trip,0
-8.99632E+18,2021-02-12 22:20:00,2021-02-13 12:32:00,9980.3125,9980.3125,55.6,100.0,charge,240
-8.99632E+18,2021-02-13 12:32:00,2021-02-13 13:23:00,9980.3125,10062.89063,100,79.2,trip,0
-8.99632E+18,2021-02-12 13:52:00,2021-02-12 13:53:00,10062.90625,10063.0625,78.8,78.8,trip,0
-8.99632E+18,2021-02-12 13:53:00,2021-02-12 22:27:00,10063.0625,10063.09375,78.8,79.2,trip,0
-8.99632E+18,2021-02-12 22:27:00,2021-02-12 23:16:00,10063.09375,10142.79688,79.2,56,trip,0
-2.47174E+18,2021-05-15 03:09:00,2021-05-15 17:21:00,4585.78125,4585.78125,27.4,44.7,charge,120
-2.47174E+18,2021-05-15 17:21:00,2021-05-15 17:41:00,4585.78125,4595.21875,44.7,43.5,trip,0
-2.47174E+18,2021-05-15 17:42:00,2021-05-15 18:29:00,4595.21875,4595.21875,43.5,79.6,charge,DCCharging
-2.47174E+18,2021-05-15 18:29:00,2021-05-15 18:53:00,4595.21875,4609.0,79.6,77.6,trip,0
-2.47174E+18,2021-05-15 18:56:00,2021-05-15 19:22:00,4609.0,4624.34375,77.6,74.9,trip,0
-2.47174E+18,2021-05-15 19:24:00,2021-05-16 00:11:00,4624.34375,4792.734375,74.9,41.9,trip,0
-2.47174E+18,2021-05-16 00:17:00,2021-05-16 00:29:00,4792.734375,4802.703125,41.9,40.3,trip,0
-2.47174E+18,2021-05-16 00:30:00,2021-05-16 00:34:00,4802.703125,4802.703125,40.3,40.7,charge,240
-2.47174E+18,2021-05-16 00:34:00,2021-05-16 02:58:00,4802.703125,4906.609375,40.7,21.1,trip,0
-2.47174E+18,2021-05-16 02:59:00,2021-05-16 15:42:00,4906.609375,4906.609375,21.1,36.8,charge,120
-2.47174E+18,2021-05-16 15:42:00,2021-05-16 15:59:00,4906.609375,4916.046875,36.8,35.6,trip,0
-2.47174E+18,2021-05-16 16:00:00,2021-05-16 17:00:00,4916.046875,4916.046875,35.6,85.0,charge,DCCharging
-2.47174E+18,2021-05-16 17:00:00,2021-05-16 17:10:00,4916.046875,4922.90625,85.0,83.9,trip,0
-2.47174E+18,2021-05-16 17:53:00,2021-05-16 18:10:00,4922.90625,,83.5,81.9,trip,0
-2.47174E+18,2021-05-16 18:40:00,2021-05-16 19:33:00,4930.921875,4967.875,81.5,75.6,trip,0
-2.47174E+18,2021-05-16 19:34:00,2021-05-16 21:46:00,4967.875,5073.09375,75.6,53.7,trip,0
-2.47174E+18,2021-05-16 21:47:00,2021-05-16 23:47:00,5073.09375,5073.09375,53.7,55.6,charge,120
-2.47174E+18,2021-05-16 23:47:00,2021-05-17 02:15:00,5073.09375,5156.3125,55.6,40.7,trip,0
-2.47174E+18,2021-05-17 02:16:00,2021-05-17 12:48:00,5156.3125,5156.3125,40.7,53.3,charge,120
-2.47174E+18,2021-05-17 12:48:00,2021-05-17 13:04:00,5156.3125,5161.515625,53.3,52.5,trip,0
-2.47174E+18,2021-05-17 13:07:00,2021-05-17 13:07:00,5161.515625,5161.53125,52.1,52.1,trip,0
-2.47174E+18,2021-05-17 13:54:00,2021-05-17 14:19:00,5161.53125,5171.65625,52.1,50.9,trip,0
-2.47174E+18,2021-05-17 14:20:00,2021-05-17 16:10:00,5171.65625,5171.65625,50.9,52.9,charge,120
-2.47174E+18,2021-05-17 16:10:00,2021-05-17 19:51:00,5171.65625,5301.796875,52.9,29.4,trip,0
-2.47174E+18,2021-05-17 19:55:00,2021-05-17 20:34:00,5301.796875,5318.875,29.4,27.0,trip,0
-2.47174E+18,2021-05-17 20:36:00,2021-05-17 20:46:00,5318.875,5320.609375,27.0,27.0,trip,0
-2.47174E+18,2021-05-17 20:47:00,2021-05-17 21:47:00,5320.609375,5320.609375,27.0,35.2,charge,240
-2.47174E+18,2021-05-17 21:47:00,2021-05-17 22:02:00,5320.609375,5328.546875,35.2,33.7,trip,0
-2.47174E+18,2021-05-17 22:02:00,2021-05-17 22:17:00,5328.546875,5335.984375,33.7,32.5,trip,0
-2.47174E+18,2021-05-17 22:18:00,2021-05-18 00:07:00,5335.984375,5335.984375,32.5,34.5,charge,120
-2.47174E+18,2021-05-18 00:07:00,2021-05-18 00:35:00,5335.984375,5352.0625,34.5,32.1,trip,0
-2.47174E+18,2021-05-18 00:36:00,2021-05-18 01:37:00,5352.0625,5352.0625,32.1,82.7,charge,DCCharging
-2.47174E+18,2021-05-18 01:37:00,2021-05-18 02:36:00,5352.0625,5392.28125,82.7,72.1,trip,0
-2.47174E+18,2021-05-18 02:37:00,2021-05-18 12:09:00,5392.28125,5392.28125,72.1,83.5,charge,120
-2.47174E+18,2021-05-18 12:09:00,2021-05-18 13:57:00,5392.28125,5484.109375,83.5,65.4,trip,0
-2.47174E+18,2021-05-18 14:24:00,2021-05-18 18:16:00,5484.109375,5648.609375,65.4,32.9,trip,0
-2.47174E+18,2021-05-18 18:34:00,2021-05-18 19:31:00,5648.609375,5648.609375,32.9,34.1,charge,120
-2.47174E+18,2021-05-18 19:31:00,2021-05-18 19:50:00,5648.609375,5660.828125,34.1,32.1,trip,0
-2.47174E+18,2021-05-18 21:01:00,2021-05-18 21:08:00,5660.828125,5662.734375,32.1,32.1,trip,0
-2.47174E+18,2021-05-18 21:09:00,2021-05-18 22:10:00,5662.734375,5662.734375,32.1,81.5,charge,0
-2.47174E+18,2021-05-18 22:10:00,2021-05-18 23:57:00,5662.734375,5761.390625,81.5,61.1,trip,0
-2.47174E+18,2021-05-18 23:58:00,2021-05-19 00:30:00,5761.390625,5783.21875,61.1,56.0,trip,0
-2.47174E+18,2021-05-19 00:31:00,2021-05-19 01:22:00,5783.21875,5783.21875,56.0,56.8,charge,120
-2.47174E+18,2021-05-19 01:22:00,2021-05-19 02:27:00,5783.21875,5850.03125,56.8,42.3,trip,0
-2.47174E+18,2021-05-19 02:27:00,2021-05-19 10:08:00,5850.03125,5850.03125,42.3,51.7,charge,120
-2.47174E+18,2021-05-19 10:08:00,2021-05-19 11:29:00,5850.03125,5906.265625,51.7,41.1,trip,0
-2.47174E+18,2021-05-19 11:31:00,2021-05-19 12:31:00,5906.265625,5906.265625,41.1,83.1,charge,DCCharging
-2.47174E+18,2021-05-19 12:31:00,2021-05-19 12:46:00,5906.265625,5915.03125,83.1,81.1,trip,0
-2.47174E+18,2021-05-19 13:48:00,2021-05-19 13:59:00,5915.03125,5918.46875,81.1,80.7,trip,0
-2.47174E+18,2021-05-19 14:05:00,2021-05-19 14:24:00,5918.46875,5928.3125,80.3,79.6,trip,0
-2.47174E+18,2021-05-19 14:25:00,2021-05-19 14:29:00,5928.3125,5928.3125,79.6,79.6,charge,240
-2.47174E+18,2021-05-19 14:29:00,2021-05-19 16:09:00,5928.3125,6001.046875,79.6,65.0,trip,0
-2.47174E+18,2021-05-19 16:29:00,2021-05-19 16:33:00,6001.046875,6001.046875,64.7,64.7,trip,0
-2.47174E+18,2021-05-19 16:33:00,2021-05-19 18:16:00,6001.046875,6051.25,64.7,54.9,trip,0
-2.47174E+18,2021-05-19 18:16:00,2021-05-19 18:33:00,6051.25,6051.25,54.9,54.9,charge,120
-2.47174E+18,2021-05-19 18:33:00,2021-05-19 18:51:00,6051.25,6063.265625,54.9,52.9,trip,0
-2.47174E+18,2021-05-19 18:51:00,2021-05-19 21:05:00,6063.265625,6063.265625,52.9,72.9,charge,240
-2.47174E+18,2021-05-19 21:05:00,2021-05-19 21:35:00,6063.265625,6078.125,72.9,69.8,trip,0
-2.47174E+18,2021-05-19 21:36:00,2021-05-20 10:29:00,6078.125,6078.125,69.8,85.0,charge,120
-2.47174E+18,2021-05-20 10:29:00,2021-05-20 14:14:00,6078.125,6243.375,85.0,48.6,trip,0
-2.47174E+18,2021-05-20 14:25:00,2021-05-20 14:44:00,6243.375,6250.46875,48.6,47.4,trip,0
-2.47174E+18,2021-05-20 14:45:00,2021-05-20 15:05:00,6250.46875,6260.734375,47.4,45.0,trip,0
-2.47174E+18,2021-05-20 15:07:00,2021-05-20 19:20:00,6260.734375,6411.953125,45.0,17.2,trip,0
-2.47174E+18,2021-05-20 19:21:00,2021-05-20 20:22:00,6411.953125,6411.953125,17.2,69.0,charge,DCCharging
-2.47174E+18,2021-05-20 20:22:00,2021-05-20 20:31:00,6411.953125,6415.640625,69.0,68.6,trip,0
-2.47174E+18,2021-05-20 20:46:00,2021-05-20 20:58:00,6415.0,6422.0,67.8,67.0,trip,0
-2.47174E+18,2021-05-20 20:59:00,2021-05-20 23:20:00,6422.5625,6422.5625,67.0,69.4,charge,120
-2.47174E+18,2021-05-20 23:20:00,2021-05-21 00:36:00,6422.5625,6489.46875,69.4,55.6,trip,0
-2.47174E+18,2021-05-21 00:36:00,2021-05-21 10:03:00,6489.46875,6489.46875,55.6,66.6,charge,120
-2.47174E+18,2021-05-21 10:03:00,2021-05-21 11:54:00,6489.46875,6575.015625,66.6,49.0,trip,0
-2.47174E+18,2021-05-21 11:55:00,2021-05-21 12:43:00,6575.015625,6575.015625,49.0,80.0,charge,DCCharging
-2.47174E+18,2021-05-21 12:43:00,2021-05-21 14:44:00,6575.015625,6681.359375,80.0,59.2,trip,0
-2.47174E+18,2021-05-21 14:54:00,2021-05-21 17:52:00,6681.359375,6774.09375,59.2,40.3,trip,0
-2.47174E+18,2021-05-21 17:53:00,2021-05-21 18:39:00,6774.09375,6774.09375,40.3,41.1,charge,120
-2.47174E+18,2021-05-21 18:39:00,2021-05-21 19:07:00,6774.09375,6790.234375,41.1,38.8,trip,0
-2.47174E+18,2021-05-21 19:12:00,2021-05-21 19:33:00,6790.234375,6801.5625,38.4,36.4,trip,0
-2.47174E+18,2021-05-21 19:33:00,2021-05-21 19:33:00,6801.5625,6801.5625,36.4,36.4,trip,0
-2.47174E+18,2021-05-21 19:33:00,2021-05-21 21:39:00,6801.5625,6801.5625,36.4,38.4,charge,120
-2.47174E+18,2021-05-21 21:39:00,2021-05-21 22:15:00,6801.5625,6816.40625,38.4,36.0,trip,0
-2.47174E+18,2021-05-21 22:17:00,2021-05-21 22:35:00,6816.40625,6816.40625,36.0,36.0,charge,0
-2.47174E+18,2021-05-21 22:35:00,2021-05-21 23:31:00,6816.40625,6844.453125,36.0,31.7,trip,0
-2.47174E+18,2021-05-21 23:32:00,2021-05-22 00:25:00,6844.453125,6844.453125,31.7,76.4,charge,DCCharging
-2.47174E+18,2021-05-22 00:25:00,2021-05-22 00:30:00,6844.453125,6846.171875,76.4,76.4,trip,0
-2.47174E+18,2021-05-22 00:32:00,2021-05-22 01:00:00,6846.171875,6857.265625,76.4,73.7,trip,0
-2.47174E+18,2021-05-22 01:01:00,2021-05-22 10:02:00,6857.265625,6857.265625,73.7,84.3,charge,120
-2.47174E+18,2021-05-22 10:02:00,2021-05-22 11:26:00,6857.265625,6903.546875,84.3,75.6,trip,0
-2.47174E+18,2021-05-22 11:27:00,2021-05-22 11:38:00,6903.546875,6903.546875,75.6,75.6,charge,120
-2.47174E+18,2021-05-22 11:38:00,2021-05-22 12:37:00,6903.546875,6941.0,75.6,68.2,trip,0
-2.47174E+18,2021-05-22 12:39:00,2021-05-22 12:51:00,6941.0,6950.859375,68.2,65.4,trip,0
-2.47174E+18,2021-05-22 12:52:00,2021-05-22 13:45:00,6950.859375,6950.859375,65.4,65.8,charge,120
-2.47174E+18,2021-05-22 13:45:00,2021-05-22 14:28:00,6950.859375,6974.71875,65.8,61.9,trip,0
-2.47174E+18,2021-05-22 14:30:00,2021-05-22 14:34:00,6974.71875,6976.5,61.9,61.9,trip,0
-2.47174E+18,2021-05-22 14:34:00,2021-05-22 14:53:00,6976.5,6976.5,61.9,64.3,charge,240
-2.47174E+18,2021-05-22 14:53:00,2021-05-22 15:26:00,6976.5,6988.34375,64.3,61.9,trip,0
-2.47174E+18,2021-05-22 15:27:00,2021-05-22 16:03:00,6988.34375,6988.34375,61.9,62.7,charge,120
-2.47174E+18,2021-05-22 16:03:00,2021-05-22 18:29:00,6988.34375,7096.46875,62.7,42.7,trip,0
-8.99632E+18,2021-02-13 23:18:00,2021-02-15 11:09:00,10142.79688,10142.79688,56.0,100.0,charge,240
-8.99632E+18,2021-02-15 11:09:00,2021-02-15 12:05:00,10142.79688,10210.1875,100.0,83.1,trip,0
-8.99632E+18,2021-02-15 12:05:00,2021-02-15 13:08:00,10210.1875,10210.21875,83.1,82.7,trip,0
-8.99632E+18,2021-02-15 13:08:00,2021-02-15 13:15:00,10210.21875,10212.20313,82.7,82.7,trip,0
-8.99632E+18,2021-02-15 15:30:00,2021-02-15 16:11:00,10212.20313,10272.75,81.9,65.4,trip,0
-8.99632E+18,2021-02-15 16:11:00,2021-02-15 22:37:00,10272.75,10272.75,65.4,100.0,charge,240
-8.99632E+18,2021-02-15 22:37:00,2021-02-16 13:13:00,10272.75,10277.89063,100.0,100.0,trip,0
-8.99632E+18,2021-02-16 13:13:00,2021-02-16 13:23:00,10277.89063,10282.57813,100.0,98.8,trip,0
-8.99632E+18,2021-02-16 13:23:00,2021-02-17 18:51:00,10282.57813,10411.04688,98.8,70.1,trip,0
-8.99632E+18,2021-02-17 18:51:00,2021-02-17 19:14:00,10411.04688,10415.17188,70.1,69.4,trip,0
-8.99632E+18,2021-02-17 20:26:00,2021-02-17 22:05:00,10415.17188,10500.6875,69.8,50.1,trip,0
-8.99632E+18,2021-02-17 22:06:00,2021-02-18 09:55:00,10500.6875,10500.70313,50.1,100.0,charge,240
-8.99632E+18,2021-02-18 09:55:00,2021-02-18 09:56:00,10500.70313,10500.71875,100.0,100.0,trip,0
-8.99632E+18,2021-02-18 09:56:00,2021-02-22 15:22:00,10500.71875,10500.75,100.0,100.0,trip,0
-8.99632E+18,2021-02-22 15:22:00,2021-02-22 15:27:00,10500.75,10502.40625,100.0,100.0,trip,0
-8.99632E+18,2021-02-22 15:49:00,2021-02-22 15:56:00,10502.40625,10504.34375,99.6,99.6,trip,0
-8.99632E+18,2021-02-23 13:01:00,2021-02-23 13:02:00,10504.35938,10504.375,98.8,98.8,trip,0
-8.99632E+18,2021-02-23 23:12:00,2021-02-23 23:27:00,10504.375,10522.6875,98.8,93.7,trip,0
-8.99632E+18,2021-02-24 01:04:00,2021-02-24 01:33:00,10522.6875,10542.9375,92.9,87.0,trip,0
-8.99632E+18,2021-02-24 01:34:00,2021-02-24 03:58:00,10542.9375,10542.9375,87.0,100.0,charge,240
-8.99632E+18,2021-02-24 03:58:00,2021-02-24 14:10:00,10542.9375,10542.96875,100.0,100.0,trip,0
-8.99632E+18,2021-02-24 14:10:00,2021-02-24 14:17:00,10542.96875,10544.8125,100.0,100.0,trip,0
-8.99632E+18,2021-02-24 14:19:00,2021-02-24 15:13:00,10544.8125,10628.625,100.0,81.5,trip,0
-8.99632E+18,2021-02-24 15:13:00,2021-02-24 15:38:00,10628.625,10632.57813,81.5,80.3,trip,0
-8.99632E+18,2021-02-24 15:38:00,2021-02-24 17:10:00,10632.57813,10716.6875,80.3,59.6,trip,0
-8.99632E+18,2021-02-24 17:13:00,2021-02-24 17:27:00,10716.6875,10722.78125,59.2,58.0,trip,0
-8.99632E+18,2021-02-25 11:23:00,2021-02-25 11:23:00,10722.79688,10722.79688,58.4,58.4,trip,0
-8.99632E+18,2021-02-25 11:24:00,2021-02-25 12:57:00,10722.79688,10722.79688,58.4,67.0,charge,240
-8.99632E+18,2021-02-25 12:57:00,2021-02-25 12:57:00,10722.79688,10722.8125,67.0,67.0,trip,0
-8.99632E+18,2021-02-25 12:58:00,2021-02-25 17:40:00,10722.8125,10722.8125,67.0,93.3,charge,240
-8.99632E+18,2021-02-25 17:40:00,2021-02-25 17:54:00,10722.8125,10730.67188,93.3,92.1,trip,0
-8.99632E+18,2021-02-25 17:56:00,2021-02-25 18:46:00,10730.67188,10730.67188,92.1,92.1,charge,0
-8.99632E+18,2021-02-25 18:46:00,2021-02-25 20:00:00,10730.67188,10812.1875,92.1,74.9,trip,0
-8.99632E+18,2021-02-25 21:59:00,2021-02-25 22:13:00,10812.1875,10827.82813,73.7,69.0,trip,0
-8.99632E+18,2021-02-25 23:42:00,2021-02-26 01:09:00,10827.82813,10933.90625,69.0,33.3,trip,0
-8.99632E+18,2021-02-26 01:11:00,2021-02-26 15:25:00,10933.90625,10933.90625,33.3,100.0,charge,240
-8.99632E+18,2021-02-26 15:25:00,2021-02-26 16:42:00,10933.90625,11017.64063,100.0,83.1,trip,0
-8.99632E+18,2021-02-26 16:42:00,2021-02-26 17:27:00,11017.64063,11034.1875,83.1,78.4,trip,0
-8.99632E+18,2021-02-26 17:27:00,2021-02-26 18:17:00,11034.1875,11052.39063,78.4,75.6,trip,0
-8.99632E+18,2021-02-26 20:37:00,2021-02-26 22:31:00,11052.39063,11137.67188,75.6,58.8,trip,0
-8.99632E+18,2021-02-26 22:32:00,2021-02-27 15:04:00,11137.67188,11137.67188,58.8,100.0,charge,240
-8.99632E+18,2021-02-27 15:04:00,2021-02-27 15:44:00,11137.67188,11156.71875,100.0,95.6,trip,0
-8.99632E+18,2021-02-27 17:28:00,2021-02-27 17:56:00,11156.71875,11169.60938,95.2,92.5,trip,0
-8.99632E+18,2021-02-27 18:16:00,2021-02-27 18:29:00,11169.60938,11175.98438,92.1,90.9,trip,0
-8.99632E+18,2021-02-27 18:29:00,2021-02-27 21:50:00,11175.98438,11244.72859,90.9,90.1,trip,0
-8.99632E+18,2021-02-27 21:50:00,2021-02-28 12:08:00,11244.72859,11244.72859,90.1,100.0,charge,240
-8.99632E+18,2021-02-28 12:08:00,2021-02-28 12:58:00,11244.72859,11261.76563,100.0,80.3,trip,0
-8.99632E+18,2021-02-28 14:08:00,2021-02-28 14:14:00,11261.76563,11263.51563,79.6,79.2,trip,0
-8.99632E+18,2021-02-28 14:24:00,2021-02-28 15:22:00,11263.53125,11347.67188,79.2,55.6,trip,0
-8.99632E+18,2021-02-28 15:24:00,2021-03-01 17:38:00,11347.67188,11347.67188,55.6,100.0,charge,240
-8.99632E+18,2021-03-01 17:38:00,2021-03-01 19:15:00,11347.67188,11469.78125,100.0,70.1,trip,0
-8.99632E+18,2021-03-01 19:25:00,2021-03-01 19:29:00,11469.78125,11471.03125,70.1,70.1,trip,0
-8.99632E+18,2021-03-01 21:38:00,2021-03-01 22:55:00,11471.03125,11592.375,70.1,33.3,trip,0
-8.99632E+18,2021-03-01 22:56:00,2021-03-02 11:19:00,11592.375,11592.375,33.3,100.0,charge,240
-8.99632E+18,2021-03-02 11:19:00,2021-03-02 11:22:00,11592.375,11593.625,100.0,100.0,trip,0
-8.99632E+18,2021-03-02 11:22:00,2021-03-02 15:01:00,11593.625,11678.8125,100.0,81.9,trip,0
-8.99632E+18,2021-03-02 15:01:00,2021-03-02 16:58:00,11678.8125,11770.79688,81.9,58.4,trip,0
-8.99632E+18,2021-03-02 20:57:00,2021-03-03 18:53:00,11770.79688,11770.79688,58.8,100.0,charge,240
-8.99632E+18,2021-03-03 18:53:00,2021-03-03 19:57:00,11770.79688,11858.32813,100.0,82.3,trip,0
-8.99632E+18,2021-03-03 19:57:00,2021-03-03 21:31:00,11858.32813,11859.17188,82.3,81.5,trip,0
-8.99632E+18,2021-03-03 21:31:00,2021-03-03 21:58:00,11859.17188,11888.78125,81.5,74.1,trip,0
-8.99632E+18,2021-03-03 22:11:00,2021-03-03 22:16:00,11888.78125,11890.4375,73.7,73.7,trip,0
-8.99632E+18,2021-03-03 22:47:00,2021-03-03 23:24:00,11890.4375,11948.375,72.9,55.2,trip,0
-8.99632E+18,2021-03-03 23:27:00,2021-03-04 11:41:00,11948.375,11948.375,55.2,100.0,charge,240
-2.47174E+18,2021-05-22 18:34:00,2021-05-22 20:21:00,7096.46875,7160.109375,42.3,31.7,trip,0
-2.47174E+18,2021-05-22 20:22:00,2021-05-22 21:24:00,7160.109375,7160.109375,31.7,82.3,charge,DCCharging
-2.47174E+18,2021-05-22 21:24:00,2021-05-22 21:32:00,7160.109375,7163.84375,82.3,81.9,trip,0
-2.47174E+18,2021-05-22 21:39:00,2021-05-22 21:51:00,7163.84375,7170.78125,81.5,80.7,trip,0
-2.47174E+18,2021-05-22 22:00:00,2021-05-23 00:05:00,7170.78125,7266.296875,80.3,62.3,trip,0
-2.47174E+18,2021-05-23 00:06:00,2021-05-23 10:01:00,7266.296875,7266.296875,62.3,73.7,charge,120
-2.47174E+18,2021-05-23 10:01:00,2021-05-23 13:45:00,7266.296875,7448.0,73.7,37.6,trip,0
-2.47174E+18,2021-05-23 13:46:00,2021-05-23 14:02:00,7448.0,7448.015625,37.6,39.6,charge,240
-2.47174E+18,2021-05-23 14:02:00,2021-05-23 15:17:00,7448.015625,7498.046875,39.6,29.4,trip,0
-2.47174E+18,2021-05-23 15:17:00,2021-05-23 15:18:00,7498.046875,7498.046875,29.4,29.4,charge,240
-2.47174E+18,2021-05-23 15:18:00,2021-05-23 15:20:00,7498.046875,7498.1875,29.4,29.4,trip,0
-2.47174E+18,2021-05-23 15:20:00,2021-05-23 15:28:00,7498.1875,7498.1875,29.4,29.8,charge,240
-2.47174E+18,2021-05-23 15:28:00,2021-05-23 15:46:00,7498.1875,7507.84375,29.8,28.2,trip,0
-2.47174E+18,2021-05-23 15:46:00,2021-05-23 16:00:00,7507.84375,7507.84375,28.2,29.8,charge,240
-2.47174E+18,2021-05-23 16:00:00,2021-05-23 18:15:00,7507.84375,7577.390625,29.8,16.8,trip,0
-2.47174E+18,2021-05-23 18:17:00,2021-05-23 19:17:00,7577.390625,7577.390625,16.8,67.8,charge,DCCharging
-2.47174E+18,2021-05-23 19:17:00,2021-05-23 19:31:00,7577.390625,7586.546875,67.8,66.2,trip,0
-2.47174E+18,2021-05-23 19:31:00,2021-05-23 20:43:00,7586.546875,7586.546875,66.2,67.4,charge,120
-2.47174E+18,2021-05-23 20:43:00,2021-05-23 21:20:00,7586.546875,7607.90625,67.4,63.9,trip,0
-2.47174E+18,2021-05-23 21:21:00,2021-05-23 22:40:00,7607.90625,7607.90625,63.9,74.9,charge,240
-2.47174E+18,2021-05-23 22:40:00,2021-05-23 23:06:00,7607.90625,7628.296875,74.9,70.5,trip,0
-2.47174E+18,2021-05-23 23:06:00,2021-05-24 10:10:00,7628.296875,7628.296875,70.5,83.5,charge,120
-2.47174E+18,2021-05-24 10:10:00,2021-05-24 13:11:00,7628.296875,7790.421875,83.5,47.0,trip,0
-2.47174E+18,2021-05-24 13:12:00,2021-05-24 13:51:00,7790.421875,7790.421875,47.0,47.4,charge,120
-2.47174E+18,2021-05-24 13:51:00,2021-05-24 14:06:00,7790.421875,7799.296875,47.4,45.4,trip,0
-2.47174E+18,2021-05-24 15:38:00,2021-05-24 15:40:00,7799.296875,7799.328125,43.1,43.1,trip,0
-2.47174E+18,2021-05-24 16:38:00,2021-05-24 16:46:00,7799.328125,7799.375,42.7,42.7,trip,0
-2.47174E+18,2021-05-24 17:04:00,2021-05-24 17:07:00,7799.375,7800.234375,42.7,42.7,trip,0
-2.47174E+18,2021-05-25 15:38:00,2021-05-25 15:40:00,7800.234375,7800.375,42.3,42.3,trip,0
-2.47174E+18,2021-05-25 16:31:00,2021-05-25 16:32:00,7800.375,7800.453125,42.3,42.3,trip,0
-2.47174E+18,2021-05-25 17:59:00,2021-05-25 18:26:00,7800.453125,7813.546875,42.7,40.7,trip,0
-2.47174E+18,2021-05-25 18:28:00,2021-05-25 19:28:00,7813.546875,7813.546875,40.7,82.3,charge,DCCharging
-2.47174E+18,2021-05-25 19:28:00,2021-05-25 19:59:00,7813.546875,7824.890625,82.3,80.3,trip,0
-2.47174E+18,2021-05-25 19:59:00,2021-05-25 22:47:00,7824.890625,7824.890625,80.3,83.5,charge,120
-2.47174E+18,2021-05-25 22:47:00,2021-05-25 23:40:00,7824.890625,7866.78125,83.5,76.8,trip,0
-2.47174E+18,2021-05-25 23:43:00,2021-05-26 00:20:00,7866.78125,7900.53125,76.8,68.6,trip,0
-2.47174E+18,2021-05-26 00:22:00,2021-05-26 00:36:00,7900.53125,7908.578125,68.6,67.0,trip,0
-2.47174E+18,2021-05-26 00:37:00,2021-05-26 10:08:00,7908.578125,7908.578125,67.0,78.4,charge,120
-2.47174E+18,2021-05-26 10:08:00,2021-05-26 14:10:00,7908.578125,8090.84375,78.4,44.3,trip,0
-2.47174E+18,2021-05-26 14:11:00,2021-05-26 14:25:00,8090.84375,8090.84375,44.3,44.3,charge,120
-2.47174E+18,2021-05-26 14:25:00,2021-05-26 17:48:00,8090.84375,8221.5625,44.3,22.3,trip,0
-2.47174E+18,2021-05-26 17:49:00,2021-05-26 18:26:00,8221.5625,8221.5625,22.3,27.0,charge,240
-2.47174E+18,2021-05-26 18:26:00,2021-05-26 19:19:00,8221.5625,8263.234375,27.0,19.6,trip,0
-2.47174E+18,2021-05-26 19:25:00,2021-05-26 19:38:00,8263.234375,8271.859375,19.2,18.0,trip,0
-2.47174E+18,2021-05-26 19:39:00,2021-05-26 22:54:00,8271.859375,8271.859375,18.0,21.5,charge,120
-2.47174E+18,2021-05-26 22:54:00,2021-05-26 23:17:00,8271.859375,8284.5,21.5,20.0,trip,0
-2.47174E+18,2021-05-26 23:19:00,2021-05-26 23:26:00,8284.5,8285.859375,20.0,20.0,trip,0
-2.47174E+18,2021-05-26 23:26:00,2021-05-27 00:40:00,8285.859375,8285.859375,20.0,30.5,charge,240
-2.47174E+18,2021-05-27 00:40:00,2021-05-27 01:19:00,8285.859375,8311.765625,30.5,25.8,trip,0
-2.47174E+18,2021-05-27 01:20:00,2021-05-27 08:27:00,8311.765625,8311.765625,25.8,34.5,charge,120
-2.47174E+18,2021-05-27 08:27:00,2021-05-27 09:00:00,8311.765625,8337.09375,34.5,30.5,trip,0
-2.47174E+18,2021-05-27 09:01:00,2021-05-27 10:01:00,8337.09375,8337.09375,30.5,81.1,charge,DCCharging
-2.47174E+18,2021-05-27 10:01:00,2021-05-27 11:54:00,8337.09375,8396.609375,81.1,68.2,trip,0
-2.47174E+18,2021-05-27 11:55:00,2021-05-27 14:01:00,8396.609375,8396.609375,68.2,70.5,charge,0
-2.47174E+18,2021-05-27 14:01:00,2021-05-27 15:43:00,8396.609375,8459.0625,70.5,58.0,trip,0
-2.47174E+18,2021-05-27 15:49:00,2021-05-27 20:08:00,8459.0625,8599.96875,57.6,30.5,trip,0
-2.47174E+18,2021-05-27 20:08:00,2021-05-27 20:37:00,8599.96875,8599.96875,30.5,30.9,charge,120
-2.47174E+18,2021-05-27 20:37:00,2021-05-27 20:55:00,8599.96875,8609.40625,30.9,29.4,trip,0
-2.47174E+18,2021-05-27 20:56:00,2021-05-27 21:57:00,8609.40625,8609.40625,29.4,80.7,charge,DCCharging
-2.47174E+18,2021-05-27 21:57:00,2021-05-27 23:02:00,8609.40625,8664.640625,80.7,69.8,trip,0
-2.47174E+18,2021-05-27 23:03:00,2021-05-27 23:03:00,8664.640625,8664.640625,69.8,69.8,charge,0
-2.47174E+18,2021-05-27 23:03:00,2021-05-27 23:50:00,8664.640625,8697.453125,69.8,63.9,trip,0
-2.47174E+18,2021-05-27 23:52:00,2021-05-28 09:48:00,8697.453125,8697.453125,63.9,74.9,charge,120
-2.47174E+18,2021-05-28 09:48:00,2021-05-28 12:29:00,8697.453125,8782.421875,74.9,58.4,trip,0
-2.47174E+18,2021-05-28 12:33:00,2021-05-28 18:56:00,8782.421875,8963.484375,58.4,24.7,trip,0
-2.47174E+18,2021-05-28 19:13:00,2021-05-28 19:18:00,8963.484375,8965.78125,24.3,23.1,trip,0
-2.47174E+18,2021-05-28 19:37:00,2021-05-28 19:51:00,8965.78125,8971.859375,23.1,22.3,trip,0
-2.47174E+18,2021-05-28 19:52:00,2021-05-28 20:10:00,8971.859375,8971.859375,22.3,22.3,charge,0
-2.47174E+18,2021-05-28 20:10:00,2021-05-28 21:23:00,8971.859375,9006.984375,22.3,16.8,trip,0
-2.47174E+18,2021-05-28 21:24:00,2021-05-28 21:54:00,9006.984375,9006.984375,16.8,49.4,charge,DCCharging
-2.47174E+18,2021-05-28 21:54:00,2021-05-28 22:34:00,9006.984375,9037.890625,49.4,43.5,trip,0
-2.47174E+18,2021-05-28 22:38:00,2021-05-28 23:32:00,9037.890625,9037.890625,,86.2,charge,DCCharging
-2.47174E+18,2021-05-28 23:32:00,2021-05-28 23:47:00,9037.890625,9046.90625,86.2,84.3,trip,0
-2.47174E+18,2021-05-28 23:47:00,2021-05-29 08:00:00,9046.90625,9046.90625,84.3,94.9,charge,120
-2.47174E+18,2021-05-29 08:00:00,2021-05-29 17:22:00,9046.90625,9425.09375,94.9,20.3,trip,0
-2.47174E+18,2021-05-29 17:22:00,2021-05-29 17:50:00,9425.09375,9425.09375,20.3,23.9,charge,240
-2.47174E+18,2021-05-29 17:50:00,2021-05-29 18:22:00,9425.09375,9449.96875,23.9,20.3,trip,0
-2.47174E+18,2021-05-29 18:53:00,2021-05-29 19:15:00,9449.96875,9465.828125,20.0,17.6,trip,0
-2.47174E+18,2021-05-29 19:16:00,2021-05-29 19:39:00,9465.828125,9465.828125,17.6,17.6,charge,120
-2.47174E+18,2021-05-29 19:39:00,2021-05-29 19:53:00,9465.828125,9477.65625,17.6,16.4,trip,0
-2.47174E+18,2021-05-29 19:53:00,2021-05-29 22:35:00,9477.65625,9477.65625,16.4,33.3,charge,240
-2.47174E+18,2021-05-29 22:35:00,2021-05-29 22:37:00,9477.65625,9477.890625,33.3,33.3,trip,0
-2.47174E+18,2021-05-30 00:35:00,2021-05-30 00:51:00,9477.890625,9490.40625,33.3,30.9,trip,0
-2.47174E+18,2021-05-30 00:51:00,2021-05-30 00:57:00,9490.40625,9490.40625,30.9,30.9,charge,120
-2.47174E+18,2021-05-30 00:57:00,2021-05-30 01:53:00,9490.40625,9523.4375,30.9,24.7,trip,0
-2.47174E+18,2021-05-30 01:54:00,2021-05-30 02:55:00,9523.4375,9523.4375,24.7,77.2,charge,DCCharging
-2.47174E+18,2021-05-30 02:55:00,2021-05-30 03:10:00,9523.4375,9532.46875,77.2,75.2,trip,0
-2.47174E+18,2021-05-30 03:12:00,2021-05-30 08:27:00,9532.46875,9532.46875,75.2,81.5,charge,0
-2.47174E+18,2021-05-30 08:27:00,2021-05-30 11:09:00,9532.46875,9639.34375,81.5,60.7,trip,0
-2.47174E+18,2021-05-30 11:10:00,2021-05-30 14:01:00,9639.34375,9639.34375,60.7,63.9,charge,120
-2.47174E+18,2021-05-30 14:01:00,2021-05-30 17:33:00,9639.34375,9766.671875,63.9,40.7,trip,0
-2.47174E+18,2021-05-30 17:34:00,2021-05-30 17:47:00,9766.671875,9766.671875,40.7,40.7,charge,120
-2.47174E+18,2021-05-30 17:47:00,2021-05-30 19:33:00,9766.671875,9861.796875,40.7,24.3,trip,0
-2.47174E+18,2021-05-30 19:37:00,2021-05-30 20:09:00,9861.796875,9861.796875,,55.6,charge,0
-2.47174E+18,2021-05-30 20:09:00,2021-05-30 20:14:00,9861.796875,9862.953125,55.6,55.6,trip,0
-2.47174E+18,2021-05-30 21:11:00,2021-05-30 21:36:00,9862.953125,9883.421875,55.2,51.3,trip,0
-2.47174E+18,2021-05-30 21:37:00,2021-05-31 15:32:00,9883.421875,9883.421875,51.3,72.5,charge,0
-2.47174E+18,2021-05-31 15:32:00,2021-05-31 16:58:00,9883.421875,9987.890625,72.5,50.9,trip,0
-2.47174E+18,2021-05-31 17:05:00,2021-05-31 17:42:00,9987.890625,10029.54688,50.9,41.9,trip,0
-2.47174E+18,2021-05-31 18:08:00,2021-05-31 18:36:00,10029.54688,10055.34375,41.5,36.0,trip,0
-2.47174E+18,2021-05-31 18:47:00,2021-05-31 19:43:00,10055.34375,10106.98438,36.0,25.8,trip,0
-2.47174E+18,2021-05-31 19:44:00,2021-05-31 20:17:00,10106.98438,10106.98438,25.8,57.6,charge,DCCharging
-2.47174E+18,2021-05-31 20:17:00,2021-05-31 20:19:00,10106.98438,10107.07813,57.6,57.6,trip,0
-2.47174E+18,2021-05-31 20:27:00,2021-05-31 21:04:00,10107.07813,10127.5,57.6,52.9,trip,0
-2.47174E+18,2021-05-31 21:06:00,2021-06-01 00:14:00,10127.5,10127.5,52.9,56.0,charge,120
-2.47174E+18,2021-06-01 00:14:00,2021-06-01 02:20:00,10127.5,10230.65625,56.0,37.2,trip,0
-2.47174E+18,2021-06-01 02:21:00,2021-06-01 03:23:00,10230.65625,10230.65625,37.2,85.8,charge,DCCharging
-2.47174E+18,2021-06-01 03:23:00,2021-06-01 03:37:00,10230.65625,10239.67188,85.8,83.9,trip,0
-2.47174E+18,2021-06-01 03:38:00,2021-06-01 15:15:00,10239.67188,10239.67188,83.9,,charge,120
-2.47174E+18,2021-06-01 15:15:00,2021-06-01 18:12:00,10239.67188,10368.71875,,74.1,trip,0
-2.47174E+18,2021-06-01 18:35:00,2021-06-01 20:58:00,10368.71875,10441.39063,73.3,60.3,trip,0
-2.47174E+18,2021-06-01 21:00:00,2021-06-01 21:15:00,10441.39063,10450.75,60.3,58.4,trip,0
-2.47174E+18,2021-06-01 21:16:00,2021-06-02 14:58:00,10450.75,10450.75,58.4,79.2,charge,120
-2.47174E+18,2021-06-02 14:58:00,2021-06-02 15:26:00,10450.75,10464.5,79.2,77.2,trip,0
-2.47174E+18,2021-06-02 16:11:00,2021-06-02 16:31:00,10464.5,10476.14063,76.8,75.2,trip,0
-2.47174E+18,2021-06-02 16:32:00,2021-06-02 17:29:00,10476.14063,10476.14063,75.2,75.6,charge,0
-2.47174E+18,2021-06-02 17:29:00,2021-06-02 21:25:00,10476.14063,10608.26563,75.6,50.9,trip,0
-2.47174E+18,2021-06-02 21:26:00,2021-06-03 13:25:00,10608.26563,10608.26563,50.9,69.8,charge,120
-2.47174E+18,2021-06-03 13:25:00,2021-06-03 13:39:00,10608.26563,10616.23438,69.8,69.4,trip,0
-2.47174E+18,2021-06-03 13:49:00,2021-06-03 13:56:00,10616.23438,10620.57813,68.6,68.2,trip,0
-2.47174E+18,2021-06-03 14:01:00,2021-06-03 14:13:00,10620.57813,10627.65625,67.8,67.0,trip,0
-2.47174E+18,2021-06-03 15:19:00,2021-06-03 19:20:00,10627.65625,10763.82813,65.4,40.3,trip,0
-2.47174E+18,2021-06-03 19:22:00,2021-06-03 19:53:00,10763.82813,10763.82813,40.3,70.5,charge,0
-2.47174E+18,2021-06-03 19:53:00,2021-06-03 21:32:00,10763.82813,10818.6875,70.5,60.0,trip,0
-2.47174E+18,2021-06-03 21:32:00,2021-06-04 10:15:00,10818.6875,10818.6875,60.0,74.5,charge,120
-2.47174E+18,2021-06-04 10:15:00,2021-06-04 10:51:00,10818.6875,10853.32813,74.5,69.4,trip,0
-2.47174E+18,2021-06-04 10:52:00,2021-06-04 11:02:00,10853.32813,10853.32813,69.4,69.8,charge,240
-2.47174E+18,2021-06-04 11:02:00,2021-06-04 11:37:00,10853.32813,10885.5,69.8,64.3,trip,0
-2.47174E+18,2021-06-04 11:38:00,2021-06-04 14:09:00,10885.5,10885.5,64.3,66.6,charge,120
-2.47174E+18,2021-06-04 14:09:00,2021-06-04 14:16:00,10885.5,10888.1875,66.6,66.6,trip,0
-2.47174E+18,2021-06-04 14:19:00,2021-06-04 14:20:00,10888.1875,10888.5,66.6,66.6,trip,0
-2.47174E+18,2021-06-04 14:31:00,2021-06-04 14:37:00,10888.5,10891.09375,66.2,65.8,trip,0
-2.47174E+18,2021-06-04 14:39:00,2021-06-04 18:36:00,10891.09375,10891.09375,65.8,70.1,charge,0
-2.47174E+18,2021-06-04 18:36:00,2021-06-04 21:12:00,10891.09375,10952.3125,70.1,59.6,trip,0
-2.47174E+18,2021-06-04 21:27:00,2021-06-04 22:26:00,10952.3125,10992.03125,59.2,52.1,trip,0
-2.47174E+18,2021-06-04 22:27:00,2021-06-05 02:55:00,10992.03125,10992.03125,52.1,56.8,charge,120
-2.47174E+18,2021-06-05 02:55:00,2021-06-05 02:57:00,10992.03125,10992.03125,56.8,56.8,trip,0
-2.47174E+18,2021-06-05 02:57:00,2021-06-05 11:39:00,10992.03125,10992.03125,56.8,67.4,charge,120
-2.47174E+18,2021-06-05 11:39:00,2021-06-05 14:15:00,10992.03125,11086.8125,67.4,50.5,trip,0
-2.47174E+18,2021-06-05 14:15:00,2021-06-05 14:27:00,11086.8125,11086.8125,50.5,50.5,charge,120
-2.47174E+18,2021-06-05 14:27:00,2021-06-05 14:33:00,11086.8125,11089.46875,50.5,50.5,trip,0
-2.47174E+18,2021-06-05 14:34:00,2021-06-05 14:37:00,11089.46875,11089.76563,50.5,50.5,trip,0
-2.47174E+18,2021-06-05 14:55:00,2021-06-05 15:03:00,11089.76563,11092.625,50.5,49.8,trip,0
-2.47174E+18,2021-06-05 15:08:00,2021-06-05 15:36:00,11092.625,11092.625,49.8,50.1,charge,0
-2.47174E+18,2021-06-05 15:36:00,2021-06-05 15:50:00,11092.625,11100.15625,50.1,48.6,trip,0
-2.47174E+18,2021-06-05 15:53:00,2021-06-05 16:09:00,11100.15625,11109.8125,48.6,47.4,trip,0
-2.47174E+18,2021-06-05 16:10:00,2021-06-05 18:29:00,11109.8125,11109.8125,47.4,49.4,charge,120
-2.47174E+18,2021-06-05 18:29:00,2021-06-05 18:48:00,11109.8125,11121.20313,49.4,48.2,trip,0
-2.47174E+18,2021-06-05 18:49:00,2021-06-05 21:06:00,11121.20313,11121.20313,48.2,67.4,charge,240
-2.47174E+18,2021-06-05 21:06:00,2021-06-05 23:32:00,11121.20313,11210.01563,67.4,49.8,trip,0
-2.47174E+18,2021-06-05 23:33:00,2021-06-06 16:41:00,11210.01563,11210.01563,49.8,70.1,charge,120
-2.47174E+18,2021-06-06 16:41:00,2021-06-06 17:34:00,11210.01563,11253.875,70.1,60.0,trip,0
-2.47174E+18,2021-06-06 18:29:00,2021-06-06 22:00:00,11253.875,11408.96875,60.0,28.6,trip,0
-2.47174E+18,2021-06-06 22:01:00,2021-06-06 22:32:00,11408.96875,11408.96875,28.6,62.3,charge,DCCharging
-2.47174E+18,2021-06-06 22:32:00,2021-06-06 22:52:00,11408.96875,11429.9375,62.3,58.8,trip,0
-2.47174E+18,2021-06-06 22:52:00,2021-06-06 23:39:00,11429.9375,11429.9375,58.8,61.5,charge,240
-2.47174E+18,2021-06-06 23:39:00,2021-06-07 01:27:00,11429.9375,11534.03125,61.5,37.6,trip,0
-2.47174E+18,2021-06-07 02:55:00,2021-06-07 18:12:00,11534.03125,11534.03125,37.6,,charge,0
-2.47174E+18,2021-06-07 18:12:00,2021-06-07 18:51:00,11534.03125,11559.07813,,49.8,trip,0
-2.47174E+18,2021-06-07 18:54:00,2021-06-07 19:48:00,11559.07813,11603.96875,49.8,41.1,trip,0
-2.47174E+18,2021-06-07 19:58:00,2021-06-07 20:03:00,11603.96875,11604.79688,41.1,41.1,trip,0
-2.47174E+18,2021-06-07 21:41:00,2021-06-07 21:53:00,11604.8125,11612.20313,40.3,38.4,trip,0
-2.47174E+18,2021-06-07 21:57:00,2021-06-07 22:53:00,11612.20313,11661.75,38.4,29.8,trip,0
-2.47174E+18,2021-06-07 22:55:00,2021-06-07 23:26:00,11661.75,11661.75,29.8,65.0,charge,DCCharging
-2.47174E+18,2021-06-07 23:26:00,2021-06-07 23:47:00,11661.75,11686.67188,65.0,59.6,trip,0
-2.47174E+18,2021-06-07 23:52:00,2021-06-08 00:15:00,11686.67188,11697.67188,59.2,56.8,trip,0
-2.47174E+18,2021-06-08 00:51:00,2021-06-08 02:50:00,11697.67188,11782.85938,56.4,38.8,trip,0
-2.47174E+18,2021-06-08 02:50:00,2021-06-08 17:04:00,11782.85938,11782.85938,38.8,56.4,charge,120
-2.47174E+18,2021-06-08 17:04:00,2021-06-08 17:25:00,11782.85938,11793.82813,56.4,54.9,trip,0
-2.47174E+18,2021-06-08 17:25:00,2021-06-08 17:38:00,11793.82813,11793.82813,54.9,55.6,charge,240
-2.47174E+18,2021-06-08 17:38:00,2021-06-08 17:45:00,11793.82813,11799.10938,55.6,55.2,trip,0
-2.47174E+18,2021-06-08 17:54:00,2021-06-08 18:35:00,11799.10938,11821.70313,54.9,51.3,trip,0
-2.47174E+18,2021-06-08 18:44:00,2021-06-08 18:53:00,11821.70313,11825.15625,50.5,50.5,trip,0
-2.47174E+18,2021-06-08 18:54:00,2021-06-08 18:56:00,11825.15625,11825.65625,50.5,49.8,trip,0
-2.47174E+18,2021-06-08 18:56:00,2021-06-08 19:08:00,11825.65625,11825.65625,49.8,51.7,charge,240
-2.47174E+18,2021-06-08 19:08:00,2021-06-08 21:44:00,11825.65625,11925.70313,51.7,31.3,trip,0
-2.47174E+18,2021-06-08 21:45:00,2021-06-08 21:59:00,11925.70313,11933.76563,31.3,30.5,trip,0
-2.47174E+18,2021-06-08 22:00:00,2021-06-08 23:55:00,11933.76563,11933.76563,30.5,32.5,charge,120
-2.47174E+18,2021-06-08 23:55:00,2021-06-09 00:11:00,11933.76563,11943.20313,32.5,31.3,trip,0
-2.47174E+18,2021-06-09 00:12:00,2021-06-09 01:13:00,11943.20313,11943.20313,31.3,82.3,charge,DCCharging
-2.47174E+18,2021-06-09 01:13:00,2021-06-09 01:46:00,11943.20313,11963.25,82.3,78.4,trip,0
-2.47174E+18,2021-06-09 01:46:00,2021-06-09 12:45:00,11963.25,11963.25,78.4,91.3,charge,120
-2.47174E+18,2021-06-09 12:45:00,2021-06-09 16:41:00,11963.25,12141.46875,91.3,56.0,trip,0
-2.47174E+18,2021-06-09 16:42:00,2021-06-09 17:47:00,12141.46875,12141.46875,56.0,56.8,charge,120
-2.47174E+18,2021-06-09 17:47:00,2021-06-09 20:54:00,12141.46875,12244.53125,56.8,39.2,trip,0
-2.47174E+18,2021-06-09 20:55:00,2021-06-09 21:54:00,12244.53125,12244.53125,39.2,39.6,charge,120
-2.47174E+18,2021-06-09 21:54:00,2021-06-09 22:47:00,12244.53125,12278.67188,39.6,34.1,trip,0
-2.47174E+18,2021-06-09 22:48:00,2021-06-09 23:18:00,12278.67188,12278.67188,34.1,66.6,charge,DCCharging
-2.47174E+18,2021-06-09 23:18:00,2021-06-10 01:16:00,12278.67188,12357.54688,66.6,50.1,trip,0
-2.47174E+18,2021-06-10 01:17:00,2021-06-10 01:37:00,12357.54688,12357.54688,50.1,50.1,charge,120
-2.47174E+18,2021-06-10 01:37:00,2021-06-10 01:58:00,12357.54688,12369.95313,50.1,47.0,trip,0
-2.47174E+18,2021-06-10 01:59:00,2021-06-10 02:56:00,12369.95313,12369.95313,47.0,87.8,charge,DCCharging
-8.99632E+18,2021-03-04 11:41:00,2021-03-04 12:57:00,11948.375,12040.60938,100.0,80.0,trip,0
-8.99632E+18,2021-03-04 14:07:00,2021-03-04 14:31:00,12040.60938,12049.8125,79.6,78.0,trip,0
-8.99632E+18,2021-03-04 16:29:00,2021-03-04 16:45:00,12049.8125,12052.78125,77.6,77.2,trip,0
-8.99632E+18,2021-03-04 16:45:00,2021-03-04 22:06:00,12052.78125,12055.875,77.2,75.6,trip,0
-8.99632E+18,2021-03-04 22:06:00,2021-03-04 23:16:00,12055.875,12142.45313,75.6,53.3,trip,0
-8.99632E+18,2021-03-04 23:18:00,2021-03-05 17:52:00,12142.45313,12142.45313,53.3,100.0,charge,240
-8.99632E+18,2021-03-05 17:52:00,2021-03-05 17:56:00,12142.45313,12143.64063,100.0,100.0,trip,0
-8.99632E+18,2021-03-05 18:01:00,2021-03-05 19:22:00,12143.64063,12229.60938,100.0,81.5,trip,0
-8.99632E+18,2021-03-05 20:37:00,2021-03-05 20:58:00,12229.60938,12244.82813,81.5,78.0,trip,0
-8.99632E+18,2021-03-05 22:46:00,2021-03-05 22:46:00,12244.82813,12244.82813,77.6,77.6,trip,0
-8.99632E+18,2021-03-05 23:59:00,2021-03-06 08:38:00,12244.82813,12244.82813,,100.0,charge,240
-8.99632E+18,2021-03-06 08:38:00,2021-03-06 12:03:00,12244.82813,12341.8125,100.0,100.0,trip,0
-8.99632E+18,2021-03-06 12:03:00,2021-03-06 12:51:00,12341.8125,12384.6875,100.0,88.6,trip,0
-8.99632E+18,2021-03-06 17:32:00,2021-03-06 18:03:00,12384.6875,12414.70313,88.2,82.3,trip,0
-8.99632E+18,2021-03-06 18:03:00,2021-03-06 19:23:00,12414.70313,12417.09375,82.3,81.1,trip,0
-8.99632E+18,2021-03-06 19:23:00,2021-03-06 19:29:00,12417.09375,12419.78125,81.1,80.7,trip,0
-8.99632E+18,2021-03-06 19:29:00,2021-03-06 19:32:00,12419.78125,12505.25,80.7,80.3,trip,0
-8.99632E+18,2021-03-06 19:32:00,2021-03-07 14:11:00,12505.25,12505.25,80.3,78.4,charge,240
-8.99632E+18,2021-03-07 14:11:00,2021-03-07 15:34:00,12505.25,12598.125,78.4,54.1,trip,0
-8.99632E+18,2021-03-07 15:35:00,2021-03-07 21:58:00,12598.125,12598.125,54.1,88.2,charge,0
-8.99632E+18,2021-03-07 21:58:00,2021-03-07 22:35:00,12598.125,12655.64063,88.2,74.5,trip,0
-8.99632E+18,2021-03-08 00:33:00,2021-03-08 01:07:00,12655.64063,12712.5,74.5,57.6,trip,0
-8.99632E+18,2021-03-08 01:08:00,2021-03-08 20:30:00,12712.5,12712.51563,57.6,100.0,charge,240
-8.99632E+18,2021-03-08 20:30:00,2021-03-08 20:44:00,12712.51563,12721.01563,100.0,99.6,trip,0
-8.99632E+18,2021-03-08 23:08:00,2021-03-08 23:23:00,12721.01563,12730.54688,99.2,96.4,trip,0
-8.99632E+18,2021-03-08 23:23:00,2021-03-09 13:11:00,12730.54688,12809.23438,96.4,78.0,trip,0
-8.99632E+18,2021-03-09 13:11:00,2021-03-09 13:41:00,12809.23438,12828.60938,78.0,73.7,trip,0
-8.99632E+18,2021-03-09 13:41:00,2021-03-09 16:10:00,12828.60938,12837.78125,73.7,72.1,trip,0
-8.99632E+18,2021-03-09 16:10:00,2021-03-09 17:35:00,12837.78125,12922.64063,72.1,50.9,trip,0
-8.99632E+18,2021-03-09 22:22:00,2021-03-10 15:59:00,12922.64063,12922.64063,50.9,100.0,charge,240
-8.99632E+18,2021-03-10 15:59:00,2021-03-10 16:09:00,12922.64063,12924.64063,100.0,99.6,trip,0
-8.99632E+18,2021-03-10 16:13:00,2021-03-10 17:28:00,12924.64063,13024.59375,99.6,75.2,trip,0
-8.99632E+18,2021-03-10 18:16:00,2021-03-10 19:20:00,13024.59375,13047.07813,75.2,71.7,trip,0
-8.99632E+18,2021-03-10 19:20:00,2021-03-10 22:30:00,13047.07813,13082.90625,71.7,64.3,trip,0
-8.99632E+18,2021-03-10 22:30:00,2021-03-10 22:31:00,13082.90625,13082.98438,64.3,64.3,trip,0
-8.99632E+18,2021-03-10 22:39:00,2021-03-10 23:31:00,13082.98438,13254.39063,63.9,32.1,trip,0
-8.99632E+18,2021-03-10 23:31:00,2021-03-11 22:12:00,13254.39063,13254.39063,32.1,80.3,charge,240
-8.99632E+18,2021-03-11 22:12:00,2021-03-11 23:10:00,13254.39063,13340.32813,80.3,53.7,trip,0
-8.99632E+18,2021-03-11 23:10:00,2021-03-12 13:32:00,13340.32813,13340.32813,53.7,100.0,charge,240
-8.99632E+18,2021-03-12 13:32:00,2021-03-12 14:28:00,13340.32813,13425.0,100.0,79.6,trip,0
-8.99632E+18,2021-03-12 14:37:00,2021-03-12 15:00:00,13425.0,13433.84375,79.2,78.4,trip,0
-8.99632E+18,2021-03-12 15:00:00,2021-03-12 15:04:00,13433.84375,13434.0625,78.4,78.4,trip,0
-8.99632E+18,2021-03-12 15:04:00,2021-03-12 17:28:00,13434.0625,13442.98438,78.4,76.0,trip,0
-8.99632E+18,2021-03-12 17:28:00,2021-03-12 17:43:00,13442.98438,13446.98438,76.0,75.6,trip,0
-8.99632E+18,2021-03-12 22:20:00,2021-03-13 06:38:00,13446.98438,13446.98438,,100.0,charge,240
-8.99632E+18,2021-03-13 06:38:00,2021-03-13 12:26:00,13446.98438,13532.29688,100.0,100.0,trip,0
-8.99632E+18,2021-03-13 12:26:00,2021-03-13 13:54:00,13532.29688,13586.17188,100.0,83.9,trip,0
-8.99632E+18,2021-03-13 14:02:00,2021-03-13 14:57:00,13586.17188,13659.5625,83.5,71.3,trip,0
-8.99632E+18,2021-03-13 16:20:00,2021-03-13 18:10:00,13659.5625,13782.09375,71.3,34.5,trip,0
-8.99632E+18,2021-03-13 18:11:00,2021-03-14 12:12:00,13782.09375,13782.09375,34.5,100.0,charge,240
-8.99632E+18,2021-03-14 12:12:00,2021-03-14 13:01:00,13782.09375,13867.5625,100.0,79.2,trip,0
-8.99632E+18,2021-03-14 15:19:00,2021-03-15 15:58:00,13867.5625,14039.28125,78.8,54.5,trip,0
-8.99632E+18,2021-03-15 15:58:00,2021-03-16 16:12:00,14039.28125,14039.28125,54.5,81.5,charge,240
-8.99632E+18,2021-03-16 16:12:00,2021-03-16 18:06:00,14039.28125,14131.84375,81.5,57.2,trip,0
-8.99632E+18,2021-03-16 22:48:00,2021-03-17 18:18:00,14131.84375,14131.84375,57.6,100.0,charge,240
-8.99632E+18,2021-03-17 18:18:00,2021-03-17 19:20:00,14131.84375,14217.35938,100.0,81.9,trip,0
-8.99632E+18,2021-03-17 20:34:00,2021-03-17 22:12:00,14217.35938,14301.03125,81.5,62.3,trip,0
-8.99632E+18,2021-03-17 22:13:00,2021-03-18 05:14:00,14301.03125,14301.03125,62.3,100.0,charge,240
-8.99632E+18,2021-03-18 05:14:00,2021-03-18 21:13:00,14301.03125,14389.60938,100.0,81.9,trip,0
-8.99632E+18,2021-03-18 21:13:00,2021-03-18 21:25:00,14389.60938,14393.3125,81.9,80.7,trip,0
-8.99632E+18,2021-03-18 21:25:00,2021-03-18 23:00:00,14393.3125,14484.89063,80.7,57.2,trip,0
-8.99632E+18,2021-03-18 23:00:00,2021-03-19 14:54:00,14484.89063,14484.89063,57.2,100.0,charge,240
-8.99632E+18,2021-03-19 14:54:00,2021-03-19 14:59:00,14484.89063,14486.5,100.0,100.0,trip,0
-8.99632E+18,2021-03-19 15:02:00,2021-03-19 17:40:00,14486.51563,14654.67188,100.0,48.2,trip,0
-8.99632E+18,2021-03-19 17:44:00,2021-03-19 18:18:00,14654.67188,14718.48438,49.0,36.0,trip,0
-8.99632E+18,2021-03-19 18:20:00,2021-03-19 19:14:00,14718.48438,14718.48438,36.0,85.4,charge,DCCharging
-8.99632E+18,2021-03-19 19:14:00,2021-03-19 21:00:00,14718.48438,14921.125,85.4,8.2,trip,0
-8.99632E+18,2021-03-19 21:02:00,2021-03-19 22:43:00,14921.125,14921.125,,98.4,charge,0
-8.99632E+18,2021-03-19 22:43:00,2021-03-20 00:54:00,14921.125,15163.375,98.4,11.7,trip,0
-8.99632E+18,2021-03-20 00:58:00,2021-03-20 00:58:00,15163.375,15163.375,11.7,11.7,trip,0
-8.99632E+18,2021-03-21 13:15:00,2021-03-21 13:21:00,15163.375,15165.34375,13.3,13.3,trip,0
-8.99632E+18,2021-03-21 13:22:00,2021-03-21 13:35:00,15165.34375,15165.34375,13.3,15.2,charge,0
-8.99632E+18,2021-03-21 13:35:00,2021-03-21 13:36:00,15165.34375,15165.35938,15.2,15.2,trip,0
-8.99632E+18,2021-03-21 13:38:00,2021-03-21 16:51:00,15165.35938,15165.35938,15.2,100.0,charge,0
-8.99632E+18,2021-03-21 16:51:00,2021-03-21 17:43:00,15165.35938,15241.98438,100.0,79.2,trip,0
-8.99632E+18,2021-03-21 17:45:00,2021-03-21 18:04:00,15241.98438,15241.98438,79.2,88.6,charge,DCCharging
-8.99632E+18,2021-03-21 18:04:00,2021-03-21 19:24:00,15241.98438,15406.34375,88.6,36.0,trip,0
-8.99632E+18,2021-03-21 19:26:00,2021-03-21 20:31:00,15406.34375,15406.34375,36.0,90.9,charge,DCCharging
-8.99632E+18,2021-03-21 20:31:00,2021-03-21 21:20:00,15406.34375,15499.84375,90.9,60.7,trip,0
-8.99632E+18,2021-03-21 21:20:00,2021-03-21 21:46:00,15499.84375,15499.84375,60.7,63.9,charge,240
-8.99632E+18,2021-03-21 21:46:00,2021-03-21 23:23:00,15499.84375,15676.39063,63.9,10.5,trip,0
-8.99632E+18,2021-03-21 23:35:00,2021-03-21 23:36:00,15676.40625,15676.8125,10.1,10.5,trip,0
-8.99632E+18,2021-03-21 23:36:00,2021-03-22 00:37:00,15676.8125,15676.8125,10.5,74.1,charge,DCCharging
-8.99632E+18,2021-03-22 00:37:00,2021-03-22 02:27:00,15676.8125,15881.70313,74.1,9.4,trip,0
-8.99632E+18,2021-03-22 02:27:00,2021-03-23 13:31:00,15881.70313,15881.70313,9.4,100.0,charge,240
-8.99632E+18,2021-03-23 13:31:00,2021-03-23 15:14:00,15881.70313,15980.39063,100.0,77.6,trip,0
-8.99632E+18,2021-03-23 16:19:00,2021-03-23 17:39:00,15980.39063,16071.07813,77.2,56.8,trip,0
-8.99632E+18,2021-03-23 17:39:00,2021-03-24 14:21:00,16071.07813,16073.95313,56.8,55.2,trip,0
-8.99632E+18,2021-03-24 14:21:00,2021-03-24 14:34:00,16073.95313,16080.71875,55.2,54.5,trip,0
-8.99632E+18,2021-03-24 14:34:00,2021-03-24 14:38:00,16080.71875,16082.05134,54.5,54.1,trip,0
-8.99632E+18,2021-03-24 14:38:00,2021-03-24 16:26:00,16082.05134,16082.05134,54.1,69.4,charge,240
-8.99632E+18,2021-03-24 16:26:00,2021-03-24 16:39:00,16082.05134,16087.0,69.4,67.4,trip,0
-8.99632E+18,2021-03-24 16:39:00,2021-03-24 18:21:00,16087.0,16087.0,67.4,76.4,charge,240
-8.99632E+18,2021-03-24 18:21:00,2021-03-24 19:28:00,16087.0,16173.40625,76.4,57.2,trip,0
-8.99632E+18,2021-03-24 20:36:00,2021-03-24 21:25:00,16173.40625,16200.29688,56.8,50.9,trip,0
-8.99632E+18,2021-03-24 22:58:00,2021-03-24 23:37:00,16200.29688,16260.78125,50.1,31.7,trip,0
-8.99632E+18,2021-03-24 23:37:00,2021-03-25 18:03:00,16260.78125,16260.78125,31.7,100.0,charge,240
-8.99632E+18,2021-03-25 18:03:00,2021-03-25 19:12:00,16260.78125,16347.01563,100.0,81.1,trip,0
-8.99632E+18,2021-03-25 19:25:00,2021-03-25 19:51:00,16347.03125,16354.53125,81.1,80.3,trip,0
-8.99632E+18,2021-03-25 21:05:00,2021-03-25 22:38:00,16354.53125,16441.34375,80.3,60.7,trip,0
-8.99632E+18,2021-03-25 22:39:00,2021-03-26 00:24:00,16441.34375,16441.34375,60.7,69.4,charge,240
-8.99632E+18,2021-03-26 00:24:00,2021-03-26 00:29:00,16441.34375,16443.01563,69.4,68.6,trip,0
-8.99632E+18,2021-03-26 00:43:00,2021-03-26 00:47:00,16443.01563,16444.75,68.6,68.6,trip,0
-8.99632E+18,2021-03-26 00:48:00,2021-03-28 12:04:00,16444.75,16444.75,,100.0,charge,240
-8.99632E+18,2021-03-28 12:04:00,2021-03-28 12:57:00,16444.75,16530.1875,100.0,80.3,trip,0
-8.99632E+18,2021-03-28 15:22:00,2021-03-28 16:41:00,16530.1875,16615.40625,80.0,59.6,trip,0
-8.99632E+18,2021-03-29 15:16:00,2021-03-29 15:38:00,16615.40625,16630.23438,59.6,55.6,trip,0
-8.99632E+18,2021-03-29 15:49:00,2021-03-29 16:04:00,16630.23438,16645.625,55.2,51.3,trip,0
-8.99632E+18,2021-03-29 16:04:00,2021-03-30 17:47:00,16645.625,16652.125,51.3,50.1,trip,0
-8.99632E+18,2021-03-30 17:47:00,2021-03-31 00:10:00,16652.125,16652.125,50.1,66.2,charge,240
-8.99632E+18,2021-03-31 00:10:00,2021-03-31 00:21:00,16652.125,16658.625,66.2,65.4,trip,0
-8.99632E+18,2021-03-31 00:21:00,2021-03-31 00:25:00,16658.625,16673.48438,65.4,64.7,trip,0
-8.99632E+18,2021-03-31 00:25:00,2021-03-31 13:28:00,16673.48438,16673.48438,64.7,95.6,charge,240
-8.99632E+18,2021-03-31 13:28:00,2021-03-31 13:28:00,16673.48438,16673.48438,95.6,95.6,trip,0
-8.99632E+18,2021-03-31 13:31:00,2021-03-31 13:31:00,16673.5,16673.51563,95.2,95.2,trip,0
-8.99632E+18,2021-03-31 13:37:00,2021-03-31 13:38:00,16673.51563,16673.6875,95.2,95.2,trip,0
-8.99632E+18,2021-03-31 13:38:00,2021-03-31 14:24:00,16673.6875,16673.79688,95.2,95.2,trip,0
-8.99632E+18,2021-03-31 14:24:00,2021-03-31 14:25:00,16673.79688,16673.90625,95.2,95.2,trip,0
-8.99632E+18,2021-03-31 14:26:00,2021-03-31 14:27:00,16673.90625,16673.90625,95.2,95.2,charge,0
-8.99632E+18,2021-03-31 14:27:00,2021-03-31 14:28:00,16673.90625,16674.10938,95.2,95.2,trip,0
-8.99632E+18,2021-03-31 14:28:00,2021-03-31 15:54:00,16674.10938,16674.20313,95.2,94.9,trip,0
-8.99632E+18,2021-03-31 15:54:00,2021-03-31 16:08:00,16674.20313,16689.8125,94.9,90.1,trip,0
-8.99632E+18,2021-03-31 16:08:00,2021-03-31 17:46:00,16689.8125,16689.84375,90.1,89.8,trip,0
-8.99632E+18,2021-03-31 17:46:00,2021-03-31 19:04:00,16689.84375,16779.6875,89.8,72.9,trip,0
-8.99632E+18,2021-03-31 20:06:00,2021-03-31 20:27:00,16779.6875,16785.15625,72.1,71.3,trip,0
-8.99632E+18,2021-03-31 21:47:00,2021-03-31 22:05:00,16785.15625,16790.8125,71.3,70.1,trip,0
-8.99632E+18,2021-03-31 22:08:00,2021-03-31 23:34:00,16790.8125,16881.03125,69.8,44.3,trip,0
-8.99632E+18,2021-03-31 23:35:00,2021-04-01 10:32:00,16881.03125,16881.03125,44.3,100.0,charge,240
-8.99632E+18,2021-04-01 10:32:00,2021-04-01 12:01:00,16881.03125,16967.8125,100.0,82.3,trip,0
-8.99632E+18,2021-04-01 12:01:00,2021-04-01 13:25:00,16967.8125,16975.625,82.3,80.0,trip,0
-8.99632E+18,2021-04-01 13:25:00,2021-04-01 14:44:00,16975.625,17066.9375,80.0,59.2,trip,0
-8.99632E+18,2021-04-01 14:45:00,2021-04-01 18:37:00,17066.9375,17066.9375,59.2,79.6,charge,240
-8.99632E+18,2021-04-01 18:37:00,2021-04-01 18:37:00,17066.9375,17066.9375,79.6,79.6,trip,0
-8.99632E+18,2021-04-01 18:37:00,2021-04-01 18:38:00,17066.9375,17066.9375,79.6,79.6,charge,0
-8.99632E+18,2021-04-01 18:38:00,2021-04-01 19:48:00,17066.9375,17152.48438,79.6,63.5,trip,0
-8.99632E+18,2021-04-01 22:28:00,2021-04-01 23:36:00,17152.48438,17241.0625,63.9,41.9,trip,0
-8.99632E+18,2021-04-01 23:40:00,2021-04-02 14:07:00,17241.0625,17241.0625,41.9,100.0,charge,240
-8.99632E+18,2021-04-02 14:07:00,2021-04-02 14:26:00,17241.0625,17259.32813,100.0,96.0,trip,0
-8.99632E+18,2021-04-02 15:51:00,2021-04-02 17:37:00,17259.32813,17342.0625,95.6,77.6,trip,0
-8.99632E+18,2021-04-02 17:37:00,2021-04-02 18:55:00,17342.0625,17342.14063,77.6,77.2,trip,0
-8.99632E+18,2021-04-02 18:55:00,2021-04-02 19:36:00,17342.14063,17357.57813,77.2,74.9,trip,0
-8.99632E+18,2021-04-02 21:46:00,2021-04-02 22:51:00,17357.59375,17443.26563,74.5,51.3,trip,0
-8.99632E+18,2021-04-02 23:34:00,2021-04-03 08:36:00,17443.26563,17443.26563,51.3,100.0,charge,240
-8.99632E+18,2021-04-03 08:36:00,2021-04-03 16:03:00,17443.26563,17564.82813,100.0,71.7,trip,0
-8.99632E+18,2021-04-03 16:03:00,2021-04-03 16:09:00,17564.82813,17566.54688,71.7,71.3,trip,0
-8.99632E+18,2021-04-05 13:26:00,2021-04-05 13:32:00,17566.54688,17568.60938,70.5,70.5,trip,0
-8.99632E+18,2021-04-05 13:40:00,2021-04-05 13:48:00,17568.60938,17572.51563,70.1,69.4,trip,0
-8.99632E+18,2021-04-05 13:48:00,2021-04-05 17:44:00,17572.51563,17578.92188,69.4,67.8,trip,0
-8.99632E+18,2021-04-05 17:44:00,2021-04-05 19:09:00,17578.92188,17694.46875,67.8,30.5,trip,0
-8.99632E+18,2021-04-05 19:10:00,2021-04-05 22:58:00,17694.46875,17694.46875,30.5,50.9,charge,240
-8.99632E+18,2021-04-05 22:58:00,2021-04-05 23:05:00,17694.46875,17697.17188,50.9,50.9,trip,0
-8.99632E+18,2021-04-05 23:24:00,2021-04-05 23:30:00,17697.17188,17699.84375,50.9,50.5,trip,0
-8.99632E+18,2021-04-05 23:30:00,2021-04-07 15:17:00,17699.84375,17699.85938,50.5,100.0,charge,240
-8.99632E+18,2021-04-07 15:17:00,2021-04-07 15:24:00,17699.85938,17706.25,100.0,99.2,trip,0
-8.99632E+18,2021-04-07 16:20:00,2021-04-07 16:29:00,17706.25,17713.23438,98.4,96.0,trip,0
-8.99632E+18,2021-04-07 16:56:00,2021-04-07 18:08:00,17713.25,17803.125,95.2,75.2,trip,0
-8.99632E+18,2021-04-07 19:04:00,2021-04-07 19:25:00,17803.125,17809.0625,74.9,74.1,trip,0
-8.99632E+18,2021-04-07 20:45:00,2021-04-07 20:58:00,17809.0625,17813.51563,73.7,72.9,trip,0
-8.99632E+18,2021-04-07 21:04:00,2021-04-07 22:26:00,17813.51563,17895.4375,72.1,49.8,trip,0
-8.99632E+18,2021-04-07 22:57:00,2021-04-07 23:07:00,17895.4375,17902.92188,49.4,48.2,trip,0
-8.99632E+18,2021-04-07 23:08:00,2021-04-08 08:52:00,17902.92188,17902.92188,48.2,100.0,charge,240
-8.99632E+18,2021-04-08 08:52:00,2021-04-08 13:31:00,17902.92188,17994.53125,100.0,81.1,trip,0
-8.99632E+18,2021-04-08 13:31:00,2021-04-08 13:51:00,17994.53125,18000.26563,81.1,80.7,trip,0
-8.99632E+18,2021-04-08 13:51:00,2021-04-08 14:38:00,18000.26563,18005.70313,80.7,79.2,trip,0
-8.99632E+18,2021-04-08 14:38:00,2021-04-08 14:48:00,18005.70313,18007.625,79.2,78.4,trip,0
-8.99632E+18,2021-04-08 17:21:00,2021-04-08 17:28:00,18007.625,18010.9375,78.4,77.2,trip,0
-8.99632E+18,2021-04-08 17:56:00,2021-04-08 18:04:00,18010.9375,18012.34375,77.2,76.8,trip,0
-8.99632E+18,2021-04-08 18:04:00,2021-04-08 22:02:00,18012.34375,18014.64063,76.8,74.9,trip,0
-8.99632E+18,2021-04-08 22:02:00,2021-04-08 22:04:00,18014.64063,18015.39063,74.9,74.9,trip,0
-8.99632E+18,2021-04-08 22:09:00,2021-04-08 23:16:00,18015.39063,18100.57813,74.9,51.7,trip,0
-8.99632E+18,2021-04-08 23:20:00,2021-04-09 17:14:00,18100.57813,18100.57813,52.1,100.0,charge,240
-8.99632E+18,2021-04-09 17:14:00,2021-04-09 18:44:00,18100.57813,18189.89063,100.0,81.9,trip,0
-8.99632E+18,2021-04-09 19:41:00,2021-04-09 20:02:00,18189.89063,18195.46875,81.5,80.7,trip,0
-8.99632E+18,2021-04-09 21:21:00,2021-04-09 21:28:00,18195.46875,18197.625,80.3,80.3,trip,0
-8.99632E+18,2021-04-09 21:55:00,2021-04-09 21:58:00,18197.625,18198.625,80.0,80.0,trip,0
-8.99632E+18,2021-04-09 22:31:00,2021-04-09 23:27:00,18198.625,18281.17188,79.6,58.8,trip,0
-8.99632E+18,2021-04-10 11:48:00,2021-04-10 13:05:00,18281.17188,18281.17188,58.8,65.4,charge,240
-8.99632E+18,2021-04-10 13:05:00,2021-04-10 13:11:00,18281.17188,18286.5,65.4,64.3,trip,0
-8.99632E+18,2021-04-10 13:11:00,2021-04-10 14:44:00,18286.5,18288.14063,64.3,64.7,trip,0
-8.99632E+18,2021-04-10 14:44:00,2021-04-10 14:57:00,18288.14063,18295.01563,64.7,62.7,trip,0
-8.99632E+18,2021-04-10 14:57:00,2021-04-10 16:27:00,18295.01563,18295.01563,62.7,70.1,charge,240
-8.99632E+18,2021-04-10 16:27:00,2021-04-10 16:27:00,18295.01563,18295.04688,70.1,70.1,trip,0
-8.99632E+18,2021-04-10 16:29:00,2021-04-10 16:37:00,18295.0625,18297.84375,70.1,68.6,trip,0
-8.99632E+18,2021-04-10 16:38:00,2021-04-10 18:22:00,18297.84375,18297.84375,68.6,80.3,charge,240
-8.99632E+18,2021-04-10 18:22:00,2021-04-10 18:26:00,18297.84375,18300.70313,80.3,80.3,trip,0
-8.99632E+18,2021-04-10 18:26:00,2021-04-10 19:50:00,18300.70313,18393.96875,80.3,60.7,trip,0
-8.99632E+18,2021-04-10 19:51:00,2021-04-10 20:50:00,18393.96875,18393.98438,60.7,97.6,charge,DCCharging
-8.99632E+18,2021-04-10 20:50:00,2021-04-10 21:29:00,18393.98438,18407.17188,97.6,95.2,trip,0
-8.99632E+18,2021-04-10 21:30:00,2021-04-10 21:51:00,18407.17188,18414.5,95.2,93.7,trip,0
-8.99632E+18,2021-04-10 22:26:00,2021-04-10 22:43:00,18414.5,18419.96875,93.3,92.1,trip,0
-8.99632E+18,2021-04-11 00:15:00,2021-04-11 00:16:00,18419.96875,18420.10938,90.5,90.5,trip,0
-8.99632E+18,2021-04-11 00:16:00,2021-04-11 15:17:00,18420.10938,18429.75,90.5,89.0,trip,0
-8.99632E+18,2021-04-11 15:17:00,2021-04-11 15:39:00,18429.75,18435.3125,89.0,87.8,trip,0
-8.99632E+18,2021-04-11 15:39:00,2021-04-11 18:31:00,18435.3125,18440.76563,87.8,86.2,trip,0
-8.99632E+18,2021-04-11 18:31:00,2021-04-11 20:27:00,18440.76563,18546.6875,86.2,57.6,trip,0
-8.99632E+18,2021-04-11 21:15:00,2021-04-11 21:17:00,18546.6875,18547.54688,57.2,57.2,trip,0
-8.99632E+18,2021-04-12 13:09:00,2021-04-12 14:29:00,18547.54688,18547.54688,56.4,56.4,trip,0
-8.99632E+18,2021-04-12 15:01:00,2021-04-12 16:06:00,18547.54688,18643.46875,56.0,32.9,trip,0
-8.99632E+18,2021-04-12 16:19:00,2021-04-12 16:40:00,18643.46875,18653.9375,32.9,30.9,trip,0
-8.99632E+18,2021-04-12 16:40:00,2021-04-12 17:55:00,18653.9375,18653.9375,30.9,39.2,charge,240
-8.99632E+18,2021-04-12 17:55:00,2021-04-12 18:13:00,18653.9375,18661.0,39.2,38.4,trip,0
-8.99632E+18,2021-04-12 18:25:00,2021-04-12 18:48:00,18661.0,18662.10938,38.4,38.0,trip,0
-8.99632E+18,2021-04-12 18:48:00,2021-04-12 19:25:00,18662.10938,18664.90625,38.0,37.2,trip,0
-8.99632E+18,2021-04-12 19:25:00,2021-04-12 19:42:00,18664.90625,18664.90625,37.2,37.2,trip,0
-8.99632E+18,2021-04-12 19:43:00,2021-04-12 19:51:00,18664.90625,18667.42188,37.2,36.4,trip,0
-8.99632E+18,2021-04-12 19:57:00,2021-04-12 20:15:00,18667.42188,18672.8125,36.0,35.2,trip,0
-8.99632E+18,2021-04-12 20:15:00,2021-04-12 20:43:00,18672.8125,18672.8125,35.2,35.2,charge,DCCharging
-8.99632E+18,2021-04-12 20:43:00,2021-04-12 20:45:00,18672.8125,18673.5,35.2,35.2,trip,0
-8.99632E+18,2021-04-12 20:46:00,2021-04-12 22:31:00,18673.5,18673.5,35.2,87.4,charge,DCCharging
-8.99632E+18,2021-04-12 22:31:00,2021-04-12 23:33:00,18673.5,18772.25,87.4,61.9,trip,0
-8.99632E+18,2021-04-13 12:37:00,2021-04-13 12:53:00,18772.25,18787.79688,63.1,59.6,trip,0
-8.99632E+18,2021-04-13 14:15:00,2021-04-13 14:16:00,18787.79688,18787.90625,58.4,58.4,trip,0
-8.99632E+18,2021-04-13 14:26:00,2021-04-13 14:41:00,18787.90625,18802.39063,58.0,54.9,trip,0
-8.99632E+18,2021-04-13 19:19:00,2021-04-13 19:21:00,18802.39063,18803.28125,54.5,54.5,trip,0
-8.99632E+18,2021-04-13 19:30:00,2021-04-13 19:34:00,18803.28125,18804.14063,54.1,54.1,trip,0
-8.99632E+18,2021-04-13 19:54:00,2021-04-13 20:15:00,18804.14063,18819.64063,54.1,50.1,trip,0
-8.99632E+18,2021-04-13 21:41:00,2021-04-13 21:53:00,18819.64063,18824.75,49.4,48.6,trip,0
-8.99632E+18,2021-04-13 21:53:00,2021-04-13 23:25:00,18824.75,18824.75,48.6,96.4,charge,DCCharging
-8.99632E+18,2021-04-13 23:25:00,2021-04-13 23:41:00,18824.75,18837.60938,96.4,93.7,trip,0
-8.99632E+18,2021-04-13 23:41:00,2021-04-14 13:02:00,18837.60938,18853.1875,93.7,89.8,trip,0
-8.99632E+18,2021-04-14 13:02:00,2021-04-14 13:02:00,18853.1875,18853.28125,89.8,89.8,trip,0
-8.99632E+18,2021-04-14 13:08:00,2021-04-14 13:16:00,18853.28125,18858.79688,89.8,88.2,trip,0
-8.99632E+18,2021-04-14 13:39:00,2021-04-14 13:46:00,18858.79688,18863.46875,88.2,87.4,trip,0
-8.99632E+18,2021-04-14 13:49:00,2021-04-14 14:13:00,18863.46875,18863.46875,87.4,95.6,charge,DCCharging
-8.99632E+18,2021-04-14 14:13:00,2021-04-14 15:16:00,18863.46875,18948.75,95.6,77.6,trip,0
-8.99632E+18,2021-04-14 15:39:00,2021-04-14 15:46:00,18948.75,18951.375,77.2,76.8,trip,0
-8.99632E+18,2021-04-14 15:51:00,2021-04-14 15:52:00,18951.375,18951.5625,76.4,76.4,trip,0
-8.99632E+18,2021-04-14 15:52:00,2021-04-14 17:30:00,18951.5625,18957.04688,76.4,74.1,trip,0
-8.99632E+18,2021-04-14 17:30:00,2021-04-14 17:39:00,18957.04688,18958.60938,74.1,74.1,trip,0
-8.99632E+18,2021-04-14 17:39:00,2021-04-14 20:42:00,18958.60938,18964.10938,74.1,72.9,trip,0
-8.99632E+18,2021-04-14 20:42:00,2021-04-14 21:48:00,18964.10938,19013.8125,72.9,62.3,trip,0
-8.99632E+18,2021-04-14 22:11:00,2021-04-14 22:34:00,19013.8125,19034.26563,61.9,56.0,trip,0
-8.99632E+18,2021-04-15 09:10:00,2021-04-15 09:13:00,19034.26563,19035.78125,54.5,54.1,trip,0
-8.99632E+18,2021-04-15 09:17:00,2021-04-15 09:29:00,19035.78125,19054.82813,53.7,45.8,trip,0
-8.99632E+18,2021-04-15 10:43:00,2021-04-15 12:18:00,19054.82813,19150.54688,45.8,26.2,trip,0
-8.99632E+18,2021-04-15 13:21:00,2021-04-15 13:39:00,19150.54688,19158.32813,25.8,25.0,trip,0
-8.99632E+18,2021-04-15 13:46:00,2021-04-15 13:52:00,19158.32813,19160.51563,24.7,24.3,trip,0
-8.99632E+18,2021-04-15 13:53:00,2021-04-15 13:53:00,19160.51563,19160.51563,24.3,24.3,trip,0
-8.99632E+18,2021-04-15 13:54:00,2021-04-15 14:14:00,19160.51563,19160.51563,24.3,53.3,charge,DCCharging
-8.99632E+18,2021-04-15 14:14:00,2021-04-15 14:23:00,19160.51563,19162.59375,53.3,53.3,trip,0
-8.99632E+18,2021-04-15 14:25:00,2021-04-15 17:10:00,19162.59375,19162.60938,53.3,78.4,charge,240
-8.99632E+18,2021-04-15 17:10:00,2021-04-15 17:28:00,19162.60938,19168.89063,78.4,75.2,trip,0
-8.99632E+18,2021-04-15 18:56:00,2021-04-15 19:18:00,19168.89063,19175.76563,72.1,70.9,trip,0
-8.99632E+18,2021-04-15 19:21:00,2021-04-15 21:20:00,19175.76563,19175.76563,70.1,90.1,charge,240
-8.99632E+18,2021-04-15 21:20:00,2021-04-15 22:59:00,19175.76563,19242.625,90.1,74.9,trip,0
-8.99632E+18,2021-04-15 22:59:00,2021-04-15 23:06:00,19242.625,19245.01563,74.9,74.5,trip,0
-8.99632E+18,2021-04-16 10:56:00,2021-04-16 10:57:00,19245.01563,19245.40625,73.7,73.7,trip,0
-8.99632E+18,2021-04-16 10:57:00,2021-04-16 11:02:00,19245.40625,19245.59375,73.7,73.7,trip,0
-8.99632E+18,2021-04-16 11:02:00,2021-04-16 11:03:00,19245.59375,19245.96875,73.7,73.7,trip,0
-8.99632E+18,2021-04-16 11:20:00,2021-04-16 11:21:00,19245.96875,19246.21875,73.3,73.3,trip,0
-8.99632E+18,2021-04-16 12:59:00,2021-04-16 13:15:00,19246.21875,19266.64063,73.3,68.2,trip,0
-8.99632E+18,2021-04-16 13:21:00,2021-04-16 13:22:00,19266.64063,19266.78125,68.2,68.2,trip,0
-8.99632E+18,2021-04-16 14:45:00,2021-04-16 15:08:00,19266.78125,19288.10938,68.2,63.1,trip,0
-8.99632E+18,2021-04-16 15:08:00,2021-04-16 16:16:00,19288.10938,19288.15625,63.1,62.3,trip,0
-8.99632E+18,2021-04-16 16:16:00,2021-04-16 17:27:00,19288.15625,19350.93197,62.3,46.6,trip,0
-8.99632E+18,2021-04-16 17:27:00,2021-04-16 17:51:00,19350.93197,19350.93197,46.6,69.4,charge,DCCharging
-8.99632E+18,2021-04-16 17:51:00,2021-04-16 18:10:00,19350.93197,19367.96875,69.4,68.2,trip,0
-8.99632E+18,2021-04-16 19:37:00,2021-04-16 19:59:00,19367.96875,19373.53125,68.6,67.8,trip,0
-8.99632E+18,2021-04-16 21:21:00,2021-04-16 22:29:00,19373.53125,19438.28125,67.0,53.7,trip,0
-8.99632E+18,2021-04-16 22:50:00,2021-04-16 22:59:00,19438.28125,19442.375,53.3,52.1,trip,0
-8.99632E+18,2021-04-17 09:03:00,2021-04-17 09:08:00,19442.375,19442.375,50.5,50.5,trip,0
-8.99632E+18,2021-04-17 13:00:00,2021-04-17 13:18:00,19442.375,19463.03125,50.5,43.9,trip,0
-8.99632E+18,2021-04-17 14:48:00,2021-04-17 15:03:00,19463.03125,19466.60938,44.3,43.9,trip,0
-8.99632E+18,2021-04-17 15:31:00,2021-04-17 16:13:00,19466.60938,19466.60938,43.1,48.2,charge,240
-8.99632E+18,2021-04-17 16:13:00,2021-04-17 16:13:00,19466.60938,19467.75,48.2,48.2,trip,0
-8.99632E+18,2021-04-17 16:13:00,2021-04-17 16:14:00,19467.75,19467.78125,48.2,48.2,trip,0
-8.99632E+18,2021-04-17 16:15:00,2021-04-17 16:49:00,19467.78125,19467.78125,48.2,74.9,charge,DCCharging
-8.99632E+18,2021-04-17 16:49:00,2021-04-17 17:17:00,19467.78125,19489.5,74.9,69.8,trip,0
-8.99632E+18,2021-04-17 18:50:00,2021-04-17 19:16:00,19489.5,19514.84375,70.5,66.2,trip,0
-8.99632E+18,2021-04-17 19:27:00,2021-04-17 19:34:00,19514.84375,19518.29688,65.4,65.0,trip,0
-8.99632E+18,2021-04-17 21:31:00,2021-04-17 21:32:00,19518.29688,19518.3125,64.3,64.3,trip,0
-8.99632E+18,2021-04-17 23:02:00,2021-04-17 23:38:00,19518.3125,19552.76563,64.3,57.2,trip,0
-8.99632E+18,2021-04-17 23:38:00,2021-04-18 00:10:00,19552.76563,19552.76563,57.2,80.3,charge,DCCharging
-8.99632E+18,2021-04-18 00:10:00,2021-04-18 00:18:00,19552.76563,19553.89063,80.3,80.3,trip,0
-8.99632E+18,2021-04-18 03:16:00,2021-04-18 03:20:00,19553.89063,19554.34375,80.0,80.0,trip,0
-8.99632E+18,2021-04-18 03:22:00,2021-04-18 04:05:00,19554.34375,19593.9375,80.0,69.8,trip,0
-8.99632E+18,2021-04-18 10:11:00,2021-04-18 10:24:00,19593.95313,19608.8125,69.8,64.7,trip,0
-8.99632E+18,2021-04-18 11:43:00,2021-04-18 12:35:00,19608.8125,19698.25,64.7,40.0,trip,0
-8.99632E+18,2021-04-18 14:25:00,2021-04-18 14:40:00,19698.25,19712.14903,40.3,39.2,trip,0
-8.99632E+18,2021-04-18 14:40:00,2021-04-18 14:55:00,19712.14903,19712.14903,39.2,58.8,charge,DCCharging
-8.99632E+18,2021-04-18 14:55:00,2021-04-18 15:29:00,19712.14903,19742.55035,58.8,52.1,trip,0
-8.99632E+18,2021-04-18 15:29:00,2021-04-18 16:04:00,19742.55035,19742.55035,52.1,80.3,charge,DCCharging
-8.99632E+18,2021-04-18 16:04:00,2021-04-18 16:54:00,19742.55035,19787.35938,80.3,65.4,trip,0
-8.99632E+18,2021-04-18 17:27:00,2021-04-18 19:42:00,19787.35938,19966.34375,65.0,18.4,trip,0
-8.99632E+18,2021-04-20 01:08:00,2021-04-20 01:14:00,19966.34375,19969.07813,18.4,18.4,trip,0
-8.99632E+18,2021-04-20 01:16:00,2021-04-20 02:21:00,19969.07813,19969.07813,18.4,80.0,charge,0
-8.99632E+18,2021-04-20 02:21:00,2021-04-20 02:28:00,19969.07813,19970.125,80.0,80.0,trip,0
-8.99632E+18,2021-04-20 02:32:00,2021-04-20 02:41:00,19970.125,19973.59375,79.6,79.2,trip,0
-8.99632E+18,2021-04-20 02:41:00,2021-04-20 14:17:00,19973.59375,20153.15625,79.2,26.2,trip,0
-8.99632E+18,2021-04-20 14:17:00,2021-04-20 14:52:00,20153.15625,20164.73438,26.2,24.3,trip,0
-8.99632E+18,2021-04-20 14:52:00,2021-04-20 16:05:00,20164.73438,20164.73438,24.3,78.4,charge,DCCharging
-8.99632E+18,2021-04-20 16:05:00,2021-04-20 17:20:00,20164.73438,20250.04688,78.4,62.3,trip,0
-8.99632E+18,2021-04-20 18:34:00,2021-04-20 18:55:00,20250.04688,20255.26563,60.3,59.2,trip,0
-8.99632E+18,2021-04-20 19:05:00,2021-04-20 21:22:00,20255.26563,20352.10938,58.8,37.2,trip,0
-8.99632E+18,2021-04-20 21:32:00,2021-04-20 21:33:00,20352.125,20352.125,37.2,37.2,trip,0
-8.99632E+18,2021-04-21 17:45:00,2021-04-21 18:00:00,20352.125,20366.32813,36.0,32.1,trip,0
-8.99632E+18,2021-04-21 18:11:00,2021-04-21 18:31:00,20366.32813,20369.78125,32.5,31.7,trip,0
-8.99632E+18,2021-04-21 18:32:00,2021-04-21 20:20:00,20369.78125,20369.78125,31.7,46.6,charge,240
-8.99632E+18,2021-04-21 20:20:00,2021-04-21 20:42:00,20369.78125,20388.46875,46.6,43.9,trip,0
-8.99632E+18,2021-04-21 21:04:00,2021-04-21 21:15:00,20388.46875,20394.23438,43.9,42.7,trip,0
-8.99632E+18,2021-04-21 21:18:00,2021-04-21 22:20:00,20394.23438,20394.23438,42.7,86.6,charge,0
-8.99632E+18,2021-04-21 22:20:00,2021-04-21 22:21:00,20394.23438,20394.28125,86.6,86.6,trip,0
-8.99632E+18,2021-04-21 22:21:00,2021-04-21 22:28:00,20394.28125,20397.65625,86.6,86.6,trip,0
-8.99632E+18,2021-04-22 00:04:00,2021-04-22 00:17:00,20397.65625,20405.28125,85.8,83.9,trip,0
-8.99632E+18,2021-04-22 00:17:00,2021-04-22 09:12:00,20405.28125,20415.875,83.9,80.7,trip,0
-8.99632E+18,2021-04-22 09:12:00,2021-04-22 09:24:00,20415.875,20415.875,80.7,80.7,trip,0
-8.99632E+18,2021-04-22 10:45:00,2021-04-22 11:08:00,20415.875,20428.96875,80.7,77.2,trip,0
-8.99632E+18,2021-04-22 12:13:00,2021-04-22 12:36:00,20428.96875,20513.45313,76.8,74.9,trip,0
-8.99632E+18,2021-04-22 12:36:00,2021-04-22 16:44:00,20513.45313,20513.45313,74.9,82.3,charge,DCCharging
-8.99632E+18,2021-04-22 16:44:00,2021-04-22 16:44:00,20513.45313,20513.45313,82.3,82.3,trip,0
-8.99632E+18,2021-04-22 16:44:00,2021-04-22 16:59:00,20513.45313,20515.46875,82.3,81.9,trip,0
-8.99632E+18,2021-04-22 16:59:00,2021-04-22 17:10:00,20515.46875,20519.03125,81.9,81.5,trip,0
-8.99632E+18,2021-04-22 19:53:00,2021-04-22 20:10:00,20519.03125,20524.14063,81.1,80.7,trip,0
-8.99632E+18,2021-04-22 22:17:00,2021-04-22 22:27:00,20524.14063,20527.25,80.3,79.6,trip,0
-8.99632E+18,2021-04-22 22:49:00,2021-04-22 23:08:00,20527.25,20533.23438,79.6,78.0,trip,0
-8.99632E+18,2021-04-23 11:36:00,2021-04-23 11:39:00,20533.23438,20534.04688,77.6,77.6,trip,0
-8.99632E+18,2021-04-23 11:52:00,2021-04-23 11:59:00,20534.04688,20536.0,77.6,77.6,trip,0
-8.99632E+18,2021-04-23 11:59:00,2021-04-23 19:56:00,20536.0,20616.39063,77.6,58.4,trip,0
-8.99632E+18,2021-04-23 19:56:00,2021-04-23 20:30:00,20616.39063,20639.39063,58.4,55.2,trip,0
-8.99632E+18,2021-04-23 20:30:00,2021-04-24 14:43:00,20639.39063,20654.71875,55.2,50.1,trip,0
-2.47174E+18,2021-06-10 02:56:00,2021-06-10 03:58:00,12369.95313,12415.85938,87.8,76.4,trip,0
-2.47174E+18,2021-06-10 03:59:00,2021-06-10 13:07:00,12415.85938,12415.85938,76.4,87.0,charge,120
-2.47174E+18,2021-06-10 13:07:00,2021-06-10 13:44:00,12415.85938,12426.65625,87.0,85.0,trip,0
-2.47174E+18,2021-06-10 13:46:00,2021-06-10 15:18:00,12426.65625,12511.14063,85.0,68.6,trip,0
-2.47174E+18,2021-06-10 15:48:00,2021-06-10 18:49:00,12511.14063,12652.95313,68.2,42.3,trip,0
-2.47174E+18,2021-06-10 18:50:00,2021-06-10 21:42:00,12652.95313,12652.95313,42.3,45.0,charge,120
-2.47174E+18,2021-06-10 21:42:00,2021-06-10 23:13:00,12652.95313,12708.5625,45.0,35.6,trip,0
-2.47174E+18,2021-06-10 23:14:00,2021-06-10 23:44:00,12708.5625,12708.5625,35.6,67.0,charge,DCCharging
-2.47174E+18,2021-06-10 23:44:00,2021-06-11 00:20:00,12708.5625,12734.0,67.0,62.3,trip,0
-2.47174E+18,2021-06-11 00:20:00,2021-06-11 16:41:00,12734.0,12734.0,62.3,81.5,charge,120
-2.47174E+18,2021-06-11 16:41:00,2021-06-11 19:18:00,12734.0,12823.29688,81.5,65.4,trip,0
-2.47174E+18,2021-06-11 19:19:00,2021-06-11 19:52:00,12823.29688,12823.29688,65.4,83.1,charge,0
-2.47174E+18,2021-06-11 19:52:00,2021-06-11 23:09:00,12823.29688,12943.01563,83.1,61.1,trip,0
-2.47174E+18,2021-06-11 23:25:00,2021-06-12 01:38:00,12943.01563,13036.5,61.1,41.9,trip,0
-2.47174E+18,2021-06-12 01:39:00,2021-06-12 01:46:00,13036.5,13036.5,41.9,41.9,charge,120
-2.47174E+18,2021-06-12 01:46:00,2021-06-12 03:31:00,13036.5,13116.875,41.9,26.2,trip,0
-2.47174E+18,2021-06-12 03:32:00,2021-06-12 04:33:00,13116.875,13116.875,26.2,77.2,charge,DCCharging
-2.47174E+18,2021-06-12 04:33:00,2021-06-12 04:47:00,13116.875,13125.89063,77.2,75.6,trip,0
-2.47174E+18,2021-06-12 04:48:00,2021-06-12 18:21:00,13125.89063,13125.89063,75.6,92.1,charge,120
-2.47174E+18,2021-06-12 18:21:00,2021-06-12 20:09:00,13125.89063,13191.4375,92.1,80.0,trip,0
-2.47174E+18,2021-06-12 20:11:00,2021-06-12 20:18:00,13191.4375,13194.0,80.0,78.8,trip,0
-2.47174E+18,2021-06-12 20:28:00,2021-06-13 00:19:00,13194.0,13388.90625,78.8,38.0,trip,0
-2.47174E+18,2021-06-13 00:28:00,2021-06-13 02:14:00,13388.90625,13479.03125,38.0,14.5,trip,0
-2.47174E+18,2021-06-13 02:15:00,2021-06-13 03:16:00,13479.03125,13479.03125,14.5,64.3,charge,DCCharging
-2.47174E+18,2021-06-13 03:16:00,2021-06-13 03:30:00,13479.03125,13488.0625,64.3,61.9,trip,0
-2.47174E+18,2021-06-13 03:31:00,2021-06-13 13:30:00,13488.0625,13488.0625,61.9,73.7,charge,120
-2.47174E+18,2021-06-13 13:30:00,2021-06-13 13:31:00,13488.0625,13488.35938,73.7,73.7,trip,0
-2.47174E+18,2021-06-13 14:14:00,2021-06-13 14:26:00,13488.35938,13491.59375,73.3,72.1,trip,0
-2.47174E+18,2021-06-13 14:27:00,2021-06-13 14:43:00,13491.59375,13491.59375,72.1,72.1,charge,0
-2.47174E+18,2021-06-13 14:43:00,2021-06-13 16:16:00,13491.59375,13542.04688,72.1,62.7,trip,0
-2.47174E+18,2021-06-13 17:10:00,2021-06-13 17:28:00,13542.04688,13550.42188,62.7,60.3,trip,0
-2.47174E+18,2021-06-13 17:47:00,2021-06-13 20:06:00,13550.42188,13633.48438,60.0,42.3,trip,0
-2.47174E+18,2021-06-13 20:07:00,2021-06-13 20:38:00,13633.48438,13633.48438,42.3,70.5,charge,DCCharging
-2.47174E+18,2021-06-13 20:38:00,2021-06-13 23:40:00,13633.48438,13791.8125,70.5,35.2,trip,0
-2.47174E+18,2021-06-13 23:40:00,2021-06-14 01:26:00,13791.8125,13791.8125,35.2,37.2,charge,120
-2.47174E+18,2021-06-14 01:26:00,2021-06-14 01:40:00,13791.8125,13800.59375,37.2,36.0,trip,0
-2.47174E+18,2021-06-14 01:43:00,2021-06-14 02:06:00,13800.59375,13800.59375,36.0,54.5,charge,DCCharging
-2.47174E+18,2021-06-14 02:06:00,2021-06-14 02:19:00,13800.59375,13808.875,54.5,52.1,trip,0
-2.47174E+18,2021-06-14 02:20:00,2021-06-14 10:04:00,13808.875,13808.875,52.1,61.9,charge,120
-2.47174E+18,2021-06-14 10:04:00,2021-06-14 11:58:00,13808.875,13912.0625,61.9,42.3,trip,0
-2.47174E+18,2021-06-14 11:59:00,2021-06-14 12:30:00,13912.0625,13912.0625,42.3,70.5,charge,0
-2.47174E+18,2021-06-14 12:30:00,2021-06-14 13:33:00,13912.0625,13944.01563,70.5,64.3,trip,0
-2.47174E+18,2021-06-14 13:33:00,2021-06-14 18:35:00,13944.01563,13944.01563,64.3,70.1,charge,120
-2.47174E+18,2021-06-14 18:35:00,2021-06-14 18:54:00,13944.01563,13953.14063,70.1,69.0,trip,0
-2.47174E+18,2021-06-14 19:21:00,2021-06-14 19:37:00,13953.14063,13962.625,69.0,67.4,trip,0
-2.47174E+18,2021-06-14 19:37:00,2021-06-14 19:48:00,13962.625,13967.69957,67.4,67.0,trip,0
-2.47174E+18,2021-06-14 19:48:00,2021-06-14 20:02:00,13967.69957,13967.69957,67.0,67.4,charge,120
-2.47174E+18,2021-06-14 20:02:00,2021-06-14 21:49:00,13967.69957,14014.04688,67.4,58.8,trip,0
-2.47174E+18,2021-06-14 21:50:00,2021-06-14 22:05:00,14014.04688,14015.78125,58.8,58.4,trip,0
-2.47174E+18,2021-06-14 22:05:00,2021-06-14 22:19:00,14015.78125,14023.23438,58.4,56.8,trip,0
-2.47174E+18,2021-06-14 22:19:00,2021-06-14 22:23:00,14023.23438,14023.23438,56.8,56.8,charge,120
-2.47174E+18,2021-06-14 22:23:00,2021-06-15 00:44:00,14023.23438,14119.625,56.8,37.2,trip,0
-2.47174E+18,2021-06-15 00:45:00,2021-06-15 10:03:00,14119.625,14119.625,37.2,49.0,charge,120
-2.47174E+18,2021-06-15 10:03:00,2021-06-15 10:20:00,14119.625,14129.34375,49.0,47.8,trip,0
-2.47174E+18,2021-06-15 10:22:00,2021-06-15 11:46:00,14129.34375,14175.92188,47.8,39.2,trip,0
-2.47174E+18,2021-06-15 11:46:00,2021-06-15 14:34:00,14175.92188,14175.92188,39.2,42.3,charge,120
-2.47174E+18,2021-06-15 14:34:00,2021-06-15 15:13:00,14175.92188,14213.375,42.3,35.6,trip,0
-2.47174E+18,2021-06-15 15:17:00,2021-06-15 15:50:00,14213.375,14241.29688,35.2,29.8,trip,0
-2.47174E+18,2021-06-15 16:02:00,2021-06-15 16:31:00,14241.29688,14262.07813,29.8,27.0,trip,0
-2.47174E+18,2021-06-15 16:34:00,2021-06-15 17:15:00,14262.07813,14291.57813,27.0,20.7,trip,0
-2.47174E+18,2021-06-15 17:40:00,2021-06-15 17:52:00,14291.57813,14297.70313,20.7,20.3,trip,0
-2.47174E+18,2021-06-15 17:59:00,2021-06-15 18:25:00,14297.70313,14297.70313,20.3,33.3,charge,0
-2.47174E+18,2021-06-15 18:25:00,2021-06-15 18:42:00,14297.70313,14308.9375,33.3,31.7,trip,0
-2.47174E+18,2021-06-15 19:12:00,2021-06-15 19:52:00,14308.9375,14327.26563,31.7,29.0,trip,0
-2.47174E+18,2021-06-15 19:53:00,2021-06-15 22:41:00,14327.26563,14327.26563,29.0,54.1,charge,240
-2.47174E+18,2021-06-15 22:41:00,2021-06-15 22:42:00,14327.26563,14327.48438,54.1,54.1,trip,0
-2.47174E+18,2021-06-16 00:59:00,2021-06-16 01:14:00,14327.48438,14339.98438,52.1,49.4,trip,0
-2.47174E+18,2021-06-16 01:14:00,2021-06-16 08:01:00,14339.98438,14339.98438,49.4,57.2,charge,120
-2.47174E+18,2021-06-16 08:01:00,2021-06-16 10:52:00,14339.98438,14477.5625,57.2,26.6,trip,0
-2.47174E+18,2021-06-16 10:55:00,2021-06-16 11:10:00,14477.5625,14487.0,26.6,24.7,trip,0
-2.47174E+18,2021-06-16 11:11:00,2021-06-16 12:12:00,14487.0,14487.0,24.7,77.6,charge,DCCharging
-2.47174E+18,2021-06-16 12:12:00,2021-06-16 12:53:00,14487.0,14506.75,77.6,73.7,trip,0
-2.47174E+18,2021-06-16 12:54:00,2021-06-16 13:58:00,14506.75,14546.23438,73.7,66.2,trip,0
-2.47174E+18,2021-06-16 14:08:00,2021-06-16 16:13:00,14546.23438,14644.32813,65.8,47.0,trip,0
-2.47174E+18,2021-06-16 16:14:00,2021-06-16 17:36:00,14644.32813,14644.32813,47.0,48.2,charge,120
-2.47174E+18,2021-06-16 17:36:00,2021-06-16 18:08:00,14644.32813,14659.70313,48.2,46.2,trip,0
-2.47174E+18,2021-06-16 18:29:00,2021-06-16 18:37:00,14659.70313,14664.35938,45.4,45.4,trip,0
-2.47174E+18,2021-06-16 19:13:00,2021-06-16 19:18:00,14664.35938,14665.07813,44.7,44.7,trip,0
-2.47174E+18,2021-06-16 19:31:00,2021-06-16 19:50:00,14665.07813,14677.17188,44.7,41.5,trip,0
-2.47174E+18,2021-06-16 19:53:00,2021-06-16 20:38:00,14677.17188,14677.17188,41.5,42.3,charge,120
-2.47174E+18,2021-06-16 20:38:00,2021-06-16 20:55:00,14677.17188,14687.3125,42.3,40.7,trip,0
-2.47174E+18,2021-06-16 21:10:00,2021-06-16 21:18:00,14687.3125,14691.14063,40.7,40.3,trip,0
-2.47174E+18,2021-06-16 22:56:00,2021-06-16 23:11:00,14691.14063,14703.10938,37.6,34.9,trip,0
-2.47174E+18,2021-06-16 23:13:00,2021-06-16 23:32:00,14703.10938,14703.10938,34.9,34.9,charge,0
-2.47174E+18,2021-06-16 23:32:00,2021-06-16 23:42:00,14703.10938,14706.57813,34.9,34.9,trip,0
-2.47174E+18,2021-06-16 23:42:00,2021-06-16 23:45:00,14706.57813,14708.89367,34.9,34.5,trip,0
-2.47174E+18,2021-06-16 23:45:00,2021-06-17 09:58:00,14708.89367,14708.89367,34.5,47.0,charge,120
-2.47174E+18,2021-06-17 09:58:00,2021-06-17 12:05:00,14708.89367,14813.42188,47.0,29.0,trip,0
-2.47174E+18,2021-06-17 12:25:00,2021-06-17 14:20:00,14813.42188,14888.51563,28.6,15.2,trip,0
-2.47174E+18,2021-06-17 14:20:00,2021-06-17 14:30:00,14888.51563,14888.51563,15.2,16.0,charge,240
-2.47174E+18,2021-06-17 14:30:00,2021-06-17 14:32:00,14888.51563,14888.875,16.0,16.0,trip,0
-2.47174E+18,2021-06-17 14:33:00,2021-06-17 15:05:00,14888.875,14888.875,16.0,49.0,charge,DCCharging
-2.47174E+18,2021-06-17 15:05:00,2021-06-17 15:55:00,14888.875,14918.67188,49.0,43.9,trip,0
-2.47174E+18,2021-06-17 16:38:00,2021-06-17 17:33:00,14918.67188,14950.23438,43.9,38.8,trip,0
-2.47174E+18,2021-06-17 17:34:00,2021-06-17 17:54:00,14950.23438,14950.23438,38.8,39.6,charge,240
-2.47174E+18,2021-06-17 17:54:00,2021-06-17 18:42:00,14950.23438,14982.4375,39.6,34.1,trip,0
-2.47174E+18,2021-06-17 18:43:00,2021-06-17 19:01:00,14982.4375,14982.4375,34.1,34.1,charge,120
-2.47174E+18,2021-06-17 19:01:00,2021-06-17 19:26:00,14982.4375,14994.29688,34.1,32.5,trip,0
-2.47174E+18,2021-06-17 19:27:00,2021-06-17 21:17:00,14994.29688,14994.29688,32.5,48.6,charge,240
-2.47174E+18,2021-06-17 21:17:00,2021-06-17 21:18:00,14994.29688,14994.51563,48.6,48.6,trip,0
-2.47174E+18,2021-06-18 03:46:00,2021-06-18 04:02:00,14994.53125,15007.04688,46.2,44.3,trip,0
-2.47174E+18,2021-06-18 04:02:00,2021-06-18 10:03:00,15007.04688,15007.04688,44.3,50.9,charge,120
-2.47174E+18,2021-06-18 10:03:00,2021-06-18 12:05:00,15007.04688,15097.8125,50.9,34.5,trip,0
-2.47174E+18,2021-06-18 12:06:00,2021-06-18 12:38:00,15097.8125,15097.8125,34.5,67.0,charge,DCCharging
-2.47174E+18,2021-06-18 12:38:00,2021-06-18 12:55:00,15097.8125,15104.95313,67.0,66.2,trip,0
-2.47174E+18,2021-06-18 13:03:00,2021-06-18 13:54:00,15104.95313,15145.64063,65.8,58.8,trip,0
-2.47174E+18,2021-06-18 14:33:00,2021-06-18 17:02:00,15145.64063,15210.75,58.8,45.4,trip,0
-2.47174E+18,2021-06-18 17:03:00,2021-06-18 18:35:00,15210.75,15210.75,45.4,47.0,charge,120
-2.47174E+18,2021-06-18 18:35:00,2021-06-18 19:29:00,15210.75,15238.51563,47.0,42.3,trip,0
-2.47174E+18,2021-06-18 22:09:00,2021-06-18 23:07:00,15238.51563,15254.28125,39.2,36.0,trip,0
-2.47174E+18,2021-06-18 23:10:00,2021-06-18 23:39:00,15254.28125,15279.03125,36.0,31.7,trip,0
-2.47174E+18,2021-06-19 00:08:00,2021-06-19 00:18:00,15279.03125,15289.4375,31.3,29.8,trip,0
-2.47174E+18,2021-06-19 00:21:00,2021-06-19 00:51:00,15289.4375,15289.4375,29.8,64.3,charge,DCCharging
-2.47174E+18,2021-06-19 00:51:00,2021-06-19 02:32:00,15289.4375,15343.89063,64.3,53.3,trip,0
-2.47174E+18,2021-06-19 02:32:00,2021-06-19 11:39:00,15343.89063,15343.89063,53.3,64.7,charge,120
-2.47174E+18,2021-06-19 11:39:00,2021-06-19 11:56:00,15343.89063,15352.54688,64.7,63.1,trip,0
-2.47174E+18,2021-06-19 12:05:00,2021-06-19 13:46:00,15352.54688,15413.875,62.7,52.1,trip,0
-2.47174E+18,2021-06-19 13:48:00,2021-06-19 13:54:00,15413.875,15416.45313,52.1,51.3,trip,0
-2.47174E+18,2021-06-19 13:54:00,2021-06-19 14:49:00,15416.45313,15416.45313,51.3,51.7,charge,120
-2.47174E+18,2021-06-19 14:49:00,2021-06-19 14:51:00,15416.45313,15416.79688,51.7,51.7,trip,0
-2.47174E+18,2021-06-19 15:34:00,2021-06-19 15:35:00,15416.79688,15417.3125,51.7,51.7,trip,0
-2.47174E+18,2021-06-19 15:36:00,2021-06-19 17:45:00,15417.3125,15417.3125,51.7,54.1,charge,120
-2.47174E+18,2021-06-19 17:45:00,2021-06-19 22:32:00,15417.3125,15583.78125,54.1,23.1,trip,0
-2.47174E+18,2021-06-19 22:36:00,2021-06-19 23:08:00,15583.78125,15583.78125,23.1,53.7,charge,DCCharging
-2.47174E+18,2021-06-19 23:08:00,2021-06-20 03:19:00,15583.78125,15804.96875,53.7,12.5,trip,0
-2.47174E+18,2021-06-20 03:20:00,2021-06-20 04:21:00,15804.96875,15804.96875,12.5,61.5,charge,DCCharging
-2.47174E+18,2021-06-20 04:21:00,2021-06-20 04:36:00,15804.96875,15813.98438,61.5,59.6,trip,0
-2.47174E+18,2021-06-20 04:36:00,2021-06-20 12:18:00,15813.98438,15813.98438,59.6,69.0,charge,120
-2.47174E+18,2021-06-20 12:18:00,2021-06-20 14:32:00,15813.98438,15940.14063,69.0,41.9,trip,0
-2.47174E+18,2021-06-20 14:45:00,2021-06-20 17:15:00,15940.14063,16066.15625,41.5,14.9,trip,0
-2.47174E+18,2021-06-20 17:16:00,2021-06-20 17:47:00,16066.15625,16066.15625,14.9,44.3,charge,0
-2.47174E+18,2021-06-20 17:47:00,2021-06-20 18:31:00,16066.15625,16110.10938,44.3,34.9,trip,0
-2.47174E+18,2021-06-20 18:32:00,2021-06-20 19:32:00,16110.10938,16110.10938,34.9,84.3,charge,DCCharging
-2.47174E+18,2021-06-20 19:32:00,2021-06-20 19:46:00,16110.10938,16119.125,84.3,81.9,trip,0
-2.47174E+18,2021-06-20 19:47:00,2021-06-20 20:26:00,16119.125,16119.125,81.9,82.3,charge,120
-2.47174E+18,2021-06-20 20:26:00,2021-06-20 22:56:00,16119.125,16257.57813,82.3,54.1,trip,0
-2.47174E+18,2021-06-20 23:02:00,2021-06-20 23:06:00,16257.57813,16259.40625,54.1,54.1,trip,0
-2.47174E+18,2021-06-20 23:17:00,2021-06-21 01:53:00,16259.40625,16416.59375,53.7,20.7,trip,0
-2.47174E+18,2021-06-21 01:55:00,2021-06-21 02:55:00,16416.59375,16416.59375,20.7,69.8,charge,DCCharging
-2.47174E+18,2021-06-21 02:55:00,2021-06-21 03:10:00,16416.59375,16425.60938,69.8,67.8,trip,0
-2.47174E+18,2021-06-21 03:11:00,2021-06-21 10:00:00,16425.60938,16425.60938,67.8,76.0,charge,120
-2.47174E+18,2021-06-21 10:00:00,2021-06-21 14:19:00,16425.60938,16718.0625,76.0,16.8,trip,0
-2.47174E+18,2021-06-21 14:21:00,2021-06-21 14:52:00,16718.0625,16718.0625,16.8,46.2,charge,DCCharging
-2.47174E+18,2021-06-21 14:52:00,2021-06-21 15:44:00,16718.0625,16761.57813,46.2,38.0,trip,0
-2.47174E+18,2021-06-21 15:45:00,2021-06-21 16:41:00,16761.57813,16761.57813,38.0,45.8,charge,240
-2.47174E+18,2021-06-21 16:41:00,2021-06-21 18:52:00,16761.57813,16808.0,45.8,34.5,trip,0
-2.47174E+18,2021-06-21 18:53:00,2021-06-21 19:25:00,16808.0,16808.0,34.5,63.5,charge,0
-2.47174E+18,2021-06-21 19:25:00,2021-06-21 21:26:00,16808.0,16865.96875,63.5,49.0,trip,0
-2.47174E+18,2021-06-21 21:28:00,2021-06-22 10:00:00,16865.96875,16865.96875,49.0,63.1,charge,0
-2.47174E+18,2021-06-22 10:00:00,2021-06-22 12:18:00,16865.96875,16955.26563,63.1,47.8,trip,0
-2.47174E+18,2021-06-22 12:19:00,2021-06-22 13:05:00,16955.26563,16991.875,47.8,41.1,trip,0
-2.47174E+18,2021-06-22 13:12:00,2021-06-22 13:18:00,16991.875,16994.03125,41.1,41.1,trip,0
-2.47174E+18,2021-06-22 13:19:00,2021-06-22 17:59:00,16994.03125,16994.03125,41.1,45.8,charge,120
-2.47174E+18,2021-06-22 17:59:00,2021-06-22 22:04:00,16994.03125,17134.5,45.8,21.9,trip,0
-2.47174E+18,2021-06-22 22:05:00,2021-06-22 22:36:00,17134.5,17134.5,21.9,52.9,charge,DCCharging
-2.47174E+18,2021-06-22 22:36:00,2021-06-22 23:07:00,17134.5,17152.5625,52.9,49.8,trip,0
-2.47174E+18,2021-06-22 23:08:00,2021-06-23 10:01:00,17152.5625,17152.5625,49.8,62.7,charge,120
-2.47174E+18,2021-06-23 10:01:00,2021-06-23 12:46:00,17152.5625,17288.15625,62.7,38.0,trip,0
-2.47174E+18,2021-06-23 12:46:00,2021-06-23 14:12:00,17288.15625,17288.15625,38.0,39.2,charge,120
-2.47174E+18,2021-06-23 14:12:00,2021-06-23 15:11:00,17288.15625,17331.73438,39.2,32.1,trip,0
-2.47174E+18,2021-06-23 15:14:00,2021-06-23 15:46:00,17331.73438,17331.73438,,64.7,charge,0
-2.47174E+18,2021-06-23 15:46:00,2021-06-23 17:13:00,17331.73438,17412.17188,64.7,41.1,trip,0
-2.47174E+18,2021-06-23 17:29:00,2021-06-23 22:06:00,17412.17188,17574.85938,41.1,18.0,trip,0
-2.47174E+18,2021-06-23 22:07:00,2021-06-23 22:38:00,17574.85938,17574.85938,18.0,47.4,charge,DCCharging
-2.47174E+18,2021-06-23 22:38:00,2021-06-23 22:57:00,17574.85938,17575.17188,47.4,47.4,trip,0
-2.47174E+18,2021-06-23 23:17:00,2021-06-23 23:48:00,17575.17188,17595.76563,46.6,43.5,trip,0
-2.47174E+18,2021-06-23 23:49:00,2021-06-24 10:03:00,17595.76563,17595.76563,43.5,56.0,charge,0
-2.47174E+18,2021-06-24 10:03:00,2021-06-24 12:37:00,17595.76563,17707.375,56.0,36.8,trip,0
-2.47174E+18,2021-06-24 12:38:00,2021-06-24 13:09:00,17707.375,17707.375,36.8,68.2,charge,0
-2.47174E+18,2021-06-24 13:09:00,2021-06-24 14:00:00,17707.375,17741.03125,68.2,62.7,trip,0
-2.47174E+18,2021-06-24 14:04:00,2021-06-24 17:28:00,17741.03125,17869.5,61.9,39.2,trip,0
-2.47174E+18,2021-06-24 17:29:00,2021-06-24 18:00:00,17869.5,17869.5,39.2,69.0,charge,DCCharging
-2.47174E+18,2021-06-24 18:00:00,2021-06-24 18:04:00,17869.5,17870.875,69.0,69.0,trip,0
-2.47174E+18,2021-06-24 18:05:00,2021-06-24 18:15:00,17870.875,17870.875,69.0,69.8,charge,240
-2.47174E+18,2021-06-24 18:15:00,2021-06-24 21:11:00,17870.875,17958.89063,69.8,54.5,trip,0
-2.47174E+18,2021-06-24 21:13:00,2021-06-24 21:20:00,17958.89063,17961.15625,54.5,53.3,trip,0
-2.47174E+18,2021-06-24 22:00:00,2021-06-24 22:50:00,17961.15625,17986.01563,53.3,49.0,trip,0
-2.47174E+18,2021-06-24 22:50:00,2021-06-24 22:53:00,17986.01563,17986.01563,49.0,,charge,240
-2.47174E+18,2021-06-24 22:53:00,2021-06-24 23:47:00,17986.01563,18024.89063,,41.5,trip,0
-2.47174E+18,2021-06-24 23:54:00,2021-06-24 23:56:00,18024.89063,18025.42188,41.1,41.1,trip,0
-2.47174E+18,2021-06-24 23:56:00,2021-06-25 10:01:00,18025.42188,18025.42188,41.1,53.7,charge,120
-2.47174E+18,2021-06-25 10:01:00,2021-06-25 12:42:00,18025.42188,18133.8125,53.7,34.1,trip,0
-2.47174E+18,2021-06-25 12:42:00,2021-06-25 18:02:00,18133.8125,18133.8125,34.1,40.3,charge,120
-2.47174E+18,2021-06-25 18:02:00,2021-06-25 21:02:00,18133.8125,18225.5,40.3,23.5,trip,0
-2.47174E+18,2021-06-25 21:11:00,2021-06-25 21:12:00,18225.5,18225.64063,23.5,23.5,trip,0
-2.47174E+18,2021-06-25 21:12:00,2021-06-25 21:14:00,18225.64063,18225.82813,23.5,23.5,trip,0
-2.47174E+18,2021-06-25 21:15:00,2021-06-25 21:47:00,18225.82813,18225.82813,23.5,52.1,charge,DCCharging
-2.47174E+18,2021-06-25 21:47:00,2021-06-26 00:17:00,18225.82813,18335.3125,52.1,30.5,trip,0
-2.47174E+18,2021-06-26 00:19:00,2021-06-26 00:50:00,18335.3125,18335.3125,30.5,61.9,charge,DCCharging
-2.47174E+18,2021-06-26 00:50:00,2021-06-26 01:19:00,18335.3125,18351.76563,61.9,58.8,trip,0
-2.47174E+18,2021-06-26 01:24:00,2021-06-26 01:30:00,18351.76563,18354.35938,58.8,58.0,trip,0
-2.47174E+18,2021-06-26 01:30:00,2021-06-26 12:03:00,18354.35938,18354.35938,58.0,70.1,charge,120
-2.47174E+18,2021-06-26 12:03:00,2021-06-26 13:36:00,18354.35938,18468.375,70.1,46.6,trip,0
-2.47174E+18,2021-06-26 13:40:00,2021-06-26 13:46:00,18468.375,18470.90625,45.8,45.8,trip,0
-2.47174E+18,2021-06-26 13:50:00,2021-06-26 14:50:00,18470.90625,18522.03125,45.8,34.1,trip,0
-2.47174E+18,2021-06-26 14:58:00,2021-06-26 15:03:00,18522.03125,18523.34375,34.1,34.1,trip,0
-2.47174E+18,2021-06-26 15:15:00,2021-06-26 16:10:00,18523.34375,18598.59375,33.3,17.2,trip,0
-2.47174E+18,2021-06-26 16:12:00,2021-06-26 16:43:00,18598.59375,18598.59375,17.2,42.7,charge,0
-2.47174E+18,2021-06-26 16:43:00,2021-06-26 17:45:00,18598.59375,18643.76563,42.7,31.7,trip,0
-2.47174E+18,2021-06-26 18:14:00,2021-06-26 18:43:00,18643.76563,18657.25,31.3,28.6,trip,0
-2.47174E+18,2021-06-26 19:10:00,2021-06-26 19:27:00,18657.25,18665.09375,28.6,26.2,trip,0
-2.47174E+18,2021-06-26 20:08:00,2021-06-26 20:22:00,18665.09375,18670.34375,25.8,24.3,trip,0
-2.47174E+18,2021-06-26 20:23:00,2021-07-05 10:03:00,18670.34375,18670.34375,24.3,100.0,charge,120
-2.47174E+18,2021-07-05 10:03:00,2021-07-05 12:10:00,18670.34375,18767.375,100.0,80.3,trip,0
-2.47174E+18,2021-07-05 12:12:00,2021-07-05 12:23:00,18767.375,18774.71875,80.3,78.8,trip,0
-2.47174E+18,2021-07-05 18:17:00,2021-07-05 19:34:00,18774.71875,18825.9375,78.0,67.8,trip,0
-2.47174E+18,2021-07-05 19:46:00,2021-07-05 20:33:00,,18858.8125,67.4,60.7,trip,0
-2.47174E+18,2021-07-05 20:34:00,2021-07-06 10:01:00,18858.8125,18858.8125,60.7,76.4,charge,120
-2.47174E+18,2021-07-06 10:01:00,2021-07-06 12:26:00,18858.8125,18970.8125,76.4,57.2,trip,0
-2.47174E+18,2021-07-06 12:27:00,2021-07-06 12:33:00,18970.8125,18973.39063,57.2,56.8,trip,0
-2.47174E+18,2021-07-06 12:33:00,2021-07-06 14:00:00,18973.39063,18973.39063,56.8,,charge,120
-2.47174E+18,2021-07-06 14:00:00,2021-07-06 18:44:00,18973.39063,19115.73438,,30.5,trip,0
-2.47174E+18,2021-07-06 18:45:00,2021-07-06 21:38:00,19115.73438,19211.4375,30.5,11.7,trip,0
-2.47174E+18,2021-07-06 21:40:00,2021-07-06 22:11:00,19211.4375,19211.4375,11.7,41.1,charge,0
-2.47174E+18,2021-07-06 22:11:00,2021-07-07 00:24:00,19211.4375,19310.95313,41.1,22.7,trip,0
-2.47174E+18,2021-07-07 00:25:00,2021-07-07 00:55:00,19310.95313,19310.95313,22.7,53.3,charge,DCCharging
-2.47174E+18,2021-07-07 00:55:00,2021-07-07 01:20:00,19310.95313,19331.23438,53.3,49.4,trip,0
-2.47174E+18,2021-07-07 01:20:00,2021-07-07 12:47:00,19331.23438,19331.23438,49.4,63.5,charge,120
-2.47174E+18,2021-07-07 12:47:00,2021-07-07 13:03:00,19331.23438,19339.3125,63.5,61.9,trip,0
-2.47174E+18,2021-07-07 13:13:00,2021-07-07 13:15:00,19339.3125,19339.35938,61.9,61.9,trip,0
-2.47174E+18,2021-07-07 14:00:00,2021-07-07 14:19:00,19339.35938,19347.625,61.9,60.3,trip,0
-2.47174E+18,2021-07-07 14:20:00,2021-07-07 14:54:00,19347.625,19347.625,60.3,,charge,0
-2.47174E+18,2021-07-07 14:54:00,2021-07-07 16:21:00,19347.625,19393.76563,,51.7,trip,0
-2.47174E+18,2021-07-07 16:25:00,2021-07-07 16:31:00,19393.76563,19395.25,51.3,51.3,trip,0
-2.47174E+18,2021-07-07 16:32:00,2021-07-07 17:03:00,19395.25,19395.25,51.3,76.8,charge,DCCharging
-2.47174E+18,2021-07-07 17:03:00,2021-07-07 20:00:00,19395.25,19533.70313,76.8,52.1,trip,0
-2.47174E+18,2021-07-07 20:03:00,2021-07-07 20:16:00,19533.70313,19539.4375,52.1,51.7,trip,0
-2.47174E+18,2021-07-07 21:17:00,2021-07-07 21:24:00,19539.4375,19544.07813,51.3,50.9,trip,0
-2.47174E+18,2021-07-07 21:49:00,2021-07-07 22:02:00,19544.07813,19554.28125,,49.4,trip,0
-2.47174E+18,2021-07-07 22:16:00,2021-07-07 22:25:00,19554.28125,19559.0,49.0,48.2,trip,0
-2.47174E+18,2021-07-07 22:35:00,2021-07-07 23:02:00,19559.0,19569.32813,48.2,45.0,trip,0
-2.47174E+18,2021-07-07 23:02:00,2021-07-07 23:17:00,19569.32813,19569.35938,45.0,45.0,trip,0
-2.47174E+18,2021-07-07 23:17:00,2021-07-07 23:36:00,19569.35938,19578.03125,45.0,43.9,trip,0
-2.47174E+18,2021-07-07 23:39:00,2021-07-08 00:24:00,19578.03125,19578.03125,43.9,80.0,charge,DCCharging
-2.47174E+18,2021-07-08 00:24:00,2021-07-08 00:54:00,19578.03125,19593.96875,80.0,77.6,trip,0
-2.47174E+18,2021-07-08 15:14:00,2021-07-08 15:37:00,19593.96875,19609.26563,75.2,72.5,trip,0
-2.47174E+18,2021-07-08 15:45:00,2021-07-08 16:07:00,19609.26563,19621.65625,72.5,70.9,trip,0
-2.47174E+18,2021-07-08 16:07:00,2021-07-08 17:54:00,19621.65625,19662.76563,70.9,63.5,trip,0
-2.47174E+18,2021-07-08 17:54:00,2021-07-08 19:46:00,19662.76563,19723.14063,63.5,51.3,trip,0
-2.47174E+18,2021-07-08 19:48:00,2021-07-08 19:54:00,19723.14063,19725.65625,51.3,51.3,trip,0
-2.47174E+18,2021-07-08 19:55:00,2021-07-08 22:09:00,19725.65625,19725.65625,51.3,53.7,charge,120
-2.47174E+18,2021-07-08 22:09:00,2021-07-08 22:44:00,19725.65625,19745.34375,53.7,50.9,trip,0
-2.47174E+18,2021-07-08 22:45:00,2021-07-08 23:07:00,19745.34375,19745.34375,50.9,52.5,charge,240
-2.47174E+18,2021-07-08 23:07:00,2021-07-08 23:32:00,19745.34375,19760.0625,52.5,49.8,trip,0
-2.47174E+18,2021-07-08 23:32:00,2021-07-09 10:23:00,19760.00625,19760.0625,49.8,63.1,charge,120
-2.47174E+18,2021-07-09 10:23:00,2021-07-09 14:38:00,19760.00625,19941.1875,63.1,31.7,trip,0
-2.47174E+18,2021-07-09 14:38:00,2021-07-09 15:03:00,19941.1875,19941.1875,31.7,31.7,charge,120
-2.47174E+18,2021-07-09 15:03:00,2021-07-09 16:12:00,19941.1875,19997.45313,31.7,22.7,trip,0
-2.47174E+18,2021-07-09 16:12:00,2021-07-09 16:24:00,19997.45313,19997.45313,22.7,23.9,charge,240
-2.47174E+18,2021-07-09 16:24:00,2021-07-09 16:27:00,19997.45313,19998.71875,23.9,23.9,trip,0
-2.47174E+18,2021-07-09 16:28:00,2021-07-09 16:59:00,19998.71875,19998.71875,23.9,56.0,charge,DCCharging
-2.47174E+18,2021-07-09 16:59:00,2021-07-09 18:20:00,19998.71875,20041.8125,56.0,47.4,trip,0
-2.47174E+18,2021-07-09 18:38:00,2021-07-09 19:05:00,20041.8125,20051.1875,46.6,45.8,trip,0
-2.47174E+18,2021-07-09 20:18:00,2021-07-09 20:32:00,20051.1875,20054.25,42.3,41.1,trip,0
-2.47174E+18,2021-07-09 21:50:00,2021-07-09 22:15:00,20054.25,20067.5625,40.3,38.8,trip,0
-2.47174E+18,2021-07-09 22:18:00,2021-07-09 22:25:00,20067.5625,20070.70313,38.8,38.4,trip,0
-2.47174E+18,2021-07-09 22:36:00,2021-07-09 23:08:00,20070.70313,20085.98438,38.4,35.2,trip,0
-2.47174E+18,2021-07-09 23:08:00,2021-07-10 10:02:00,20085.98438,20085.98438,35.2,49.0,charge,120
-2.47174E+18,2021-07-10 10:02:00,2021-07-10 12:39:00,20085.98438,20196.60938,49.0,28.2,trip,0
-2.47174E+18,2021-07-10 12:40:00,2021-07-10 14:58:00,20196.60938,20196.60938,28.2,30.5,charge,120
-2.47174E+18,2021-07-10 14:58:00,2021-07-10 15:51:00,20196.60938,20238.0,30.5,24.7,trip,0
-2.47174E+18,2021-07-10 15:52:00,2021-07-10 16:23:00,20238.0,20238.0,24.7,57.2,charge,0
-2.47174E+18,2021-07-10 16:23:00,2021-07-10 17:21:00,20238.0,20256.98438,57.2,52.5,trip,0
-2.47174E+18,2021-07-10 17:22:00,2021-07-10 17:53:00,20256.98438,20256.98438,52.5,80.3,charge,DCCharging
-2.47174E+18,2021-07-10 17:53:00,2021-07-10 23:01:00,20256.98438,20502.98438,80.3,30.1,trip,0
-2.47174E+18,2021-07-10 23:02:00,2021-07-10 23:33:00,20502.98438,20502.98438,30.1,60.7,charge,DCCharging
-2.47174E+18,2021-07-10 23:33:00,2021-07-11 01:43:00,20502.98438,20616.0625,60.7,37.6,trip,0
-2.47174E+18,2021-07-11 01:48:00,2021-07-11 02:54:00,20616.0625,20690.70313,37.6,20.0,trip,0
-2.47174E+18,2021-07-11 02:55:00,2021-07-11 11:06:00,20690.70313,20690.70313,20.0,30.1,charge,120
-2.47174E+18,2021-07-11 11:06:00,2021-07-11 12:22:00,20690.70313,20764.53125,30.1,16.4,trip,0
-2.47174E+18,2021-07-11 12:22:00,2021-07-11 12:53:00,20764.53125,20764.53125,16.4,47.0,charge,DCCharging
-2.47174E+18,2021-07-11 12:53:00,2021-07-11 17:08:00,20764.53125,20934.48438,47.0,16.4,trip,0
-2.47174E+18,2021-07-11 17:28:00,2021-07-11 18:29:00,20934.48438,20984.82813,16.4,5.4,trip,0
-2.47174E+18,2021-07-11 18:48:00,2021-07-11 18:54:00,20984.82813,20985.23438,5.4,5.4,trip,0
-2.47174E+18,2021-07-11 18:54:00,2021-07-11 19:27:00,20985.23438,20985.23438,5.4,9.8,charge,240
-2.47174E+18,2021-07-11 19:27:00,2021-07-11 19:52:00,20985.23438,21003.65625,9.8,6.2,trip,0
-2.47174E+18,2021-07-11 19:53:00,2021-07-11 20:06:00,21003.65625,21009.34375,62.0,54.0,trip,0
-2.47174E+18,2021-07-11 20:07:00,2021-07-11 20:46:00,21009.34375,21009.34375,5.4,5.8,charge,120
-2.47174E+18,2021-07-11 20:46:00,2021-07-11 21:11:00,21009.34375,21022.26563,5.8,3.9,trip,0
-2.47174E+18,2021-07-11 21:47:00,2021-07-11 22:53:00,21022.26563,21022.26563,,54.1,charge,0
-2.47174E+18,2021-07-11 22:53:00,2021-07-11 23:02:00,21022.26563,21026.9375,54.1,52.5,trip,0
-2.47174E+18,2021-07-11 23:16:00,2021-07-11 23:28:00,21026.9375,21034.125,52.5,51.3,trip,0
-2.47174E+18,2021-07-11 23:29:00,2021-07-12 08:25:00,21034.125,21034.125,51.3,61.9,charge,120
-2.47174E+18,2021-07-12 08:25:00,2021-07-12 11:01:00,21034.125,21165.45313,61.9,36.0,trip,0
-2.47174E+18,2021-07-12 11:02:00,2021-07-12 11:33:00,21165.45313,21165.45313,36.0,67.0,charge,DCCharging
-2.47174E+18,2021-07-12 11:33:00,2021-07-12 12:26:00,21165.45313,21214.5,67.0,57.6,trip,0
-2.47174E+18,2021-07-12 12:27:00,2021-07-12 12:30:00,21214.5,21215.89063,57.6,57.2,trip,0
-2.47174E+18,2021-07-12 12:56:00,2021-07-12 13:05:00,21215.89063,21222.32813,56.8,56.4,trip,0
-2.47174E+18,2021-07-12 13:15:00,2021-07-12 13:32:00,21222.32813,21234.09375,56.4,53.7,trip,0
-2.47174E+18,2021-07-12 13:33:00,2021-07-12 13:37:00,21234.09375,21234.09375,53.7,53.7,charge,120
-2.47174E+18,2021-07-12 13:37:00,2021-07-12 14:36:00,21234.09375,21303.54688,53.7,40.3,trip,0
-2.47174E+18,2021-07-12 14:43:00,2021-07-12 14:46:00,21303.54688,21303.90625,40.3,40.3,trip,0
-2.47174E+18,2021-07-12 14:57:00,2021-07-12 15:51:00,21303.90625,21378.03125,40.0,24.7,trip,0
-2.47174E+18,2021-07-12 15:52:00,2021-07-12 16:22:00,21378.03125,21378.03125,24.7,32.9,charge,DCCharging
-2.47174E+18,2021-07-12 16:22:00,2021-07-12 16:56:00,21378.03125,21409.53125,32.9,27.0,trip,0
-2.47174E+18,2021-07-12 17:00:00,2021-07-12 17:16:00,21409.53125,21419.39063,26.6,25.4,trip,0
-2.47174E+18,2021-07-12 17:16:00,2021-07-12 17:29:00,21419.39063,21419.39063,25.4,25.4,charge,120
-2.47174E+18,2021-07-12 17:29:00,2021-07-12 18:28:00,21419.39063,21451.26563,25.4,19.2,trip,0
-2.47174E+18,2021-07-12 18:29:00,2021-07-12 18:59:00,21451.26563,21451.26563,19.2,49.4,charge,0
-2.47174E+18,2021-07-12 18:59:00,2021-07-12 20:55:00,21451.26563,21514.96875,49.4,36.0,trip,0
-2.47174E+18,2021-07-12 21:02:00,2021-07-12 21:23:00,21514.96875,21523.1875,36.0,34.5,trip,0
-2.47174E+18,2021-07-12 21:23:00,2021-07-12 21:29:00,21523.1875,21523.1875,34.5,34.5,charge,120
-2.47174E+18,2021-07-12 21:29:00,2021-07-12 21:44:00,21523.1875,21532.51563,34.5,33.3,trip,0
-2.47174E+18,2021-07-12 21:44:00,2021-07-12 23:46:00,21532.51563,21532.51563,33.3,49.8,charge,240
-2.47174E+18,2021-07-12 23:46:00,2021-07-13 00:02:00,21532.51563,21541.39063,49.8,48.6,trip,0
-2.47174E+18,2021-07-13 00:03:00,2021-07-13 00:08:00,21541.39063,21541.39063,48.6,47.8,charge,120
-2.47174E+18,2021-07-13 00:08:00,2021-07-13 00:21:00,21541.39063,21550.70313,47.8,47.4,trip,0
-2.47174E+18,2021-07-13 01:00:00,2021-07-13 01:13:00,21550.70313,21558.875,46.6,45.4,trip,0
-2.47174E+18,2021-07-13 01:13:00,2021-07-13 08:33:00,21558.875,21558.875,45.4,54.5,charge,120
-2.47174E+18,2021-07-13 08:33:00,2021-07-13 09:32:00,21558.875,21616.57813,54.5,43.9,trip,0
-2.47174E+18,2021-07-13 09:32:00,2021-07-13 09:41:00,21616.57813,21616.57813,43.9,44.7,charge,240
-2.47174E+18,2021-07-13 09:41:00,2021-07-13 11:55:00,21616.57813,21717.85938,44.7,25.0,trip,0
-2.47174E+18,2021-07-13 11:56:00,2021-07-13 12:26:00,21717.85938,21717.85938,25.0,57.2,charge,DCCharging
-2.47174E+18,2021-07-13 12:26:00,2021-07-13 12:52:00,21717.85938,21738.15625,57.2,53.7,trip,0
-2.47174E+18,2021-07-13 12:52:00,2021-07-13 13:04:00,21738.15625,21738.15625,53.7,53.7,charge,120
-2.47174E+18,2021-07-13 13:04:00,2021-07-13 14:42:00,21738.15625,21832.40625,53.7,29.4,trip,0
-2.47174E+18,2021-07-13 14:54:00,2021-07-13 16:25:00,21832.40625,21922.28125,29.0,19.2,trip,0
-2.47174E+18,2021-07-13 16:25:00,2021-07-13 16:43:00,21922.28125,21922.28125,19.2,19.2,charge,120
-2.47174E+18,2021-07-13 16:43:00,2021-07-13 17:13:00,21922.28125,21938.15625,19.2,16.8,trip,0
-2.47174E+18,2021-07-13 17:13:00,2021-07-13 18:56:00,21938.15625,21938.15625,16.8,18.8,charge,120
-2.47174E+18,2021-07-13 18:56:00,2021-07-13 19:32:00,21938.15625,21958.95313,18.8,15.6,trip,0
-2.47174E+18,2021-07-13 19:33:00,2021-07-13 20:03:00,21958.95313,21958.95313,15.6,44.7,charge,DCCharging
-2.47174E+18,2021-07-13 20:03:00,2021-07-13 21:09:00,21958.95313,21991.90625,44.7,38.0,trip,0
-2.47174E+18,2021-07-13 21:10:00,2021-07-13 21:42:00,21991.90625,21991.90625,38.0,68.6,charge,DCCharging
-2.47174E+18,2021-07-13 21:42:00,2021-07-13 22:19:00,21991.90625,22012.40625,68.6,64.3,trip,0
-2.47174E+18,2021-07-13 22:19:00,2021-07-13 22:31:00,22012.40625,22012.40625,64.3,64.3,charge,120
-2.47174E+18,2021-07-13 22:31:00,2021-07-13 23:01:00,22012.40625,22029.70313,64.3,60.7,trip,0
-2.47174E+18,2021-07-14 02:28:00,2021-07-14 02:30:00,22029.71875,22030.25,57.6,57.2,trip,0
-2.47174E+18,2021-07-14 02:32:00,2021-07-14 10:47:00,22030.25,22030.25,57.2,66.6,charge,120
-2.47174E+18,2021-07-14 10:47:00,2021-07-14 11:05:00,22030.25,22041.84375,66.6,65.4,trip,0
-2.47174E+18,2021-07-14 13:15:00,2021-07-14 13:32:00,22041.84375,22053.54688,65.0,63.1,trip,0
-2.47174E+18,2021-07-14 13:33:00,2021-07-14 14:05:00,22053.54688,22053.54688,63.1,63.5,charge,120
-2.47174E+18,2021-07-14 14:05:00,2021-07-14 14:17:00,22053.54688,22060.625,63.5,62.3,trip,0
-2.47174E+18,2021-07-14 14:25:00,2021-07-14 14:35:00,22060.625,22065.40625,61.9,61.9,trip,0
-2.47174E+18,2021-07-14 14:44:00,2021-07-14 15:01:00,22065.40625,22075.60938,61.5,59.6,trip,0
-2.47174E+18,2021-07-14 15:02:00,2021-07-14 15:53:00,22075.60938,22075.60938,59.6,60.3,charge,120
-2.47174E+18,2021-07-14 15:53:00,2021-07-14 16:49:00,22075.60938,22103.48438,60.3,56.0,trip,0
-2.47174E+18,2021-07-14 16:50:00,2021-07-14 19:04:00,22103.48438,22103.48438,56.0,58.4,charge,120
-2.47174E+18,2021-07-14 19:04:00,2021-07-14 19:25:00,22103.48438,22115.57813,58.4,56.8,trip,0
-2.47174E+18,2021-07-14 19:31:00,2021-07-14 19:36:00,22115.57813,22118.125,56.8,56.8,trip,0
-2.47174E+18,2021-07-14 19:41:00,2021-07-14 19:54:00,22118.125,22126.95313,56.4,55.6,trip,0
-2.47174E+18,2021-07-14 20:06:00,2021-07-14 20:24:00,22126.95313,22137.4375,55.2,53.7,trip,0
-2.47174E+18,2021-07-14 22:45:00,2021-07-14 23:02:00,22137.4375,22150.82813,51.7,50.1,trip,0
-2.47174E+18,2021-07-14 23:24:00,2021-07-14 23:29:00,22150.82813,22154.03125,49.8,49.4,trip,0
-2.47174E+18,2021-07-14 23:51:00,2021-07-15 00:05:00,22154.03125,22165.54688,49.0,47.0,trip,0
-2.47174E+18,2021-07-15 00:20:00,2021-07-15 00:20:00,22165.5625,22165.5625,47.0,47.0,trip,0
-2.47174E+18,2021-07-15 00:21:00,2021-07-15 10:50:00,22165.5625,22165.5625,47.0,59.6,charge,120
-2.47174E+18,2021-07-15 10:50:00,2021-07-15 11:24:00,22165.5625,22179.54688,59.6,58.0,trip,0
-2.47174E+18,2021-07-15 11:24:00,2021-07-15 12:11:00,22179.54688,22185.67188,58.0,56.8,trip,0
-2.47174E+18,2021-07-15 12:23:00,2021-07-15 12:39:00,22185.67188,22197.0,56.4,55.2,trip,0
-2.47174E+18,2021-07-15 12:40:00,2021-07-15 12:47:00,22197.0,22199.51563,55.2,54.1,trip,0
-2.47174E+18,2021-07-15 12:47:00,2021-07-15 12:55:00,22199.51563,22199.51563,54.1,,charge,120
-2.47174E+18,2021-07-15 12:55:00,2021-07-15 13:07:00,22199.51563,22207.85938,,52.9,trip,0
-2.47174E+18,2021-07-15 13:11:00,2021-07-15 13:11:00,22207.875,22208.0625,52.9,52.9,trip,0
-2.47174E+18,2021-07-15 13:25:00,2021-07-15 13:52:00,22208.0625,22223.20313,52.9,49.8,trip,0
-2.47174E+18,2021-07-15 13:52:00,2021-07-15 14:01:00,22223.20313,22223.20313,49.8,49.8,charge,120
-2.47174E+18,2021-07-15 14:01:00,2021-07-15 14:44:00,22223.20313,22249.0625,49.8,45.8,trip,0
-2.47174E+18,2021-07-15 14:45:00,2021-07-15 16:37:00,22249.0625,22249.0625,45.8,47.4,charge,120
-2.47174E+18,2021-07-15 16:37:00,2021-07-15 20:11:00,22249.0625,22365.6875,47.4,28.2,trip,0
-2.47174E+18,2021-07-15 20:12:00,2021-07-15 20:27:00,22365.6875,22365.6875,28.2,44.7,charge,DCCharging
-2.47174E+18,2021-07-15 20:27:00,2021-07-15 21:19:00,22365.6875,22405.07813,44.7,37.2,trip,0
-2.47174E+18,2021-07-15 22:00:00,2021-07-16 12:09:00,22405.07813,22405.07813,37.2,,charge,120
-2.47174E+18,2021-07-16 12:09:00,2021-07-16 15:45:00,22405.07813,22513.84375,,34.5,trip,0
-2.47174E+18,2021-07-16 15:57:00,2021-07-16 16:28:00,22513.84375,22513.84375,34.5,65.8,charge,DCCharging
-2.47174E+18,2021-07-16 16:28:00,2021-07-16 17:42:00,22513.84375,22550.28125,65.8,59.6,trip,0
-2.47174E+18,2021-07-16 17:42:00,2021-07-16 17:53:00,22550.28125,22550.28125,59.6,59.6,charge,120
-2.47174E+18,2021-07-16 17:53:00,2021-07-16 19:48:00,22550.28125,22654.57813,59.6,38.0,trip,0
-2.47174E+18,2021-07-16 19:57:00,2021-07-16 20:36:00,22654.57813,22696.3125,37.6,29.4,trip,0
-2.47174E+18,2021-07-16 20:46:00,2021-07-16 21:41:00,22696.3125,22770.51563,29.0,14.1,trip,0
-2.47174E+18,2021-07-16 21:42:00,2021-07-16 22:12:00,22770.51563,22770.51563,14.1,43.1,charge,DCCharging
-2.47174E+18,2021-07-16 22:12:00,2021-07-16 22:32:00,22770.51563,22788.85938,43.1,40.3,trip,0
-2.47174E+18,2021-07-16 22:33:00,2021-07-16 22:39:00,22788.85938,22791.375,40.3,40.0,trip,0
-2.47174E+18,2021-07-16 22:39:00,2021-07-16 23:02:00,22791.375,22791.375,40.0,,charge,120
-2.47174E+18,2021-07-16 23:02:00,2021-07-16 23:19:00,22791.375,22804.78125,,37.6,trip,0
-2.47174E+18,2021-07-17 00:04:00,2021-07-17 00:18:00,22804.78125,22804.78125,37.6,37.6,trip,0
-2.47174E+18,2021-07-17 00:21:00,2021-07-17 00:27:00,22804.78125,22807.98438,37.6,37.2,trip,0
-2.47174E+18,2021-07-17 01:28:00,2021-07-17 01:42:00,22808.0,22819.51563,34.9,32.1,trip,0
-2.47174E+18,2021-07-17 01:43:00,2021-07-17 11:03:00,22819.51563,22819.51563,32.1,43.9,charge,120
-2.47174E+18,2021-07-17 11:03:00,2021-07-17 11:10:00,22819.51563,22822.03125,43.9,44.3,trip,0
-2.47174E+18,2021-07-17 11:11:00,2021-07-17 11:32:00,22822.03125,22841.07813,44.3,40.7,trip,0
-2.47174E+18,2021-07-17 11:33:00,2021-07-17 12:05:00,22841.07813,22841.07813,40.7,71.7,charge,DCCharging
-2.47174E+18,2021-07-17 12:05:00,2021-07-17 13:46:00,22841.07813,22948.0,71.7,47.8,trip,0
-2.47174E+18,2021-07-17 13:54:00,2021-07-17 16:13:00,22948.0,23063.85938,47.4,22.7,trip,0
-2.47174E+18,2021-07-17 16:14:00,2021-07-17 16:46:00,23063.85938,23063.85938,22.7,54.1,charge,DCCharging
-2.47174E+18,2021-07-17 16:46:00,2021-07-17 19:26:00,23063.85938,23158.79688,54.1,35.2,trip,0
-2.47174E+18,2021-07-17 19:29:00,2021-07-17 20:01:00,23158.79688,23158.79688,,64.7,charge,0
-2.47174E+18,2021-07-17 20:01:00,2021-07-17 22:36:00,23158.79688,23242.3125,64.7,47.8,trip,0
-2.47174E+18,2021-07-17 23:05:00,2021-07-17 23:55:00,23242.3125,23272.3125,47.4,41.9,trip,0
-2.47174E+18,2021-07-17 23:55:00,2021-07-18 01:05:00,23272.3125,23272.64063,41.9,39.2,trip,0
-2.47174E+18,2021-07-18 01:05:00,2021-07-18 12:28:00,23272.64063,23272.64063,39.2,52.1,charge,120
-2.47174E+18,2021-07-18 12:28:00,2021-07-18 13:10:00,23272.64063,23306.23438,52.1,47.0,trip,0
-2.47174E+18,2021-07-18 13:15:00,2021-07-18 13:50:00,23306.23438,23339.375,47.0,40.7,trip,0
-2.47174E+18,2021-07-18 13:51:00,2021-07-18 14:05:00,23339.375,23339.375,40.7,40.7,charge,120
-2.47174E+18,2021-07-18 14:05:00,2021-07-18 17:16:00,23339.375,23491.28125,40.7,13.3,trip,0
-2.47174E+18,2021-07-18 17:17:00,2021-07-18 17:47:00,23491.28125,23491.28125,13.3,44.7,charge,DCCharging
-2.47174E+18,2021-07-18 17:47:00,2021-07-18 19:45:00,23491.28125,23550.8125,44.7,32.9,trip,0
-2.47174E+18,2021-07-18 19:46:00,2021-07-18 20:18:00,23550.8125,23550.8125,32.9,62.3,charge,DCCharging
-2.47174E+18,2021-07-18 20:18:00,2021-07-18 21:58:00,23550.8125,23621.89063,62.3,47.4,trip,0
-2.47174E+18,2021-07-18 22:00:00,2021-07-18 22:30:00,23621.89063,23621.89063,47.4,76.0,charge,DCCharging
-2.47174E+18,2021-07-18 22:30:00,2021-07-18 23:04:00,23621.89063,23646.95313,76.0,71.7,trip,0
-2.47174E+18,2021-07-18 23:06:00,2021-07-19 14:15:00,23646.95313,23646.95313,71.7,89.8,charge,0
-2.47174E+18,2021-07-19 14:15:00,2021-07-19 17:41:00,23646.95313,23759.32813,89.8,68.2,trip,0
-2.47174E+18,2021-07-19 17:43:00,2021-07-19 18:55:00,23759.32813,23759.32813,68.2,69.0,charge,0
-2.47174E+18,2021-07-19 18:55:00,2021-07-19 21:14:00,23759.32813,23828.64063,69.0,52.9,trip,0
-2.47174E+18,2021-07-19 21:14:00,2021-07-19 21:25:00,23828.64063,23828.64063,52.9,52.9,charge,120
-2.47174E+18,2021-07-19 21:25:00,2021-07-19 23:54:00,23828.64063,23915.20313,52.9,36.0,trip,0
-2.47174E+18,2021-07-19 23:56:00,2021-07-20 00:26:00,23915.20313,23915.20313,36.0,66.6,charge,DCCharging
-2.47174E+18,2021-07-20 00:26:00,2021-07-20 04:16:00,23915.20313,24094.375,66.6,31.3,trip,0
-2.47174E+18,2021-07-20 04:16:00,2021-07-20 15:04:00,24094.375,24094.375,31.3,,charge,0
-2.47174E+18,2021-07-20 15:04:00,2021-07-20 15:12:00,24094.375,24096.92188,,44.7,trip,0
-2.47174E+18,2021-07-20 15:14:00,2021-07-20 15:16:00,24096.92188,24097.29688,44.7,44.7,trip,0
-2.47174E+18,2021-07-20 15:20:00,2021-07-20 17:52:00,24097.29688,24204.98438,44.3,24.3,trip,0
-2.47174E+18,2021-07-20 17:53:00,2021-07-20 18:24:00,24204.98438,24204.98438,24.3,55.6,charge,DCCharging
-2.47174E+18,2021-07-20 18:24:00,2021-07-20 23:47:00,24204.98438,24410.57813,55.6,16.4,trip,0
-2.47174E+18,2021-07-20 23:48:00,2021-07-21 00:37:00,24410.57813,24434.39063,16.4,12.1,trip,0
-2.47174E+18,2021-07-21 00:38:00,2021-07-21 10:58:00,24434.39063,24434.39063,12.1,24.7,charge,120
-1.12313E+18,2021-01-01 00:45:00,2021-01-01 00:48:00,172562.9688,172562.9688,20.3,20.0,charge,0
-1.12313E+18,2021-01-01 00:48:00,2021-01-01 00:55:00,172562.9688,172570.4688,20.0,17.6,trip,0
-1.12313E+18,2021-01-01 00:55:00,2021-01-01 01:01:00,172570.4688,172570.5156,17.6,17.2,trip,0
-1.12313E+18,2021-01-01 01:01:00,2021-01-01 01:03:00,172570.5156,172571.4375,17.2,16.8,trip,0
-1.12313E+18,2021-01-01 01:04:00,2021-01-01 01:20:00,172571.4375,172589.2344,16.8,9.0,trip,0
-1.12313E+18,2021-01-01 01:21:00,2021-01-01 02:22:00,172589.2344,172589.2344,9.0,74.9,charge,DCCharging
-1.12313E+18,2021-01-01 02:22:00,2021-01-01 04:10:00,172589.2344,172694.2656,74.9,31.7,trip,0
-1.12313E+18,2021-01-01 04:11:00,2021-01-01 05:10:00,172694.2656,172694.2656,31.7,86.2,charge,DCCharging
-1.12313E+18,2021-01-01 05:10:00,2021-01-01 05:14:00,172694.2656,172696.9219,86.2,85.8,trip,0
-1.12313E+18,2021-01-01 09:16:00,2021-01-01 12:12:00,172696.9219,172846.5469,86.2,26.6,trip,0
-1.12313E+18,2021-01-01 12:13:00,2021-01-01 12:46:00,172846.5469,172846.5469,26.6,60.0,charge,DCCharging
-1.12313E+18,2021-01-01 12:46:00,2021-01-01 14:14:00,172846.5469,172964.7813,60.0,17.2,trip,0
-1.12313E+18,2021-01-02 01:31:00,2021-01-02 01:36:00,172964.7813,172967.5313,16.8,15.2,trip,0
-1.12313E+18,2021-01-02 01:37:00,2021-01-02 03:06:00,172967.5313,172967.5313,15.2,84.7,charge,DCCharging
-1.12313E+18,2021-01-02 03:06:00,2021-01-02 03:11:00,172967.5313,172970.2031,84.7,84.3,trip,0
-1.12313E+18,2021-01-02 05:28:00,2021-01-02 08:56:00,172970.2031,173067.5156,84.7,40.3,trip,0
-1.12313E+18,2021-01-02 08:58:00,2021-01-02 09:34:00,173067.5156,173067.5156,40.3,71.3,charge,DCCharging
-1.12313E+18,2021-01-02 09:34:00,2021-01-02 09:37:00,173067.5156,173068.2656,71.3,71.3,trip,0
-1.12313E+18,2021-01-02 09:38:00,2021-01-02 09:43:00,173068.2656,173070.2969,71.3,70.9,trip,0
-1.12313E+18,2021-01-02 21:13:00,2021-01-02 21:22:00,173070.3125,173073.6563,72.1,70.1,trip,0
-1.12313E+18,2021-01-02 21:29:00,2021-01-02 23:04:00,173073.6563,173140.8594,70.1,41.9,trip,0
-1.12313E+18,2021-01-02 23:15:00,2021-01-02 23:50:00,173140.8594,173140.8594,,69.4,charge,DCCharging
-1.12313E+18,2021-01-02 23:50:00,2021-01-03 00:48:00,173140.8594,173183.2188,69.4,55.2,trip,0
-1.12313E+18,2021-01-03 08:18:00,2021-01-03 09:21:00,173183.2188,173230.8125,54.5,30.5,trip,0
-1.12313E+18,2021-01-03 09:22:00,2021-01-03 10:31:00,173230.8125,173230.8125,30.5,81.9,charge,DCCharging
-1.12313E+18,2021-01-03 10:31:00,2021-01-03 10:35:00,173230.8125,173233.0781,81.9,81.1,trip,0
-1.12313E+18,2021-01-03 10:38:00,2021-01-03 14:07:00,173233.0781,173339.9688,81.5,41.1,trip,0
-1.12313E+18,2021-01-03 14:41:00,2021-01-03 15:01:00,173339.9688,173348.6094,40.7,37.6,trip,0
-1.12313E+18,2021-01-03 15:01:00,2021-01-03 15:40:00,173348.625,173380.2969,37.6,28.2,trip,0
-1.12313E+18,2021-01-03 15:41:00,2021-01-03 16:43:00,173380.2969,173380.2969,28.2,83.1,charge,DCCharging
-1.12313E+18,2021-01-03 16:43:00,2021-01-03 17:57:00,173380.2969,173436.6406,83.1,66.6,trip,0
-1.12313E+18,2021-01-04 08:54:00,2021-01-04 09:07:00,173436.6406,173438.0313,67.8,65.0,trip,0
-1.12313E+18,2021-01-04 09:07:00,2021-01-04 09:09:00,173438.0313,173438.0625,65.0,64.7,trip,0
-1.12313E+18,2021-01-04 09:09:00,2021-01-04 09:16:00,173438.0625,173443.0781,64.7,62.7,trip,0
-1.12313E+18,2021-01-04 09:16:00,2021-01-04 09:17:00,173443.0781,173443.0781,62.7,62.7,trip,0
-1.12313E+18,2021-01-04 09:17:00,2021-01-04 09:43:00,173443.0781,173443.0781,62.7,75.2,charge,DCCharging
-1.12313E+18,2021-01-04 09:43:00,2021-01-04 11:30:00,173443.0781,173519.7969,75.2,49.0,trip,0
-1.12313E+18,2021-01-04 11:50:00,2021-01-04 11:50:00,173519.8125,173519.8281,48.6,48.6,trip,0
-1.12313E+18,2021-01-04 11:50:00,2021-01-04 13:03:00,173519.8281,173519.9375,48.6,47.8,trip,0
-1.12313E+18,2021-01-04 13:03:00,2021-01-04 14:08:00,173519.9375,173575.25,47.8,29.0,trip,0
-1.12313E+18,2021-01-04 14:09:00,2021-01-04 14:32:00,173575.25,173575.25,29.0,51.7,charge,DCCharging
-1.12313E+18,2021-01-04 14:32:00,2021-01-04 14:51:00,173575.25,173584.875,51.7,50.1,trip,0
-1.12313E+18,2021-01-04 14:52:00,2021-01-04 15:38:00,173584.875,173584.875,50.1,83.5,charge,DCCharging
-1.12313E+18,2021-01-04 15:38:00,2021-01-04 18:13:00,173584.875,173692.2656,83.5,49.0,trip,0
-1.12313E+18,2021-01-04 18:14:00,2021-01-04 18:25:00,173692.2656,173694.375,49.0,47.8,trip,0
-1.12313E+18,2021-01-05 09:58:00,2021-01-05 10:47:00,173694.375,173719.4063,46.6,34.9,trip,0
-1.12313E+18,2021-01-05 10:50:00,2021-01-05 12:01:00,173719.4063,173719.4063,34.9,82.3,harge,DCCharging
-1.12313E+18,2021-01-05 12:01:00,2021-01-05 12:55:00,173719.4063,173745.3906,82.3,74.5,trip,0
-1.12313E+18,2021-01-05 13:05:00,2021-01-05 13:42:00,173745.3906,173748.625,74.5,73.3,trip,0
-1.12313E+18,2021-01-05 15:58:00,2021-01-05 17:33:00,173748.625,173801.8281,74.9,56.0,trip,0
-1.12313E+18,2021-01-06 09:49:00,2021-01-06 11:38:00,173801.8281,173867.8906,53.3,22.7,trip,0
-1.12313E+18,2021-01-06 11:39:00,2021-01-06 13:05:00,173867.8906,173867.8906,22.7,86.6,charge,DCCharging
-1.12313E+18,2021-01-06 13:05:00,2021-01-06 14:34:00,173867.8906,173921.3281,86.6,72.5,trip,0
-1.12313E+18,2021-01-06 14:37:00,2021-01-06 15:29:00,173921.3281,173955.9844,72.5,61.1,trip,0
-1.12313E+18,2021-01-06 15:34:00,2021-01-06 17:47:00,173955.9844,174061.0,60.7,27.4,trip,0
-1.12313E+18,2021-01-06 21:03:00,2021-01-06 21:13:00,174061.0,174064.3281,29.0,26.6,trip,0
-1.12313E+18,2021-01-06 21:28:00,2021-01-06 22:06:00,174064.3281,174076.5313,25.8,21.9,trip,0
-1.12313E+18,2021-01-06 22:08:00,2021-01-06 23:05:00,174076.5313,174076.5313,21.9,76.0,charge,DCCharging
-1.12313E+18,2021-01-06 23:05:00,2021-01-06 23:12:00,174076.5313,174079.2188,76.0,76.0,trip,0
-1.12313E+18,2021-01-07 03:17:00,2021-01-07 04:56:00,174079.2188,174196.2344,76.0,25.8,trip,0
-1.12313E+18,2021-01-07 04:57:00,2021-01-07 06:19:00,174196.2344,174196.2344,25.8,87.8,charge,DCCharging
-1.12313E+18,2021-01-07 06:19:00,2021-01-07 07:58:00,174196.2344,174328.9219,87.8,41.9,trip,0
-1.12313E+18,2021-01-07 19:24:00,2021-01-07 20:45:00,174328.9219,174411.7813,45.4,9.4,trip,0
-1.12313E+18,2021-01-07 20:45:00,2021-01-07 20:46:00,174411.7813,174411.7813,9.4,,charge,0
-1.12313E+18,2021-01-07 20:46:00,2021-01-07 20:48:00,174411.7813,174413.3637,,8.6,trip,0
-1.12313E+18,2021-01-07 20:48:00,2021-01-07 21:49:00,174413.3637,174413.3637,8.6,69.0,charge,DCCharging
-1.12313E+18,2021-01-07 21:49:00,2021-01-08 00:01:00,174413.3637,174475.1094,69.0,47.4,trip,0
-1.12313E+18,2021-01-08 03:52:00,2021-01-08 04:00:00,174475.1094,174475.1094,47.8,46.2,trip,0
-1.12313E+18,2021-01-08 12:10:00,2021-01-08 13:29:00,174475.1094,174491.1563,44.7,34.5,trip,0
-1.12313E+18,2021-01-08 13:30:00,2021-01-08 14:37:00,174491.1563,174491.1563,34.5,79.6,charge,DCCharging
-1.12313E+18,2021-01-08 14:37:00,2021-01-08 15:25:00,174491.1563,174523.2813,79.6,70.9,trip,0
-1.12313E+18,2021-01-08 15:25:00,2021-01-08 15:28:00,174523.2813,174523.3281,70.9,70.9,trip,0
-1.12313E+18,2021-01-08 15:28:00,2021-01-08 17:15:00,174523.3281,174575.2813,70.9,53.7,trip,0
-1.12313E+18,2021-01-08 17:25:00,2021-01-08 18:05:00,174575.2813,174589.8125,53.7,47.4,trip,0
-1.12313E+18,2021-01-09 00:49:00,2021-01-09 02:09:00,174589.8125,174686.1406,47.4,9.0,trip,0
-1.12313E+18,2021-01-09 02:09:00,2021-01-09 03:02:00,174686.1406,174686.1406,9.0,67.4,charge,DCCharging
-1.12313E+18,2021-01-09 03:02:00,2021-01-09 04:55:00,174686.1406,174778.2813,67.4,34.5,trip,0
-1.12313E+18,2021-01-09 17:56:00,2021-01-09 18:05:00,174778.2813,174781.1875,34.1,33.7,trip,0
-1.12313E+18,2021-01-09 18:07:00,2021-01-09 18:07:00,174781.1875,174781.1875,33.7,33.7,trip,0
-1.12313E+18,2021-01-09 18:11:00,2021-01-09 18:11:00,174781.1875,174783.4388,,33.3,trip,0
-1.12313E+18,2021-01-09 18:11:00,2021-01-09 19:19:00,174783.4388,174783.4388,33.3,83.1,charge,DCCharging
-1.12313E+18,2021-01-09 19:19:00,2021-01-09 21:12:00,174783.4388,174855.75,83.1,58.4,trip,0
-1.12313E+18,2021-01-09 21:16:00,2021-01-09 21:55:00,174855.7655,174888.3438,58.4,45.4,trip,0
-1.12313E+18,2021-01-09 21:57:00,2021-01-09 23:24:00,174888.3438,174888.3438,45.4,87.4,charge,DCCharging
-1.12313E+18,2021-01-09 23:24:00,2021-01-09 23:49:00,174888.3438,174906.9531,87.4,82.7,trip,0
-1.12313E+18,2021-01-10 13:02:00,2021-01-10 13:16:00,174906.9531,174910.2969,86.2,83.5,trip,0
-1.12313E+18,2021-01-10 13:33:00,2021-01-10 13:44:00,174910.2969,174913.7344,83.5,81.9,trip,0
-1.12313E+18,2021-01-10 19:04:00,2021-01-10 21:30:00,174913.7344,175045.1563,81.9,27.8,trip,0
-1.12313E+18,2021-01-10 21:30:00,2021-01-10 21:31:00,175045.1563,175045.2031,27.8,27.8,trip,0
-1.12313E+18,2021-01-10 21:32:00,2021-01-10 22:50:00,175045.2031,175045.2031,27.8,85.8,charge,DCCharging
-1.12313E+18,2021-01-10 22:50:00,2021-01-11 02:31:00,175045.2031,175219.7555,85.8,15.5,trip,0
-1.12313E+18,2021-01-11 03:58:00,2021-01-11 04:03:00,175219.7655,175222.6875,18.0,17.5,trip,0
-1.12313E+18,2021-01-11 04:04:00,2021-01-11 05:01:00,175222.6875,175222.6875,17.6,74.1,charge,DCCharging
-1.12313E+18,2021-01-11 05:01:00,2021-01-11 16:00:00,175222.6875,175308.4375,74.1,36.8,trip,0
-1.12313E+18,2021-01-11 16:00:00,2021-01-11 16:14:00,175308.4375,175312.625,36.8,36.0,trip,0
-1.12313E+18,2021-01-11 15:15:00,2021-01-11 17:21:00,175312.525,175312.525,35.0,83.1,charge,DCCharging