vin,timestamp,end_time,odo,end_odo,soc,end_soc,event,charge_mode
-1.12313e+18,0.0,0.11666666666666667,172562.9688,172570.4688,20.0,17.6,trip,0
-1.12313e+18,0.11666666666666667,0.21666666666666667,172570.4688,172570.5156,17.6,17.2,trip,0
-1.12313e+18,0.21666666666666667,0.25,172570.5156,172571.4375,17.2,16.8,trip,0
-1.12313e+18,0.26666666666666666,0.5333333333333333,172571.4375,172589.2344,16.8,9.0,trip,0
-1.12313e+18,0.55,1.5666666666666667,172589.2344,172589.2344,9.0,74.9,charge,DCCharging
-1.12313e+18,1.5666666666666667,3.3666666666666667,172589.2344,172694.2656,74.9,31.7,trip,0
-1.12313e+18,3.3833333333333333,4.366666666666666,172694.2656,172694.2656,31.7,86.2,charge,DCCharging
-1.12313e+18,4.366666666666666,4.433333333333334,172694.2656,172696.9219,86.2,85.8,trip,0
-1.12313e+18,8.466666666666667,11.4,172696.9219,172846.5469,86.2,26.6,trip,0
-1.12313e+18,11.416666666666666,11.966666666666667,172846.5469,172846.5469,26.6,60.0,charge,DCCharging
-1.12313e+18,11.966666666666667,13.433333333333334,172846.5469,172964.7813,60.0,17.2,trip,0
-8.99632e+18,19.716666666666665,19.833333333333332,4436.640625,4439.46875,56.4,54.9,trip,0
-8.99632e+18,19.85,38.416666666666664,4439.46875,4439.46875,54.9,100.0,charge,240
-1.12313e+18,24.716666666666665,24.8,172964.7813,172967.5313,16.8,15.2,trip,0
-1.12313e+18,24.816666666666666,26.3,172967.5313,172967.5313,15.2,84.7,charge,DCCharging
-1.12313e+18,26.3,26.383333333333333,172967.5313,172970.2031,84.7,84.3,trip,0
-1.12313e+18,28.666666666666668,32.13333333333333,172970.2031,173067.5156,84.7,40.3,trip,0
-1.12313e+18,32.166666666666664,32.766666666666666,173067.5156,173067.5156,40.3,71.3,charge,DCCharging
-1.12313e+18,32.766666666666666,32.81666666666667,173067.5156,173068.2656,71.3,71.3,trip,0
-1.12313e+18,32.833333333333336,32.916666666666664,173068.2656,173070.2969,71.3,70.9,trip,0
-8.99632e+18,38.55,40.96666666666667,4442.5,4457.125,100.0,94.5,trip,0
-8.99632e+18,41.5,41.516666666666666,4461.45,4461.48375,94.1,94.1,trip,0
-1.12313e+18,44.416666666666664,44.56666666666667,173070.3125,173073.6563,72.1,70.1,trip,0
-8.99632e+18,44.666666666666664,44.983333333333334,4461.48375,4480.75,93.7,89.4,trip,0
-1.12313e+18,44.68333333333333,46.266666666666666,173073.6563,173140.8594,70.1,41.9,trip,0
-1.12313e+18,47.03333333333333,48.0,173140.8594,173183.2188,69.4,55.2,trip,0
-1.12313e+18,55.5,56.55,173183.2188,173230.8125,54.5,30.5,trip,0
-1.12313e+18,56.56666666666667,57.71666666666667,173230.8125,173230.8125,30.5,81.9,charge,DCCharging
-1.12313e+18,57.71666666666667,57.78333333333333,173230.8125,173233.0781,81.9,81.1,trip,0
-1.12313e+18,57.833333333333336,61.31666666666667,173233.0781,173339.9688,81.5,41.1,trip,0
-8.99632e+18,61.333333333333336,62.21666666666667,4480.75,4560.171875,89.0,70.1,trip,0
-1.12313e+18,61.88333333333333,62.21666666666667,173339.9688,173348.6094,40.7,37.6,trip,0
-1.12313e+18,62.21666666666667,62.86666666666667,173348.625,173380.2969,37.6,28.2,trip,0
-8.99632e+18,62.5,62.55,4560.171875,4560.359375,70.1,70.1,trip,0
-1.12313e+18,62.88333333333333,63.916666666666664,173380.2969,173380.2969,28.2,83.1,charge,DCCharging
-1.12313e+18,63.916666666666664,65.15,173380.2969,173436.6406,83.1,66.6,trip,0
-8.99632e+18,66.78333333333333,68.26666666666667,4560.359375,4656.9375,70.5,43.9,trip,0
-8.99632e+18,68.48333333333333,68.5,4656.9375,4658.234375,43.5,43.5,trip,0
-8.99632e+18,68.5,69.13333333333334,4658.234375,4658.234375,43.5,46.6,charge,240
-8.99632e+18,69.13333333333334,69.2,4658.234375,4658.234375,46.6,46.6,trip,0
-8.99632e+18,69.21666666666667,69.33333333333333,4658.921875,4662.390625,46.6,45.4,trip,0
-1.12313e+18,80.1,80.31666666666666,173436.6406,173438.0313,67.8,65.0,trip,0
-1.12313e+18,80.31666666666666,80.35,173438.0313,173438.0625,65.0,64.7,trip,0
-1.12313e+18,80.35,80.46666666666667,173438.0625,173443.0781,64.7,62.7,trip,0
-1.12313e+18,80.46666666666667,80.48333333333333,173443.0781,173443.0781,62.7,62.7,trip,0
-1.12313e+18,80.48333333333333,80.91666666666667,173443.0781,173443.0781,62.7,75.2,charge,DCCharging
-1.12313e+18,80.91666666666667,82.7,173443.0781,173519.7969,75.2,49.0,trip,0
-1.12313e+18,83.03333333333333,84.25,173519.8281,173519.9375,48.6,47.8,trip,0
-1.12313e+18,83.03333333333333,83.03333333333333,173519.8125,173519.8281,48.6,48.6,trip,0
-1.12313e+18,84.25,85.33333333333333,173519.9375,173575.25,47.8,29.0,trip,0
-1.12313e+18,85.35,85.73333333333333,173575.25,173575.25,29.0,51.7,charge,DCCharging
-1.12313e+18,85.73333333333333,86.05,173575.25,173584.875,51.7,50.1,trip,0
-1.12313e+18,86.06666666666666,86.83333333333333,173584.875,173584.875,50.1,83.5,charge,DCCharging
-1.12313e+18,86.83333333333333,89.41666666666667,173584.875,173692.2656,83.5,49.0,trip,0
-8.99632e+18,88.95,89.05,4662.390625,4665.203125,45.8,45.0,trip,0
-1.12313e+18,89.43333333333334,89.61666666666666,173692.2656,173694.375,49.0,47.8,trip,0
-8.99632e+18,89.46666666666667,96.66666666666667,4667.953125,4667.953125,44.3,72.5,charge,240
-8.99632e+18,96.66666666666667,97.85,4667.953125,4768.390625,72.5,48.6,trip,0
-8.99632e+18,98.2,99.21666666666667,4768.390625,4865.609375,48.2,16.4,trip,0
-1.12313e+18,105.16666666666667,105.98333333333333,173694.375,173719.4063,46.6,34.9,trip,0
-1.12313e+18,106.03333333333333,107.21666666666667,173719.4063,173719.4063,34.9,82.3,harge,DCCharging
-8.99632e+18,106.98333333333333,107.13333333333334,4865.609375,4868.421875,16.8,16.0,trip,0
-8.99632e+18,107.18333333333334,112.28333333333333,4868.421875,4868.421875,16.0,58.4,charge,240
-1.12313e+18,107.21666666666667,108.11666666666666,173719.4063,173745.3906,82.3,74.5,trip,0
-1.12313e+18,108.28333333333333,108.9,173745.3906,173748.625,74.5,73.3,trip,0
-1.12313e+18,111.16666666666667,112.75,173748.625,173801.8281,74.9,56.0,trip,0
-8.99632e+18,112.28333333333333,112.4,4868.421875,4870.953125,58.4,58.8,trip,0
-8.99632e+18,113.66666666666667,114.0,4870.953125,4880.484375,59.2,58.4,trip,0
-8.99632e+18,114.06666666666666,114.1,4880.484375,4880.484375,58.0,59.6,charge,DCCharging
-8.99632e+18,114.1,114.68333333333334,4880.484375,4880.484375,59.6,81.1,charge,DCCharging
-8.99632e+18,114.68333333333334,115.66666666666667,4880.484375,4973.09375,81.1,60.7,trip,0
-8.99632e+18,115.66666666666667,115.71666666666667,4973.09375,4973.25,60.7,60.7,trip,0
-8.99632e+18,115.71666666666667,115.76666666666667,4973.25,4974.078125,60.7,60.3,trip,0
-1.12313e+18,129.01666666666668,130.83333333333334,173801.8281,173867.8906,53.3,22.7,trip,0
-1.12313e+18,130.85,132.28333333333333,173867.8906,173867.8906,22.7,86.6,charge,DCCharging
-1.12313e+18,132.28333333333333,133.76666666666668,173867.8906,173921.3281,86.6,72.5,trip,0
-1.12313e+18,133.81666666666666,134.68333333333334,173921.3281,173955.9844,72.5,61.1,trip,0
-8.99632e+18,133.85,134.38333333333333,4975.34375,4975.34375,59.6,64.3,charge,240
-8.99632e+18,134.38333333333333,134.76666666666668,4975.34375,4981.546875,64.3,62.3,trip,0
-8.99632e+18,134.76666666666668,134.78333333333333,4981.546875,4981.5625,62.3,62.3,trip,0
-1.12313e+18,134.76666666666668,136.98333333333332,173955.9844,174061.0,60.7,27.4,trip,0
-8.99632e+18,134.78333333333333,137.36666666666667,4981.5625,4998.109375,62.3,59.6,trip,0
-8.99632e+18,137.36666666666667,137.41666666666666,4998.109375,4998.59375,59.6,59.6,trip,0
-8.99632e+18,137.41666666666666,137.81666666666666,4998.59375,5000.78125,59.6,58.8,trip,0
-8.99632e+18,137.81666666666666,138.26666666666668,5000.78125,5006.25,58.8,58.4,trip,0
-8.99632e+18,138.35,138.4,5006.25,5007.3125,57.6,57.6,trip,0
-8.99632e+18,138.4,138.43333333333334,5007.3125,5007.5,57.6,57.6,trip,0
-8.99632e+18,138.78333333333333,138.8,5007.5,5008.265625,68.6,68.6,trip,0
-8.99632e+18,140.11666666666667,140.33333333333334,5010.078125,5015.25,68.2,67.0,trip,0
-1.12313e+18,140.25,140.41666666666666,174061.0,174064.3281,29.0,26.6,trip,0
-8.99632e+18,140.48333333333332,140.66666666666666,5015.25,5024.5625,66.6,64.7,trip,0
-1.12313e+18,140.66666666666666,141.3,174064.3281,174076.5313,25.8,21.9,trip,0
-8.99632e+18,140.96666666666667,141.03333333333333,5024.5625,5025.71875,63.9,63.9,trip,0
-1.12313e+18,141.33333333333334,142.28333333333333,174076.5313,174076.5313,21.9,76.0,charge,DCCharging
-1.12313e+18,146.48333333333332,148.13333333333333,174079.2188,174196.2344,76.0,25.8,trip,0
-1.12313e+18,148.15,149.51666666666668,174196.2344,174196.2344,25.8,87.8,charge,DCCharging
-1.12313e+18,149.51666666666668,151.16666666666666,174196.2344,174328.9219,87.8,41.9,trip,0
-8.99632e+18,153.6,154.06666666666666,5025.71875,5047.5,63.5,57.6,trip,0
-8.99632e+18,156.76666666666668,157.36666666666667,5047.5,5070.328125,56.4,52.5,trip,0
-8.99632e+18,162.4,163.08333333333334,5070.328125,5086.34375,51.7,49.4,trip,0
-1.12313e+18,162.6,163.95,174328.9219,174411.7813,45.4,9.4,trip,0
-1.12313e+18,164.0,165.01666666666668,174413.3637,174413.3637,8.6,69.0,charge,DCCharging
-8.99632e+18,164.1,164.21666666666667,5086.34375,5088.5,49.0,48.6,trip,0
-1.12313e+18,165.01666666666668,167.21666666666667,174413.3637,174475.1094,69.0,47.4,trip,0
-8.99632e+18,165.01666666666668,175.26666666666668,5088.5,5105.359375,78.4,74.1,trip,0
-1.12313e+18,171.06666666666666,171.2,174475.1094,174475.1094,47.8,46.2,trip,0
-8.99632e+18,175.26666666666668,176.15,5105.359375,5189.65625,74.1,44.3,trip,0
-8.99632e+18,178.13333333333333,178.41666666666666,5189.65625,5201.6875,43.5,40.0,trip,0
-8.99632e+18,178.41666666666666,180.58333333333334,5201.6875,5201.765625,40.0,40.3,trip,0
-1.12313e+18,179.36666666666667,180.68333333333334,174475.1094,174491.1563,44.7,34.5,trip,0
-8.99632e+18,180.58333333333334,180.7,5201.765625,5204.515625,40.3,40.0,trip,0
-1.12313e+18,180.7,181.81666666666666,174491.1563,174491.1563,34.5,79.6,charge,DCCharging
-8.99632e+18,180.71666666666667,189.93333333333334,5204.515625,5204.515625,40.0,100.0,charge,240
-1.12313e+18,181.81666666666666,182.61666666666667,174491.1563,174523.2813,79.6,70.9,trip,0
-1.12313e+18,182.61666666666667,182.66666666666666,174523.2813,174523.3281,70.9,70.9,trip,0
-1.12313e+18,182.66666666666666,184.45,174523.3281,174575.2813,70.9,53.7,trip,0
-1.12313e+18,184.61666666666667,185.28333333333333,174575.2813,174589.8125,53.7,47.4,trip,0
-1.12313e+18,192.01666666666668,193.35,174589.8125,174686.1406,47.4,9.0,trip,0
-1.12313e+18,193.35,194.23333333333332,174686.1406,174686.1406,9.0,67.4,charge,DCCharging
-1.12313e+18,194.23333333333332,196.11666666666667,174686.1406,174778.2813,67.4,34.5,trip,0
-8.99632e+18,201.2,202.01666666666668,5207.25,5286.109375,100.0,78.4,trip,0
-8.99632e+18,204.95,205.0,5286.109375,5287.15625,77.6,77.6,trip,0
-8.99632e+18,205.0,207.33333333333334,5287.15625,5366.84375,77.6,56.8,trip,0
-8.99632e+18,207.33333333333334,207.35,5366.84375,5366.875,56.8,56.8,trip,0
-8.99632e+18,207.46666666666667,230.45,5445.390625,5445.390625,56.4,78.0,charge,120
-1.12313e+18,209.13333333333333,209.28333333333333,174778.2813,174781.1875,34.1,33.7,trip,0
-1.12313e+18,209.38333333333333,210.51666666666668,174783.4388,174783.4388,33.3,83.1,charge,DCCharging
-1.12313e+18,210.51666666666668,212.4,174783.4388,174855.75,83.1,58.4,trip,0
-1.12313e+18,212.46666666666667,213.11666666666667,174855.7655,174888.3438,58.4,45.4,trip,0
-1.12313e+18,213.15,214.6,174888.3438,174888.3438,45.4,87.4,charge,DCCharging
-1.12313e+18,214.6,215.01666666666668,174888.3438,174906.9531,87.4,82.7,trip,0
-1.12313e+18,228.23333333333332,228.46666666666667,174906.9531,174910.2969,86.2,83.5,trip,0
-1.12313e+18,228.75,228.93333333333334,174910.2969,174913.7344,83.5,81.9,trip,0
-1.12313e+18,234.26666666666668,236.7,174913.7344,175045.1563,81.9,27.8,trip,0
-8.99632e+18,234.78333333333333,235.08333333333334,5446.46875,5454.53125,76.4,74.1,trip,0
-8.99632e+18,235.08333333333334,236.11666666666667,5454.53125,5540.78125,74.1,48.6,trip,0
-1.12313e+18,236.7,236.71666666666667,175045.1563,175045.2031,27.8,27.8,trip,0
-1.12313e+18,236.73333333333332,238.03333333333333,175045.2031,175045.2031,27.8,85.8,charge,DCCharging
-1.12313e+18,238.03333333333333,241.71666666666667,175045.2031,175219.7555,85.8,15.5,trip,0
-8.99632e+18,239.33333333333334,253.4,5540.78125,5540.78125,49.4,74.5,charge,120
-1.12313e+18,243.16666666666666,243.25,175219.7655,175222.6875,18.0,17.5,trip,0
-1.12313e+18,243.26666666666668,244.21666666666667,175222.6875,175222.6875,17.6,74.1,charge,DCCharging
-8.99632e+18,253.4,253.5,5540.78125,5540.8125,74.5,74.1,trip,0
-8.99632e+18,253.5,254.45,5540.8125,5631.203125,74.1,54.9,trip,0
-8.99632e+18,256.23333333333335,257.56666666666666,5635.734375,5730.109375,53.3,27.0,trip,0
-8.99632e+18,257.71666666666664,257.95,5730.125,5735.203125,27.0,26.2,trip,0
-8.99632e+18,257.95,273.73333333333335,5735.203125,5735.203125,26.2,100.0,charge,240
-8.99632e+18,273.73333333333335,273.8666666666667,5735.203125,5739.125,100.0,99.2,trip,0
-8.99632e+18,273.8666666666667,274.85,5739.125,5824.203125,99.2,78.0,trip,0
-8.99632e+18,274.85,300.31666666666666,5824.203125,5909.734375,78.0,53.7,trip,0
-8.99632e+18,300.31666666666666,300.35,5909.734375,5909.765625,53.7,53.7,trip,0
-8.99632e+18,300.3666666666667,305.51666666666665,5909.765625,5909.765625,53.7,62.3,charge,120
-8.99632e+18,305.51666666666665,306.45,5909.765625,5996.625,62.3,41.5,trip,0
-8.99632e+18,306.51666666666665,306.55,5996.625,5996.96875,41.5,41.5,trip,0
-8.99632e+18,306.56666666666666,306.7,5996.96875,5996.96875,41.5,50.1,charge,DCCharging
-8.99632e+18,306.7,307.96666666666664,5996.96875,5998.875,50.1,50.9,trip,0
-8.99632e+18,307.96666666666664,309.15,5998.875,6084.390625,50.9,25.8,trip,0
-8.99632e+18,309.23333333333335,311.31666666666666,6084.390625,6084.390625,25.8,29.4,charge,120
-8.99632e+18,311.31666666666666,311.4,6084.390625,6087.234375,29.4,28.2,trip,0
-8.99632e+18,311.4166666666667,321.03333333333336,6087.234375,6087.234375,28.2,100.0,charge,240
-8.99632e+18,321.03333333333336,321.98333333333335,6087.234375,6163.546875,100.0,85.8,trip,0
-8.99632e+18,321.98333333333335,322.06666666666666,6163.546875,6163.59375,85.8,85.4,trip,0
-8.99632e+18,322.06666666666666,322.1,6163.59375,6164.609375,85.4,85.4,trip,0
-8.99632e+18,324.8,324.81666666666666,6164.609375,6164.625,84.3,84.3,trip,0
-8.99632e+18,325.18333333333334,325.3333333333333,6165.65625,6168.609375,84.3,83.5,trip,0
-8.99632e+18,329.2,329.35,6168.609375,6170.328125,83.1,82.7,trip,0
-8.99632e+18,329.5,329.51666666666665,6170.328125,6170.34375,82.3,82.3,trip,0
-8.99632e+18,329.55,329.6,6170.34375,6170.34375,82.3,82.3,trip,0
-8.99632e+18,329.6166666666667,329.65,6170.34375,6170.640625,82.3,82.3,trip,0
-8.99632e+18,329.7,330.3666666666667,6170.640625,6180.640625,82.3,80.3,trip,0
-8.99632e+18,330.3666666666667,330.43333333333334,6180.640625,6181.84375,80.3,80.0,trip,0
-8.99632e+18,330.43333333333334,331.06666666666666,6181.84375,6181.84375,80.0,81.5,charge,240
-8.99632e+18,331.06666666666666,331.1666666666667,6181.84375,6181.84375,81.5,81.5,trip,0
-8.99632e+18,333.21666666666664,334.1666666666667,6181.84375,6267.171875,81.5,56.4,trip,0
-8.99632e+18,334.1666666666667,345.0833333333333,6267.171875,6267.25,56.4,56.4,trip,0
-8.99632e+18,345.0833333333333,346.1333333333333,6267.25,6351.96875,56.4,38.8,trip,0
-8.99632e+18,348.73333333333335,349.28333333333336,6351.96875,6380.484375,38.4,30.5,trip,0
-8.99632e+18,349.28333333333336,349.76666666666665,6380.484375,6380.484375,30.5,65.4,charge,DCCharging
-8.99632e+18,349.76666666666665,350.45,6380.484375,6445.078125,65.4,45.8,trip,0
-8.99632e+18,350.8666666666667,350.8833333333333,6445.078125,6445.078125,45.8,45.8,trip,0
-8.99632e+18,350.8833333333333,354.95,6445.078125,6445.078125,45.8,52.5,charge,120
-8.99632e+18,354.95,355.25,6445.078125,6454.171875,52.5,51.3,trip,0
-8.99632e+18,355.25,355.26666666666665,6454.171875,6454.234375,51.3,51.3,trip,0
-8.99632e+18,356.35,356.6166666666667,6454.234375,6462.421875,51.3,49.0,trip,0
-8.99632e+18,357.2,357.23333333333335,6462.421875,6462.625,49.0,49.0,trip,0
-8.99632e+18,357.25,357.68333333333334,6462.625,6477.234375,49.0,46.2,trip,0
-8.99632e+18,357.9,358.2,6477.234375,6488.34375,45.4,43.5,trip,0
-8.99632e+18,368.85,397.53333333333336,6563.365008,6563.365008,41.5,92.5,charge,120
-8.99632e+18,397.53333333333336,398.43333333333334,6563.365008,6569.703125,92.5,73.7,trip,0
-8.99632e+18,402.81666666666666,402.96666666666664,6569.703125,6573.8125,72.5,72.1,trip,0
-8.99632e+18,403.1333333333333,403.28333333333336,6573.8125,6577.453125,71.3,70.5,trip,0
-8.99632e+18,403.31666666666666,403.6333333333333,6577.453125,6589.171875,70.5,67.8,trip,0
-8.99632e+18,403.6333333333333,403.76666666666665,6589.171875,6589.28125,67.8,67.4,trip,0
-8.99632e+18,403.76666666666665,404.46666666666664,6589.28125,6663.453125,67.4,45.8,trip,0
-8.99632e+18,405.26666666666665,405.43333333333334,6663.453125,6676.609375,46.2,42.7,trip,0
-8.99632e+18,406.2,406.4,6676.609375,6689.75,42.7,39.2,trip,0
-8.99632e+18,418.51666666666665,440.96666666666664,6766.881646,6766.881646,38.8,78.0,charge,120
-8.99632e+18,440.96666666666664,442.18333333333334,6766.881646,6774.59375,78.0,60.3,trip,0
-8.99632e+18,443.8833333333333,444.1666666666667,6777.3125,6783.890625,60.0,59.2,trip,0
-8.99632e+18,444.45,444.7,6783.890625,6784.484375,58.4,58.4,trip,0
-8.99632e+18,446.21666666666664,446.26666666666665,6784.484375,6785.125,58.0,58.0,trip,0
-8.99632e+18,447.65,448.68333333333334,6785.125,6864.15625,58.0,29.8,trip,0
-8.99632e+18,452.25,473.53333333333336,6864.15625,6864.15625,32.1,69.4,charge,120
-8.99632e+18,473.53333333333336,473.5833333333333,6864.15625,6865.796875,69.4,69.0,trip,0
-8.99632e+18,473.5833333333333,475.85,6865.796875,6950.296875,69.0,50.5,trip,0
-8.99632e+18,475.85,477.03333333333336,6950.296875,7000.1875,50.5,38.0,trip,0
-8.99632e+18,477.05,477.8333333333333,7000.1875,7000.1875,38.0,79.6,charge,DCCharging
-8.99632e+18,477.8333333333333,478.46666666666664,7000.1875,7057.0,79.6,61.9,trip,0
-8.99632e+18,479.51666666666665,488.85,7057.0,7057.0,61.9,78.8,charge,120
-8.99632e+18,488.85,490.05,7057.0,7137.109375,78.8,59.2,trip,0
-8.99632e+18,490.05,490.1,7137.109375,7138.171875,59.2,59.2,trip,0
-8.99632e+18,492.75,492.78333333333336,7138.171875,7138.171875,58.4,58.4,trip,0
-8.99632e+18,492.9166666666667,493.25,7138.171875,7146.4375,58.0,56.8,trip,0
-8.99632e+18,493.25,494.05,7146.4375,7146.4375,56.8,82.7,charge,DCCharging
-8.99632e+18,494.05,494.2,7146.4375,7149.375,82.7,82.3,trip,0
-8.99632e+18,495.18333333333334,495.8833333333333,7149.375,7170.859375,82.3,76.4,trip,0
-8.99632e+18,496.03333333333336,496.6166666666667,7170.859375,7189.78125,76.0,73.3,trip,0
-8.99632e+18,496.85,497.51666666666665,7189.78125,7189.78125,72.5,79.2,charge,240
-8.99632e+18,497.53333333333336,498.18333333333334,7189.78125,7189.78125,79.2,85.0,charge,240
-8.99632e+18,498.18333333333334,498.23333333333335,7189.78125,7190.9375,85.0,85.0,trip,0
-8.99632e+18,501.3833333333333,502.51666666666665,7190.9375,7276.265625,85.0,60.3,trip,0
-8.99632e+18,502.51666666666665,513.0166666666667,7276.265625,7276.265625,60.3,78.8,charge,120
-8.99632e+18,513.0166666666667,514.1333333333333,7276.265625,7361.375,78.8,60.3,trip,0
-8.99632e+18,516.4333333333333,516.7166666666667,7361.375,7371.640625,60.0,58.0,trip,0
-8.99632e+18,516.7166666666667,518.0666666666667,7371.640625,7384.21875,58.0,54.9,trip,0
-8.99632e+18,518.0666666666667,518.3166666666667,7384.21875,7390.328125,54.9,53.7,trip,0
-8.99632e+18,518.65,518.7,7390.328125,7390.609375,52.9,52.9,trip,0
-8.99632e+18,518.7666666666667,519.3666666666667,7390.609375,7413.34375,52.9,47.4,trip,0
-8.99632e+18,519.8,520.6166666666667,7413.34375,7435.921875,46.6,43.9,trip,0
-8.99632e+18,520.6166666666667,521.2,7435.921875,7435.921875,43.9,49.0,charge,240
-8.99632e+18,521.2,522.6666666666666,7435.921875,7437.140625,49.0,49.0,trip,0
-8.99632e+18,522.6666666666666,525.1833333333333,7437.140625,7520.953125,49.0,28.2,trip,0
-8.99632e+18,525.1833333333333,538.25,7520.953125,7520.953125,28.2,50.9,charge,120
-8.99632e+18,538.25,538.8833333333333,7520.953125,7551.140625,50.9,42.7,trip,0
-8.99632e+18,544.25,565.6833333333333,7619.759321,7619.759321,41.5,78.8,charge,120
-8.99632e+18,565.6833333333333,566.5833333333334,7619.759321,7631.140625,78.8,59.2,trip,0
-8.99632e+18,570.6666666666666,572.1333333333333,7631.140625,7725.734375,60.0,30.5,trip,0
-8.99632e+18,572.7,592.5333333333333,7725.734375,7725.734375,30.5,65.4,charge,120
-8.99632e+18,592.5333333333333,592.7166666666667,7725.734375,7727.453125,65.4,65.4,trip,0
-8.99632e+18,592.8333333333334,592.8666666666667,7727.453125,7727.75,65.4,65.4,trip,0
-8.99632e+18,593.0,593.15,7727.75,7728.875,65.0,64.7,trip,0
-8.99632e+18,593.15,610.45,7728.875,7728.875,64.7,96.4,charge,120
-8.99632e+18,610.45,611.4833333333333,7728.875,7813.734375,96.4,75.2,trip,0
-8.99632e+18,612.85,614.0666666666667,7813.734375,7905.984375,75.2,45.4,trip,0
-8.99632e+18,614.15,641.4333333333333,7905.984375,7905.984375,45.4,94.5,charge,120
-8.99632e+18,641.4333333333333,642.4166666666666,7905.984375,7990.921875,94.5,77.2,trip,0
-8.99632e+18,643.8333333333334,644.15,7990.921875,7997.9375,76.0,74.5,trip,0
-8.99632e+18,644.2,645.2833333333333,7997.953125,8083.625,74.5,51.3,trip,0
-8.99632e+18,645.5666666666667,645.6166666666667,8085.234375,8086.484375,50.9,50.9,trip,0
-8.99632e+18,647.5833333333334,656.6,8086.484375,8086.484375,50.9,66.6,charge,120
-8.99632e+18,656.6,657.9166666666666,8086.484375,8165.046875,66.6,47.4,trip,0
-8.99632e+18,661.25,661.55,8166.109375,8172.59375,47.0,45.4,trip,0
-8.99632e+18,661.5666666666667,662.05,8172.59375,8172.59375,45.4,67.0,charge,DCCharging
-8.99632e+18,662.05,662.2333333333333,8172.59375,8175.859375,67.0,67.0,trip,0
-8.99632e+18,663.2,663.25,8175.875,8176.671875,66.2,66.2,trip,0
-8.99632e+18,667.1,667.15,8176.671875,8176.765625,68.2,68.2,trip,0
-8.99632e+18,669.2833333333333,670.1333333333333,8176.765625,8262.65625,67.8,36.0,trip,0
-8.99632e+18,670.8333333333334,681.0833333333334,8262.65625,8262.65625,36.4,54.5,charge,120
-8.99632e+18,681.0833333333334,681.7166666666667,8262.65625,8300.625,54.5,43.9,trip,0
-8.99632e+18,681.7166666666667,681.7333333333333,8300.625,8300.625,43.9,43.9,trip,0
-8.99632e+18,681.7833333333333,684.0,8300.625,8300.625,44.3,47.8,charge,120
-8.99632e+18,684.0,686.4666666666667,8300.625,8379.4375,47.8,29.4,trip,0
-8.99632e+18,686.4666666666667,686.5333333333333,8379.4375,8380.578125,29.4,29.4,trip,0
-8.99632e+18,686.6666666666666,686.9833333333333,8380.578125,8386.171875,29.0,28.2,trip,0
-8.99632e+18,687.0,687.7666666666667,8386.171875,8386.171875,28.2,74.5,charge,DCCharging
-8.99632e+18,687.7666666666667,688.3166666666667,8386.171875,8391.75,74.5,73.3,trip,0
-8.99632e+18,688.6,689.2666666666667,8397.921875,8397.921875,72.9,78.8,charge,240
-8.99632e+18,689.2666666666667,689.3166666666667,8397.921875,8399.125,78.8,78.8,trip,0
-8.99632e+18,690.9333333333333,692.0166666666667,8399.125,8484.921875,76.0,52.1,trip,0
-8.99632e+18,692.5166666666667,732.0666666666667,8484.921875,8484.921875,52.1,100.0,charge,120
-8.99632e+18,732.0666666666667,732.8833333333333,8484.921875,8568.421875,100.0,78.8,trip,0
-8.99632e+18,732.9166666666666,733.0166666666667,8568.421875,8570.1875,78.8,78.4,trip,0
-8.99632e+18,733.0166666666667,734.5,8570.1875,8577.0,78.4,76.4,trip,0
-8.99632e+18,738.7833333333333,739.7333333333333,8578.4375,8657.546875,76.0,52.9,trip,0
-8.99632e+18,740.8166666666667,762.5833333333334,8657.546875,8657.546875,52.9,78.0,charge,120
-8.99632e+18,762.5833333333334,762.7666666666667,8657.546875,8660.953125,78.0,78.0,trip,0
-8.99632e+18,763.55,763.6,8660.953125,8661.140625,77.6,77.6,trip,0
-8.99632e+18,763.7666666666667,763.8833333333333,8661.140625,8664.078125,77.6,77.2,trip,0
-8.99632e+18,763.8833333333333,765.05,8664.078125,8665.969882,77.2,76.8,trip,0
-8.99632e+18,765.05,784.35,8665.969882,8665.969882,76.8,100.0,charge,120
-8.99632e+18,784.35,784.4166666666666,8665.969882,8666.078125,100.0,99.6,trip,0
-8.99632e+18,784.9666666666667,785.0166666666667,8668.390625,8669.59375,99.2,99.2,trip,0
-8.99632e+18,785.0166666666667,812.9666666666667,8669.59375,8759.53125,99.2,77.2,trip,0
-8.99632e+18,813.85,814.8666666666667,8761.359375,8819.265625,76.4,61.9,trip,0
-8.99632e+18,814.9833333333333,815.0333333333333,8819.265625,8820.390625,61.1,61.1,trip,0
-8.99632e+18,815.1,815.5166666666667,8820.390625,8853.3125,61.1,50.9,trip,0
-8.99632e+18,816.5666666666667,825.0666666666667,8853.3125,8853.3125,50.9,65.4,charge,120
-8.99632e+18,825.0666666666667,826.1,8853.3125,8932.078125,65.4,49.0,trip,0
-8.99632e+18,826.1,828.6333333333333,8932.078125,8932.109375,49.0,48.2,trip,0
-8.99632e+18,828.6333333333333,829.5666666666667,8932.109375,9011.171875,48.2,25.0,trip,0
-8.99632e+18,829.8,829.8833333333333,9011.1875,9014.0,25.0,23.5,trip,0
-8.99632e+18,829.9,837.9833333333333,9014.0,9014.0,23.5,74.5,charge,240
-8.99632e+18,838.1166666666667,838.1166666666667,9016.859375,9016.875,74.5,74.5,trip,0
-8.99632e+18,838.6166666666667,838.75,9016.875,9022.390625,74.5,72.9,trip,0
-8.99632e+18,838.75,839.0666666666667,9022.390625,9022.390625,72.9,75.2,charge,240
-8.99632e+18,839.0666666666667,839.15,9022.390625,9025.5,75.2,73.7,trip,0
-8.99632e+18,840.6166666666667,840.7666666666667,9025.5,9033.484375,74.9,74.1,trip,0
-8.99632e+18,857.2,857.2,9033.484375,9033.546875,73.7,73.7,trip,0
-8.99632e+18,857.3666666666667,858.4166666666666,9033.546875,9119.140625,73.7,55.6,trip,0
-8.99632e+18,858.4166666666666,858.6,9119.140625,9119.15625,55.6,56.4,charge,240
-8.99632e+18,858.6,858.6666666666666,9119.15625,9120.3125,56.4,56.4,trip,0
-8.99632e+18,861.65,863.55,9120.3125,9214.28125,56.4,33.3,trip,0
-8.99632e+18,879.6666666666666,879.8,9214.28125,9217.203125,32.5,32.1,trip,0
-8.99632e+18,879.8166666666667,884.9333333333333,9217.203125,9217.203125,32.1,63.9,charge,240
-8.99632e+18,885.1833333333333,900.2,9225.171875,9234.015625,63.9,62.7,trip,0
-8.99632e+18,900.2,901.0666666666667,9234.015625,9319.453125,62.7,41.9,trip,0
-8.99632e+18,902.2166666666667,902.45,9319.453125,9326.046875,41.5,40.7,trip,0
-8.99632e+18,902.45,906.8666666666667,9326.046875,9327.125,40.7,38.4,trip,0
-8.99632e+18,906.8666666666667,908.2,9327.125,9421.515625,38.4,8.6,trip,0
-8.99632e+18,922.4166666666666,922.4333333333333,9421.515625,9421.578125,10.9,10.9,trip,0
-8.99632e+18,925.8833333333333,925.9333333333333,9421.578125,9423.296875,10.5,10.1,trip,0
-8.99632e+18,928.6166666666667,928.7333333333333,9425.171875,9428.0,9.8,8.6,trip,0
-8.99632e+18,928.7666666666667,928.85,9428.0,9428.0,8.6,8.6,trip,0
-8.99632e+18,928.85,929.2166666666667,9428.0,9436.203125,8.6,7.8,trip,0
-8.99632e+18,929.3166666666667,930.1,9436.203125,9436.203125,7.8,58.0,charge,DCCharging
-8.99632e+18,930.1,930.4166666666666,9436.203125,9436.203125,58.0,74.5,charge,DCCharging
-8.99632e+18,930.4166666666666,930.5833333333334,9436.203125,9439.96875,74.5,73.3,trip,0
-8.99632e+18,930.5833333333334,930.65,9439.96875,9441.171875,73.3,72.9,trip,0
-8.99632e+18,978.1833333333333,978.2,9441.1875,9441.203125,71.3,71.3,trip,0
-8.99632e+18,978.2166666666667,993.1166666666667,9441.203125,9441.203125,71.3,100.0,charge,240
-8.99632e+18,993.1166666666667,994.15,9441.203125,9520.515625,100.0,82.3,trip,0
-8.99632e+18,996.7,997.6,9520.515625,9599.359375,81.9,60.0,trip,0
-8.99632e+18,997.6166666666667,1001.75,9599.359375,9599.359375,60.0,81.9,charge,240
-8.99632e+18,1002.05,1002.2,9602.375,9604.4375,81.5,81.1,trip,0
-8.99632e+18,1002.2833333333333,1003.4666666666667,9604.4375,9690.875,80.7,62.7,trip,0
-8.99632e+18,1004.4,1004.6,9690.875,9695.40625,61.9,61.5,trip,0
-8.99632e+18,1004.8166666666667,1006.2666666666667,9695.40625,9785.4375,61.1,36.8,trip,0
-8.99632e+18,1022.9333333333333,1023.1666666666666,9793.375,9801.546875,98.8,96.8,trip,0
-8.99632e+18,1024.7333333333333,1026.25,9801.546875,9894.421875,96.0,74.1,trip,0
-8.99632e+18,1027.3,1029.5333333333333,9894.421875,9980.3125,73.7,55.6,trip,0
-8.99632e+18,1043.7333333333333,1044.5833333333333,9980.3125,10062.89063,100.0,79.2,trip,0
-8.99632e+18,1054.5,1090.35,10142.79688,10142.79688,56.0,100.0,charge,240
-8.99632e+18,1090.35,1091.2833333333333,10142.79688,10210.1875,100.0,83.1,trip,0
-8.99632e+18,1091.2833333333333,1092.3333333333333,10210.1875,10210.21875,83.1,82.7,trip,0
-8.99632e+18,1094.7,1095.3833333333334,10212.20313,10272.75,81.9,65.4,trip,0
-8.99632e+18,1095.3833333333334,1101.8166666666666,10272.75,10272.75,65.4,100.0,charge,240
-8.99632e+18,1116.4166666666667,1116.5833333333333,10277.89063,10282.57813,100.0,98.8,trip,0
-8.99632e+18,1116.5833333333333,1146.05,10282.57813,10411.04688,98.8,70.1,trip,0
-8.99632e+18,1146.05,1146.4333333333334,10411.04688,10415.17188,70.1,69.4,trip,0
-8.99632e+18,1147.6333333333334,1149.2833333333333,10415.17188,10500.6875,69.8,50.1,trip,0
-8.99632e+18,1149.3,1161.1166666666666,10500.6875,10500.70313,50.1,100.0,charge,240
-8.99632e+18,1161.1166666666666,1161.1333333333334,10500.70313,10500.71875,100.0,100.0,trip,0
-8.99632e+18,1161.1333333333334,1262.5666666666666,10500.71875,10500.75,100.0,100.0,trip,0
-8.99632e+18,1284.2166666666667,1284.2333333333333,10504.35938,10504.375,98.8,98.8,trip,0
-8.99632e+18,1294.4,1294.65,10504.375,10522.6875,98.8,93.7,trip,0
-8.99632e+18,1296.2666666666667,1296.75,10522.6875,10542.9375,92.9,87.0,trip,0
-8.99632e+18,1296.7666666666667,1299.1666666666667,10542.9375,10542.9375,87.0,100.0,charge,240
-8.99632e+18,1299.1666666666667,1309.3666666666666,10542.9375,10542.96875,100.0,100.0,trip,0
-8.99632e+18,1309.5166666666667,1310.4166666666667,10544.8125,10628.625,100.0,81.5,trip,0
-8.99632e+18,1310.4166666666667,1310.8333333333333,10628.625,10632.57813,81.5,80.3,trip,0
-8.99632e+18,1310.8333333333333,1312.3666666666666,10632.57813,10716.6875,80.3,59.6,trip,0
-8.99632e+18,1312.4166666666667,1312.65,10716.6875,10722.78125,59.2,58.0,trip,0
-8.99632e+18,1330.6,1332.15,10722.79688,10722.79688,58.4,67.0,charge,240
-8.99632e+18,1332.15,1332.15,10722.79688,10722.8125,67.0,67.0,trip,0
-8.99632e+18,1332.1666666666667,1336.8666666666666,10722.8125,10722.8125,67.0,93.3,charge,240
-8.99632e+18,1336.8666666666666,1337.1,10722.8125,10730.67188,93.3,92.1,trip,0
-8.99632e+18,1337.9666666666667,1339.2,10730.67188,10812.1875,92.1,74.9,trip,0
-8.99632e+18,1341.1833333333334,1341.4166666666667,10812.1875,10827.82813,73.7,69.0,trip,0
-8.99632e+18,1342.9,1344.35,10827.82813,10933.90625,69.0,33.3,trip,0
-8.99632e+18,1344.3833333333334,1358.6166666666666,10933.90625,10933.90625,33.3,100.0,charge,240
-8.99632e+18,1358.6166666666666,1359.9,10933.90625,11017.64063,100.0,83.1,trip,0
-8.99632e+18,1359.9,1360.65,11017.64063,11034.1875,83.1,78.4,trip,0
-8.99632e+18,1360.65,1361.4833333333333,11034.1875,11052.39063,78.4,75.6,trip,0
-8.99632e+18,1363.8166666666666,1365.7166666666667,11052.39063,11137.67188,75.6,58.8,trip,0
-8.99632e+18,1365.7333333333333,1382.2666666666667,11137.67188,11137.67188,58.8,100.0,charge,240
-8.99632e+18,1382.2666666666667,1382.9333333333334,11137.67188,11156.71875,100.0,95.6,trip,0
-8.99632e+18,1384.6666666666667,1385.1333333333334,11156.71875,11169.60938,95.2,92.5,trip,0
-8.99632e+18,1385.4666666666667,1385.6833333333334,11169.60938,11175.98438,92.1,90.9,trip,0
-8.99632e+18,1389.0333333333333,1403.3333333333333,11244.72859,11244.72859,90.1,100.0,charge,240
-8.99632e+18,1403.3333333333333,1404.1666666666667,11244.72859,11261.76563,100.0,80.3,trip,0
-8.99632e+18,1405.3333333333333,1405.4333333333334,11261.76563,11263.51563,79.6,79.2,trip,0
-8.99632e+18,1405.6,1406.5666666666666,11263.53125,11347.67188,79.2,55.6,trip,0
-8.99632e+18,1406.6,1432.8333333333333,11347.67188,11347.67188,55.6,100.0,charge,240
-8.99632e+18,1432.8333333333333,1434.45,11347.67188,11469.78125,100.0,70.1,trip,0
-8.99632e+18,1434.6166666666666,1434.6833333333334,11469.78125,11471.03125,70.1,70.1,trip,0
-8.99632e+18,1436.8333333333333,1438.1166666666666,11471.03125,11592.375,70.1,33.3,trip,0
-8.99632e+18,1438.1333333333334,1450.5166666666667,11592.375,11592.375,33.3,100.0,charge,240
-8.99632e+18,1450.5166666666667,1450.5666666666666,11592.375,11593.625,100.0,100.0,trip,0
-8.99632e+18,1450.5666666666666,1454.2166666666667,11593.625,11678.8125,100.0,81.9,trip,0
-8.99632e+18,1454.2166666666667,1456.1666666666667,11678.8125,11770.79688,81.9,58.4,trip,0
-8.99632e+18,1460.15,1482.0833333333333,11770.79688,11770.79688,58.8,100.0,charge,240
-8.99632e+18,1482.0833333333333,1483.15,11770.79688,11858.32813,100.0,82.3,trip,0
-8.99632e+18,1483.15,1484.7166666666667,11858.32813,11859.17188,82.3,81.5,trip,0
-8.99632e+18,1484.7166666666667,1485.1666666666667,11859.17188,11888.78125,81.5,74.1,trip,0
-8.99632e+18,1485.9833333333333,1486.6,11890.4375,11948.375,72.9,55.2,trip,0
-8.99632e+18,1486.65,1498.8833333333334,11948.375,11948.375,55.2,100.0,charge,240
-8.99632e+18,1498.8833333333334,1500.15,11948.375,12040.60938,100.0,80.0,trip,0
-8.99632e+18,1501.3166666666666,1501.7166666666667,12040.60938,12049.8125,79.6,78.0,trip,0
-8.99632e+18,1503.6833333333334,1503.95,12049.8125,12052.78125,77.6,77.2,trip,0
-8.99632e+18,1503.95,1509.3,12052.78125,12055.875,77.2,75.6,trip,0
-8.99632e+18,1509.3,1510.4666666666667,12055.875,12142.45313,75.6,53.3,trip,0
-8.99632e+18,1510.5,1529.0666666666666,12142.45313,12142.45313,53.3,100.0,charge,240
-8.99632e+18,1529.0666666666666,1529.1333333333334,12142.45313,12143.64063,100.0,100.0,trip,0
-8.99632e+18,1529.2166666666667,1530.5666666666666,12143.64063,12229.60938,100.0,81.5,trip,0
-8.99632e+18,1531.8166666666666,1532.1666666666667,12229.60938,12244.82813,81.5,78.0,trip,0
-8.99632e+18,1543.8333333333333,1547.25,12244.82813,12341.8125,100.0,100.0,trip,0
-8.99632e+18,1547.25,1548.05,12341.8125,12384.6875,100.0,88.6,trip,0
-8.99632e+18,1552.7333333333333,1553.25,12384.6875,12414.70313,88.2,82.3,trip,0
-8.99632e+18,1553.25,1554.5833333333333,12414.70313,12417.09375,82.3,81.1,trip,0
-8.99632e+18,1554.5833333333333,1554.6833333333334,12417.09375,12419.78125,81.1,80.7,trip,0
-8.99632e+18,1573.3833333333334,1574.7666666666667,12505.25,12598.125,78.4,54.1,trip,0
-8.99632e+18,1574.7833333333333,1581.1666666666667,12598.125,12598.125,54.1,88.2,charge,240
-8.99632e+18,1581.1666666666667,1581.7833333333333,12598.125,12655.64063,88.2,74.5,trip,0
-8.99632e+18,1583.75,1584.3166666666666,12655.64063,12712.5,74.5,57.6,trip,0
-8.99632e+18,1584.3333333333333,1603.7,12712.5,12712.51563,57.6,100.0,charge,240
-8.99632e+18,1606.3333333333333,1606.5833333333333,12721.01563,12730.54688,99.2,96.4,trip,0
-8.99632e+18,1606.5833333333333,1620.3833333333334,12730.54688,12809.23438,96.4,78.0,trip,0
-8.99632e+18,1620.3833333333334,1620.8833333333334,12809.23438,12828.60938,78.0,73.7,trip,0
-8.99632e+18,1620.8833333333334,1623.3666666666666,12828.60938,12837.78125,73.7,72.1,trip,0
-8.99632e+18,1623.3666666666666,1624.7833333333333,12837.78125,12922.64063,72.1,50.9,trip,0
-8.99632e+18,1629.5666666666666,1647.1833333333334,12922.64063,12922.64063,50.9,100.0,charge,240
-8.99632e+18,1647.1833333333334,1647.35,12922.64063,12924.64063,100.0,99.6,trip,0
-8.99632e+18,1647.4166666666667,1648.6666666666667,12924.64063,13024.59375,99.6,75.2,trip,0
-8.99632e+18,1649.4666666666667,1650.5333333333333,13024.59375,13047.07813,75.2,71.7,trip,0
-8.99632e+18,1650.5333333333333,1653.7,13047.07813,13082.90625,71.7,64.3,trip,0
-8.99632e+18,1653.7,1653.7166666666667,13082.90625,13082.98438,64.3,64.3,trip,0
-8.99632e+18,1654.7166666666667,1677.4,13254.39063,13254.39063,32.1,80.3,charge,240
-8.99632e+18,1677.4,1678.3666666666666,13254.39063,13340.32813,80.3,53.7,trip,0
-8.99632e+18,1678.3666666666666,1692.7333333333333,13340.32813,13340.32813,53.7,100.0,charge,240
-8.99632e+18,1692.7333333333333,1693.6666666666667,13340.32813,13425.0,100.0,79.6,trip,0
-8.99632e+18,1693.8166666666666,1694.2,13425.0,13433.84375,79.2,78.4,trip,0
-8.99632e+18,1694.2,1694.2666666666667,13433.84375,13434.0625,78.4,78.4,trip,0
-8.99632e+18,1694.2666666666667,1696.6666666666667,13434.0625,13442.98438,78.4,76.0,trip,0
-8.99632e+18,1696.6666666666667,1696.9166666666667,13442.98438,13446.98438,76.0,75.6,trip,0
-8.99632e+18,1709.8333333333333,1715.6333333333334,13446.98438,13532.29688,100.0,100.0,trip,0
-8.99632e+18,1715.6333333333334,1717.1,13532.29688,13586.17188,100.0,83.9,trip,0
-8.99632e+18,1717.2333333333333,1718.15,13586.17188,13659.5625,83.5,71.3,trip,0
-8.99632e+18,1719.5333333333333,1721.3666666666666,13659.5625,13782.09375,71.3,34.5,trip,0
-8.99632e+18,1721.3833333333334,1739.4,13782.09375,13782.09375,34.5,100.0,charge,240
-8.99632e+18,1739.4,1740.2166666666667,13782.09375,13867.5625,100.0,79.2,trip,0
-8.99632e+18,1742.5166666666667,1767.1666666666667,13867.5625,14039.28125,78.8,54.5,trip,0
-8.99632e+18,1767.1666666666667,1791.4,14039.28125,14039.28125,54.5,81.5,charge,240
-8.99632e+18,1791.4,1793.3,14039.28125,14131.84375,81.5,57.2,trip,0
-8.99632e+18,1798.0,1817.5,14131.84375,14131.84375,57.6,100.0,charge,240
-8.99632e+18,1817.5,1818.5333333333333,14131.84375,14217.35938,100.0,81.9,trip,0
-8.99632e+18,1819.7666666666667,1821.4,14217.35938,14301.03125,81.5,62.3,trip,0
-8.99632e+18,1821.4166666666667,1828.4333333333334,14301.03125,14301.03125,62.3,100.0,charge,240
-8.99632e+18,1828.4333333333334,1844.4166666666667,14301.03125,14389.60938,100.0,81.9,trip,0
-8.99632e+18,1844.4166666666667,1844.6166666666666,14389.60938,14393.3125,81.9,80.7,trip,0
-8.99632e+18,1844.6166666666666,1846.2,14393.3125,14484.89063,80.7,57.2,trip,0
-8.99632e+18,1846.2,1862.1,14484.89063,14484.89063,57.2,100.0,charge,240
-8.99632e+18,1862.2333333333333,1864.8666666666666,14486.51563,14654.67188,100.0,48.2,trip,0
-8.99632e+18,1864.9333333333334,1865.5,14654.67188,14718.48438,49.0,36.0,trip,0
-8.99632e+18,1865.5333333333333,1866.4333333333334,14718.48438,14718.48438,36.0,85.4,charge,DCCharging
-8.99632e+18,1866.4333333333334,1868.2,14718.48438,14921.125,85.4,8.2,trip,0
-8.99632e+18,1869.9166666666667,1872.1,14921.125,15163.375,98.4,11.7,trip,0
-8.99632e+18,1908.5666666666666,1908.7833333333333,15165.34375,15165.34375,13.3,15.2,charge,240
-8.99632e+18,1908.7833333333333,1908.8,15165.34375,15165.35938,15.2,15.2,trip,0
-8.99632e+18,1908.8333333333333,1912.05,15165.35938,15165.35938,15.2,100.0,charge,DCCharging
-8.99632e+18,1912.05,1912.9166666666667,15165.35938,15241.98438,100.0,79.2,trip,0
-8.99632e+18,1912.95,1913.2666666666667,15241.98438,15241.98438,79.2,88.6,charge,DCCharging
-8.99632e+18,1913.2666666666667,1914.6,15241.98438,15406.34375,88.6,36.0,trip,0
-8.99632e+18,1914.6333333333334,1915.7166666666667,15406.34375,15406.34375,36.0,90.9,charge,DCCharging
-8.99632e+18,1915.7166666666667,1916.5333333333333,15406.34375,15499.84375,90.9,60.7,trip,0
-8.99632e+18,1916.5333333333333,1916.9666666666667,15499.84375,15499.84375,60.7,63.9,charge,240
-8.99632e+18,1916.9666666666667,1918.5833333333333,15499.84375,15676.39063,63.9,10.5,trip,0
-8.99632e+18,1918.7833333333333,1918.8,15676.40625,15676.8125,10.1,10.5,trip,0
-8.99632e+18,1918.8,1919.8166666666666,15676.8125,15676.8125,10.5,74.1,charge,DCCharging
-8.99632e+18,1919.8166666666666,1921.65,15676.8125,15881.70313,74.1,9.4,trip,0
-8.99632e+18,1921.65,1956.7166666666667,15881.70313,15881.70313,9.4,100.0,charge,240
-8.99632e+18,1956.7166666666667,1958.4333333333334,15881.70313,15980.39063,100.0,77.6,trip,0
-8.99632e+18,1959.5166666666667,1960.85,15980.39063,16071.07813,77.2,56.8,trip,0
-8.99632e+18,1960.85,1981.55,16071.07813,16073.95313,56.8,55.2,trip,0
-8.99632e+18,1981.55,1981.7666666666667,16073.95313,16080.71875,55.2,54.5,trip,0
-8.99632e+18,1981.7666666666667,1981.8333333333333,16080.71875,16082.05134,54.5,54.1,trip,0
-8.99632e+18,1981.8333333333333,1983.6333333333334,16082.05134,16082.05134,54.1,69.4,charge,240
-8.99632e+18,1983.6333333333334,1983.85,16082.05134,16087.0,69.4,67.4,trip,0
-8.99632e+18,1983.85,1985.55,16087.0,16087.0,67.4,76.4,charge,240
-8.99632e+18,1985.55,1986.6666666666667,16087.0,16173.40625,76.4,57.2,trip,0
-8.99632e+18,1987.8,1988.6166666666666,16173.40625,16200.29688,56.8,50.9,trip,0
-8.99632e+18,1990.1666666666667,1990.8166666666666,16200.29688,16260.78125,50.1,31.7,trip,0
-8.99632e+18,1990.8166666666666,2009.25,16260.78125,16260.78125,31.7,100.0,charge,240
-8.99632e+18,2009.25,2010.4,16260.78125,16347.01563,100.0,81.1,trip,0
-8.99632e+18,2010.6166666666666,2011.05,16347.03125,16354.53125,81.1,80.3,trip,0
-8.99632e+18,2012.2833333333333,2013.8333333333333,16354.53125,16441.34375,80.3,60.7,trip,0
-8.99632e+18,2013.85,2015.6,16441.34375,16441.34375,60.7,69.4,charge,240
-8.99632e+18,2015.6,2015.6833333333334,16441.34375,16443.01563,69.4,68.6,trip,0
-8.99632e+18,2015.9166666666667,2015.9833333333333,16443.01563,16444.75,68.6,68.6,trip,0
-8.99632e+18,2075.266666666667,2076.15,16444.75,16530.1875,100.0,80.3,trip,0
-8.99632e+18,2078.5666666666666,2079.883333333333,16530.1875,16615.40625,80.0,59.6,trip,0
-8.99632e+18,2102.4666666666667,2102.8333333333335,16615.40625,16630.23438,59.6,55.6,trip,0
-8.99632e+18,2103.016666666667,2103.266666666667,16630.23438,16645.625,55.2,51.3,trip,0
-8.99632e+18,2103.266666666667,2128.983333333333,16645.625,16652.125,51.3,50.1,trip,0
-8.99632e+18,2128.983333333333,2135.366666666667,16652.125,16652.125,50.1,66.2,charge,240
-8.99632e+18,2135.366666666667,2135.55,16652.125,16658.625,66.2,65.4,trip,0
-8.99632e+18,2135.616666666667,2148.6666666666665,16673.48438,16673.48438,64.7,95.6,charge,240
-8.99632e+18,2148.7166666666667,2148.7166666666667,16673.5,16673.51563,95.2,95.2,trip,0
-8.99632e+18,2148.8166666666666,2148.8333333333335,16673.51563,16673.6875,95.2,95.2,trip,0
-8.99632e+18,2148.8333333333335,2149.6,16673.6875,16673.79688,95.2,95.2,trip,0
-8.99632e+18,2149.6,2149.616666666667,16673.79688,16673.90625,95.2,95.2,trip,0
-8.99632e+18,2149.65,2149.6666666666665,16673.90625,16674.10938,95.2,95.2,trip,0
-8.99632e+18,2149.6666666666665,2151.1,16674.10938,16674.20313,95.2,94.9,trip,0
-8.99632e+18,2151.1,2151.3333333333335,16674.20313,16689.8125,94.9,90.1,trip,0
-8.99632e+18,2151.3333333333335,2152.9666666666667,16689.8125,16689.84375,90.1,89.8,trip,0
-8.99632e+18,2152.9666666666667,2154.266666666667,16689.84375,16779.6875,89.8,72.9,trip,0
-8.99632e+18,2155.3,2155.65,16779.6875,16785.15625,72.1,71.3,trip,0
-8.99632e+18,2156.983333333333,2157.2833333333333,16785.15625,16790.8125,71.3,70.1,trip,0
-8.99632e+18,2157.3333333333335,2158.766666666667,16790.8125,16881.03125,69.8,44.3,trip,0
-8.99632e+18,2158.7833333333333,2169.733333333333,16881.03125,16881.03125,44.3,100.0,charge,240
-8.99632e+18,2169.733333333333,2171.2166666666667,16881.03125,16967.8125,100.0,82.3,trip,0
-8.99632e+18,2171.2166666666667,2172.616666666667,16967.8125,16975.625,82.3,80.0,trip,0
-8.99632e+18,2172.616666666667,2173.9333333333334,16975.625,17066.9375,80.0,59.2,trip,0
-8.99632e+18,2173.95,2177.8166666666666,17066.9375,17066.9375,59.2,79.6,charge,240
-8.99632e+18,2177.8333333333335,2179.0,17066.9375,17152.48438,79.6,63.5,trip,0
-8.99632e+18,2181.6666666666665,2182.8,17152.48438,17241.0625,63.9,41.9,trip,0
-8.99632e+18,2182.866666666667,2197.3166666666666,17241.0625,17241.0625,41.9,100.0,charge,240
-8.99632e+18,2197.3166666666666,2197.633333333333,17241.0625,17259.32813,100.0,96.0,trip,0
-8.99632e+18,2199.05,2200.8166666666666,17259.32813,17342.0625,95.6,77.6,trip,0
-8.99632e+18,2200.8166666666666,2202.116666666667,17342.0625,17342.14063,77.6,77.2,trip,0
-8.99632e+18,2202.116666666667,2202.8,17342.14063,17357.57813,77.2,74.9,trip,0
-8.99632e+18,2204.9666666666667,2206.05,17357.59375,17443.26563,74.5,51.3,trip,0
-8.99632e+18,2206.766666666667,2215.8,17443.26563,17443.26563,51.3,100.0,charge,240
-8.99632e+18,2215.8,2223.25,17443.26563,17564.82813,100.0,71.7,trip,0
-8.99632e+18,2223.25,2223.35,17564.82813,17566.54688,71.7,71.3,trip,0
-8.99632e+18,2268.866666666667,2269.0,17568.60938,17572.51563,70.1,69.4,trip,0
-8.99632e+18,2269.0,2272.9333333333334,17572.51563,17578.92188,69.4,67.8,trip,0
-8.99632e+18,2272.9333333333334,2274.35,17578.92188,17694.46875,67.8,30.5,trip,0
-8.99632e+18,2274.366666666667,2278.1666666666665,17694.46875,17694.46875,30.5,50.9,charge,240
-8.99632e+18,2278.6,2278.7,17697.17188,17699.84375,50.9,50.5,trip,0
-8.99632e+18,2278.7,2318.483333333333,17699.84375,17699.85938,50.5,100.0,charge,240
-8.99632e+18,2318.483333333333,2318.6,17699.85938,17706.25,100.0,99.2,trip,0
-8.99632e+18,2319.5333333333333,2319.6833333333334,17706.25,17713.23438,98.4,96.0,trip,0
-8.99632e+18,2320.133333333333,2321.3333333333335,17713.25,17803.125,95.2,75.2,trip,0
-8.99632e+18,2322.266666666667,2322.616666666667,17803.125,17809.0625,74.9,74.1,trip,0
-8.99632e+18,2323.95,2324.1666666666665,17809.0625,17813.51563,73.7,72.9,trip,0
-8.99632e+18,2324.266666666667,2325.633333333333,17813.51563,17895.4375,72.1,49.8,trip,0
-8.99632e+18,2326.15,2326.3166666666666,17895.4375,17902.92188,49.4,48.2,trip,0
-8.99632e+18,2326.3333333333335,2336.0666666666666,17902.92188,17902.92188,48.2,100.0,charge,240
-8.99632e+18,2336.0666666666666,2340.7166666666667,17902.92188,17994.53125,100.0,81.1,trip,0
-8.99632e+18,2341.05,2341.8333333333335,18000.26563,18005.70313,80.7,79.2,trip,0
-8.99632e+18,2341.8333333333335,2342.0,18005.70313,18007.625,79.2,78.4,trip,0
-8.99632e+18,2344.55,2344.6666666666665,18007.625,18010.9375,78.4,77.2,trip,0
-8.99632e+18,2345.133333333333,2345.266666666667,18010.9375,18012.34375,77.2,76.8,trip,0
-8.99632e+18,2345.266666666667,2349.233333333333,18012.34375,18014.64063,76.8,74.9,trip,0
-8.99632e+18,2349.233333333333,2349.266666666667,18014.64063,18015.39063,74.9,74.9,trip,0
-8.99632e+18,2349.35,2350.4666666666667,18015.39063,18100.57813,74.9,51.7,trip,0
-8.99632e+18,2350.5333333333333,2368.4333333333334,18100.57813,18100.57813,52.1,100.0,charge,240
-8.99632e+18,2368.4333333333334,2369.9333333333334,18100.57813,18189.89063,100.0,81.9,trip,0
-8.99632e+18,2370.883333333333,2371.233333333333,18189.89063,18195.46875,81.5,80.7,trip,0
-8.99632e+18,2373.116666666667,2373.1666666666665,18197.625,18198.625,80.0,80.0,trip,0
-8.99632e+18,2373.7166666666667,2374.65,18198.625,18281.17188,79.6,58.8,trip,0
-8.99632e+18,2387.0,2388.2833333333333,18281.17188,18281.17188,58.8,65.4,charge,240
-8.99632e+18,2388.2833333333333,2388.383333333333,18281.17188,18286.5,65.4,64.3,trip,0
-8.99632e+18,2388.383333333333,2389.9333333333334,18286.5,18288.14063,64.3,64.7,trip,0
-8.99632e+18,2389.9333333333334,2390.15,18288.14063,18295.01563,64.7,62.7,trip,0
-8.99632e+18,2390.15,2391.65,18295.01563,18295.01563,62.7,70.1,charge,240
-8.99632e+18,2391.65,2391.65,18295.01563,18295.04688,70.1,70.1,trip,0
-8.99632e+18,2391.6833333333334,2391.8166666666666,18295.0625,18297.84375,70.1,68.6,trip,0
-8.99632e+18,2391.8333333333335,2393.5666666666666,18297.84375,18297.84375,68.6,80.3,charge,240
-8.99632e+18,2393.5666666666666,2393.633333333333,18297.84375,18300.70313,80.3,80.3,trip,0
-8.99632e+18,2393.633333333333,2395.0333333333333,18300.70313,18393.96875,80.3,60.7,trip,0
-8.99632e+18,2395.05,2396.0333333333333,18393.96875,18393.98438,60.7,97.6,charge,DCCharging
-8.99632e+18,2396.0333333333333,2396.6833333333334,18393.98438,18407.17188,97.6,95.2,trip,0
-8.99632e+18,2396.7,2397.05,18407.17188,18414.5,95.2,93.7,trip,0
-8.99632e+18,2397.633333333333,2397.9166666666665,18414.5,18419.96875,93.3,92.1,trip,0
-8.99632e+18,2399.45,2399.4666666666667,18419.96875,18420.10938,90.5,90.5,trip,0
-8.99632e+18,2399.4666666666667,2414.483333333333,18420.10938,18429.75,90.5,89.0,trip,0
-8.99632e+18,2414.483333333333,2414.85,18429.75,18435.3125,89.0,87.8,trip,0
-8.99632e+18,2414.85,2417.7166666666667,18435.3125,18440.76563,87.8,86.2,trip,0
-8.99632e+18,2417.7166666666667,2419.65,18440.76563,18546.6875,86.2,57.6,trip,0
-8.99632e+18,2420.45,2420.483333333333,18546.6875,18547.54688,57.2,57.2,trip,0
-8.99632e+18,2436.35,2437.6833333333334,18547.54688,18547.54688,56.4,56.4,trip,0
-8.99632e+18,2438.2166666666667,2439.3,18547.54688,18643.46875,56.0,32.9,trip,0
-8.99632e+18,2439.516666666667,2439.866666666667,18643.46875,18653.9375,32.9,30.9,trip,0
-8.99632e+18,2439.866666666667,2441.116666666667,18653.9375,18653.9375,30.9,39.2,charge,240
-8.99632e+18,2441.116666666667,2441.4166666666665,18653.9375,18661.0,39.2,38.4,trip,0
-8.99632e+18,2441.616666666667,2442.0,18661.0,18662.10938,38.4,38.0,trip,0
-8.99632e+18,2442.0,2442.616666666667,18662.10938,18664.90625,38.0,37.2,trip,0
-8.99632e+18,2442.616666666667,2442.9,18664.90625,18664.90625,37.2,37.2,trip,0
-8.99632e+18,2442.9166666666665,2443.05,18664.90625,18667.42188,37.2,36.4,trip,0
-8.99632e+18,2443.15,2443.45,18667.42188,18672.8125,36.0,35.2,trip,0
-8.99632e+18,2443.9166666666665,2443.95,18672.8125,18673.5,35.2,35.2,trip,0
-8.99632e+18,2443.9666666666667,2445.7166666666667,18673.5,18673.5,35.2,87.4,charge,DCCharging
-8.99632e+18,2445.7166666666667,2446.75,18673.5,18772.25,87.4,61.9,trip,0
-8.99632e+18,2459.8166666666666,2460.0833333333335,18772.25,18787.79688,63.1,59.6,trip,0
-8.99632e+18,2461.45,2461.4666666666667,18787.79688,18787.90625,58.4,58.4,trip,0
-8.99632e+18,2461.633333333333,2461.883333333333,18787.90625,18802.39063,58.0,54.9,trip,0
-8.99632e+18,2466.516666666667,2466.55,18802.39063,18803.28125,54.5,54.5,trip,0
-8.99632e+18,2466.7,2466.766666666667,18803.28125,18804.14063,54.1,54.1,trip,0
-8.99632e+18,2467.1,2467.45,18804.14063,18819.64063,54.1,50.1,trip,0
-8.99632e+18,2468.883333333333,2469.0833333333335,18819.64063,18824.75,49.4,48.6,trip,0
-8.99632e+18,2469.0833333333335,2470.616666666667,18824.75,18824.75,48.6,96.4,charge,DCCharging
-8.99632e+18,2470.616666666667,2470.883333333333,18824.75,18837.60938,96.4,93.7,trip,0
-8.99632e+18,2470.883333333333,2484.233333333333,18837.60938,18853.1875,93.7,89.8,trip,0
-8.99632e+18,2484.233333333333,2484.233333333333,18853.1875,18853.28125,89.8,89.8,trip,0
-8.99632e+18,2484.3333333333335,2484.4666666666667,18853.28125,18858.79688,89.8,88.2,trip,0
-8.99632e+18,2484.85,2484.9666666666667,18858.79688,18863.46875,88.2,87.4,trip,0
-8.99632e+18,2485.016666666667,2485.4166666666665,18863.46875,18863.46875,87.4,95.6,charge,DCCharging
-8.99632e+18,2485.4166666666665,2486.4666666666667,18863.46875,18948.75,95.6,77.6,trip,0
-8.99632e+18,2486.85,2486.9666666666667,18948.75,18951.375,77.2,76.8,trip,0
-8.99632e+18,2487.05,2487.0666666666666,18951.375,18951.5625,76.4,76.4,trip,0
-8.99632e+18,2487.0666666666666,2488.7,18951.5625,18957.04688,76.4,74.1,trip,0
-8.99632e+18,2488.85,2491.9,18958.60938,18964.10938,74.1,72.9,trip,0
-8.99632e+18,2491.9,2493.0,18964.10938,19013.8125,72.9,62.3,trip,0
-8.99632e+18,2493.383333333333,2493.766666666667,19013.8125,19034.26563,61.9,56.0,trip,0
-8.99632e+18,2504.366666666667,2504.4166666666665,19034.26563,19035.78125,54.5,54.1,trip,0
-8.99632e+18,2504.483333333333,2504.6833333333334,19035.78125,19054.82813,53.7,45.8,trip,0
-8.99632e+18,2505.9166666666665,2507.5,19054.82813,19150.54688,45.8,26.2,trip,0
-8.99632e+18,2508.55,2508.85,19150.54688,19158.32813,25.8,25.0,trip,0
-8.99632e+18,2508.9666666666667,2509.0666666666666,19158.32813,19160.51563,24.7,24.3,trip,0
-8.99632e+18,2509.1,2509.4333333333334,19160.51563,19160.51563,24.3,53.3,charge,DCCharging
-8.99632e+18,2509.616666666667,2512.366666666667,19162.59375,19162.60938,53.3,78.4,charge,240
-8.99632e+18,2512.366666666667,2512.6666666666665,19162.60938,19168.89063,78.4,75.2,trip,0
-8.99632e+18,2514.133333333333,2514.5,19168.89063,19175.76563,72.1,70.9,trip,0
-8.99632e+18,2514.55,2516.5333333333333,19175.76563,19175.76563,70.1,90.1,charge,240
-8.99632e+18,2516.5333333333333,2518.1833333333334,19175.76563,19242.625,90.1,74.9,trip,0
-8.99632e+18,2518.1833333333334,2518.3,19242.625,19245.01563,74.9,74.5,trip,0
-8.99632e+18,2530.133333333333,2530.15,19245.01563,19245.40625,73.7,73.7,trip,0
-8.99632e+18,2530.233333333333,2530.25,19245.59375,19245.96875,73.7,73.7,trip,0
-8.99632e+18,2530.5333333333333,2530.55,19245.96875,19246.21875,73.3,73.3,trip,0
-8.99632e+18,2532.1833333333334,2532.45,19246.21875,19266.64063,73.3,68.2,trip,0
-8.99632e+18,2532.55,2532.5666666666666,19266.64063,19266.78125,68.2,68.2,trip,0
-8.99632e+18,2533.95,2534.3333333333335,19266.78125,19288.10938,68.2,63.1,trip,0
-8.99632e+18,2534.3333333333335,2535.4666666666667,19288.10938,19288.15625,63.1,62.3,trip,0
-8.99632e+18,2535.4666666666667,2536.65,19288.15625,19350.93197,62.3,46.6,trip,0
-8.99632e+18,2536.65,2537.05,19350.93197,19350.93197,46.6,69.4,charge,DCCharging
-8.99632e+18,2538.8166666666666,2539.1833333333334,19367.96875,19373.53125,68.6,67.8,trip,0
-8.99632e+18,2540.55,2541.6833333333334,19373.53125,19438.28125,67.0,53.7,trip,0
-8.99632e+18,2542.0333333333333,2542.1833333333334,19438.28125,19442.375,53.3,52.1,trip,0
-8.99632e+18,2552.25,2552.3333333333335,19442.375,19442.375,50.5,50.5,trip,0
-8.99632e+18,2556.2,2556.5,19442.375,19463.03125,50.5,43.9,trip,0
-8.99632e+18,2558.0,2558.25,19463.03125,19466.60938,44.3,43.9,trip,0
-8.99632e+18,2558.7166666666667,2559.4166666666665,19466.60938,19466.60938,43.1,48.2,charge,240
-8.99632e+18,2559.45,2560.016666666667,19467.78125,19467.78125,48.2,74.9,charge,DCCharging
-8.99632e+18,2560.016666666667,2560.483333333333,19467.78125,19489.5,74.9,69.8,trip,0
-8.99632e+18,2562.0333333333333,2562.4666666666667,19489.5,19514.84375,70.5,66.2,trip,0
-8.99632e+18,2562.65,2562.766666666667,19514.84375,19518.29688,65.4,65.0,trip,0
-8.99632e+18,2564.7166666666667,2564.733333333333,19518.29688,19518.3125,64.3,64.3,trip,0
-8.99632e+18,2566.233333333333,2566.8333333333335,19518.3125,19552.76563,64.3,57.2,trip,0
-8.99632e+18,2566.8333333333335,2567.366666666667,19552.76563,19552.76563,57.2,80.3,charge,DCCharging
-8.99632e+18,2570.4666666666667,2570.5333333333333,19553.89063,19554.34375,80.0,80.0,trip,0
-8.99632e+18,2570.5666666666666,2571.2833333333333,19554.34375,19593.9375,80.0,69.8,trip,0
-8.99632e+18,2577.383333333333,2577.6,19593.95313,19608.8125,69.8,64.7,trip,0
-8.99632e+18,2578.9166666666665,2579.7833333333333,19608.8125,19698.25,64.7,40.0,trip,0
-8.99632e+18,2581.616666666667,2581.866666666667,19698.25,19712.14903,40.3,39.2,trip,0
-8.99632e+18,2581.866666666667,2582.116666666667,19712.14903,19712.14903,39.2,58.8,charge,DCCharging
-8.99632e+18,2582.116666666667,2582.6833333333334,19712.14903,19742.55035,58.8,52.1,trip,0
-8.99632e+18,2582.6833333333334,2583.266666666667,19742.55035,19742.55035,52.1,80.3,charge,DCCharging
-8.99632e+18,2583.266666666667,2584.1,19742.55035,19787.35938,80.3,65.4,trip,0
-8.99632e+18,2584.65,2586.9,19787.35938,19966.34375,65.0,18.4,trip,0
-8.99632e+18,2616.4666666666667,2617.55,19969.07813,19969.07813,18.4,80.0,charge,DCCharging
-8.99632e+18,2617.733333333333,2617.883333333333,19970.125,19973.59375,79.6,79.2,trip,0
-8.99632e+18,2617.883333333333,2629.483333333333,19973.59375,20153.15625,79.2,26.2,trip,0
-8.99632e+18,2629.483333333333,2630.0666666666666,20153.15625,20164.73438,26.2,24.3,trip,0
-8.99632e+18,2630.0666666666666,2631.2833333333333,20164.73438,20164.73438,24.3,78.4,charge,DCCharging
-8.99632e+18,2631.2833333333333,2632.5333333333333,20164.73438,20250.04688,78.4,62.3,trip,0
-8.99632e+18,2633.766666666667,2634.116666666667,20250.04688,20255.26563,60.3,59.2,trip,0
-8.99632e+18,2634.2833333333333,2636.5666666666666,20255.26563,20352.10938,58.8,37.2,trip,0
-8.99632e+18,2636.733333333333,2636.75,20352.125,20352.125,37.2,37.2,trip,0
-8.99632e+18,2656.95,2657.2,20352.125,20366.32813,36.0,32.1,trip,0
-8.99632e+18,2657.383333333333,2657.7166666666667,20366.32813,20369.78125,32.5,31.7,trip,0
-8.99632e+18,2657.733333333333,2659.5333333333333,20369.78125,20369.78125,31.7,46.6,charge,240
-8.99632e+18,2659.5333333333333,2659.9,20369.78125,20388.46875,46.6,43.9,trip,0
-8.99632e+18,2660.266666666667,2660.45,20388.46875,20394.23438,43.9,42.7,trip,0
-8.99632e+18,2660.5,2661.5333333333333,20394.23438,20394.23438,42.7,86.6,charge,DCCharging
-8.99632e+18,2661.5333333333333,2661.55,20394.23438,20394.28125,86.6,86.6,trip,0
-8.99632e+18,2663.266666666667,2663.483333333333,20397.65625,20405.28125,85.8,83.9,trip,0
-8.99632e+18,2663.483333333333,2672.4,20405.28125,20415.875,83.9,80.7,trip,0
-8.99632e+18,2672.4,2672.6,20415.875,20415.875,80.7,80.7,trip,0
-8.99632e+18,2673.95,2674.3333333333335,20415.875,20428.96875,80.7,77.2,trip,0
-8.99632e+18,2675.8,2679.9333333333334,20513.45313,20513.45313,74.9,82.3,charge,DCCharging
-8.99632e+18,2679.9333333333334,2680.1833333333334,20513.45313,20515.46875,82.3,81.9,trip,0
-8.99632e+18,2680.1833333333334,2680.366666666667,20515.46875,20519.03125,81.9,81.5,trip,0
-8.99632e+18,2683.0833333333335,2683.366666666667,20519.03125,20524.14063,81.1,80.7,trip,0
-8.99632e+18,2685.483333333333,2685.65,20524.14063,20527.25,80.3,79.6,trip,0
-8.99632e+18,2686.016666666667,2686.3333333333335,20527.25,20533.23438,79.6,78.0,trip,0
-8.99632e+18,2698.8,2698.85,20533.23438,20534.04688,77.6,77.6,trip,0
-8.99632e+18,2699.1833333333334,2707.133333333333,20536.0,20616.39063,77.6,58.4,trip,0
-8.99632e+18,2707.133333333333,2707.7,20616.39063,20639.39063,58.4,55.2,trip,0
-8.99632e+18,2707.7,2725.9166666666665,20639.39063,20654.71875,55.2,50.1,trip,0
-2.47174e+18,2777.866666666667,2778.1666666666665,2096.265625,2106.125,70.9,69.4,trip,0
-2.47174e+18,2781.55,2781.733333333333,2106.125,2112.5,69.4,68.2,trip,0
-2.47174e+18,2785.9333333333334,2786.15,2118.875,2129.15625,66.6,63.5,trip,0
-2.47174e+18,2804.4,2804.65,2129.15625,2142.859375,63.5,60.3,trip,0
-2.47174e+18,2805.366666666667,2805.633333333333,2142.859375,2157.046875,59.6,56.0,trip,0
-2.47174e+18,2807.4166666666665,2807.6666666666665,2157.046875,2170.640625,55.6,52.1,trip,0
-2.47174e+18,2807.9166666666665,2808.0666666666666,2170.640625,2177.8125,51.7,49.8,trip,0
-2.47174e+18,2820.9,2821.133333333333,2177.8125,2188.28125,47.8,45.0,trip,0
-2.47174e+18,2825.55,2825.8333333333335,2188.28125,2201.890625,44.3,42.3,trip,0
-2.47174e+18,2831.7,2831.9666666666667,2201.890625,2216.0625,41.9,38.8,trip,0
-2.47174e+18,2840.6666666666665,2841.016666666667,2216.0625,2231.390625,38.0,33.7,trip,0
-2.47174e+18,2841.0833333333335,2841.9333333333334,2231.390625,2286.71875,33.7,24.3,trip,0
-2.47174e+18,2841.9666666666667,2842.483333333333,2286.71875,2286.734375,24.3,59.2,charge,DCCharging
-2.47174e+18,2842.483333333333,2842.9166666666665,2286.734375,2307.015625,59.2,55.6,trip,0
-2.47174e+18,2845.3166666666666,2845.75,2307.015625,2318.296875,51.7,49.8,trip,0
-2.47174e+18,2848.2833333333333,2850.0833333333335,2322.265625,2411.515625,49.0,26.6,trip,0
-2.47174e+18,2850.0833333333335,2850.2833333333333,2411.515625,2419.8125,26.6,25.8,trip,0
-2.47174e+18,2850.2833333333333,2850.4666666666667,2419.8125,2419.84375,25.8,25.4,trip,0
-2.47174e+18,2850.4666666666667,2854.366666666667,2419.84375,2498.796875,25.4,12.1,trip,0
-2.47174e+18,2854.383333333333,2854.516666666667,2498.796875,2502.71875,12.1,11.3,trip,0
-2.47174e+18,2854.766666666667,2854.766666666667,2502.71875,2502.75,10.9,10.9,trip,0
-2.47174e+18,2854.7833333333333,2855.866666666667,2502.75,2502.75,10.9,20.0,charge,240
-2.47174e+18,2855.866666666667,2856.0,2502.75,2507.140625,20.0,18.8,trip,0
-2.47174e+18,2874.0666666666666,2874.383333333333,2507.140625,2520.84375,20.3,18.4,trip,0
-2.47174e+18,2874.383333333333,2877.1,2520.84375,2520.84375,18.4,34.9,charge,240
-2.47174e+18,2877.1,2877.15,2520.84375,2521.03125,34.9,34.9,trip,0
-2.47174e+18,2879.983333333333,2880.266666666667,2521.03125,2535.15625,35.2,32.1,trip,0
-2.47174e+18,2894.6,2895.116666666667,2535.15625,2541.265625,30.5,29.8,trip,0
-2.47174e+18,2895.116666666667,2895.3166666666666,2541.265625,2547.1875,29.8,28.6,trip,0
-2.47174e+18,2895.6,2895.866666666667,2547.1875,2557.328125,28.2,27.0,trip,0
-2.47174e+18,2897.516666666667,2897.6666666666665,2557.328125,2562.8125,26.6,25.8,trip,0
-2.47174e+18,2897.8166666666666,2898.05,2562.8125,2573.890625,25.8,24.3,trip,0
-2.47174e+18,2898.0666666666666,2903.266666666667,2573.890625,2573.890625,24.3,41.1,charge,240
-2.47174e+18,2903.266666666667,2903.3,2573.890625,2574.078125,41.1,41.1,trip,0
-2.47174e+18,2903.766666666667,2903.9166666666665,2574.078125,2582.265625,41.1,39.6,trip,0
-2.47174e+18,2904.2,2904.383333333333,2582.265625,2588.34375,39.2,38.4,trip,0
-2.47174e+18,2918.8333333333335,2919.383333333333,2588.34375,2609.625,36.8,34.1,trip,0
-2.47174e+18,2919.383333333333,2920.0833333333335,2609.625,2609.65625,34.1,33.3,trip,0
-2.47174e+18,2920.0833333333335,2920.15,2609.65625,2611.796875,33.3,33.7,trip,0
-2.47174e+18,2920.733333333333,2920.8333333333335,2611.796875,2614.203125,33.7,33.3,trip,0
-2.47174e+18,2940.75,2941.0333333333333,2614.203125,2625.515625,32.1,30.1,trip,0
-2.47174e+18,2941.1,2941.7166666666667,2625.515625,2649.546875,30.1,26.2,trip,0
-2.47174e+18,2945.733333333333,2946.0,2649.546875,2657.875,25.8,24.3,trip,0
-2.47174e+18,2946.633333333333,2946.75,2664.53125,2667.984375,23.5,23.1,trip,0
-2.47174e+18,2947.133333333333,2947.266666666667,2667.984375,2671.890625,23.1,22.7,trip,0
-2.47174e+18,2947.5666666666666,2947.9166666666665,2671.890625,2687.1875,22.3,19.2,trip,0
-2.47174e+18,2948.9333333333334,2949.1666666666665,2687.1875,2694.96875,19.2,17.6,trip,0
-2.47174e+18,2949.3,2949.55,2694.96875,2704.03125,17.6,16.0,trip,0
-2.47174e+18,2965.883333333333,2966.3333333333335,2704.03125,2718.265625,15.6,13.3,trip,0
-2.47174e+18,2966.5333333333333,2966.9166666666665,2718.265625,2734.28125,12.9,10.5,trip,0
-2.47174e+18,2966.95,2968.9666666666667,2734.28125,2734.28125,10.5,12.5,charge,120
-2.47174e+18,2968.9666666666667,2969.3333333333335,2734.28125,2749.71875,12.5,10.1,trip,0
-2.47174e+18,2969.5666666666666,2969.95,2749.71875,2765.46875,9.8,7.4,trip,0
-2.47174e+18,2970.3166666666666,2970.633333333333,2765.46875,2776.53125,7.0,5.4,trip,0
-2.47174e+18,2970.65,2972.9166666666665,2776.53125,2776.53125,5.4,22.3,charge,240
-2.47174e+18,2973.0333333333333,2973.3333333333335,2777.484375,2777.484375,22.3,24.3,charge,240
-2.47174e+18,2973.3333333333335,2973.4,2777.484375,2778.328125,24.3,24.7,trip,0
-2.47174e+18,2973.4,2976.4333333333334,2778.328125,2778.328125,24.7,51.3,charge,240
-2.47174e+18,2976.4333333333334,2976.4666666666667,2778.328125,2778.59375,51.3,51.3,trip,0
-2.47174e+18,2976.883333333333,2977.1,2778.609375,2790.234375,51.3,48.6,trip,0
-2.47174e+18,2989.55,2989.85,2790.234375,2800.4375,48.6,47.0,trip,0
-2.47174e+18,2989.85,2990.483333333333,2800.4375,2800.4375,47.0,50.5,charge,240
-2.47174e+18,2990.5833333333335,2990.883333333333,2802.875,2802.875,50.5,52.5,charge,240
-2.47174e+18,2990.883333333333,2991.1833333333334,2802.875,2811.671875,52.5,50.5,trip,0
-2.47174e+18,2991.4166666666665,2992.866666666667,2811.671875,2875.703125,50.5,39.6,trip,0
-2.47174e+18,2992.866666666667,2994.0,2875.703125,2875.75,39.6,38.8,trip,0
-2.47174e+18,2994.0,2994.25,2875.75,2886.8125,38.8,36.8,trip,0
-2.47174e+18,2994.266666666667,2994.2833333333333,2886.8125,2887.03125,36.8,36.8,trip,0
-2.47174e+18,2994.2833333333333,2995.6833333333334,2887.03125,2887.03125,36.8,48.6,charge,240
-2.47174e+18,2995.6833333333334,2995.9666666666667,2887.03125,2895.171875,48.6,47.0,trip,0
-2.47174e+18,2995.983333333333,2996.516666666667,2895.171875,2900.703125,47.0,45.8,trip,0
-2.47174e+18,2996.95,2997.133333333333,2900.703125,2910.1875,45.0,43.9,trip,0
-2.47174e+18,2997.133333333333,2999.6666666666665,2910.1875,2910.1875,43.9,65.8,charge,240
-2.47174e+18,2999.6666666666665,2999.9,2910.1875,2921.828125,65.8,63.1,trip,0
-2.47174e+18,3018.4666666666667,3018.6666666666665,2921.828125,2928.125,63.9,63.1,trip,0
-2.47174e+18,3018.733333333333,3018.983333333333,2928.125,2935.0,63.1,61.9,trip,0
-2.47174e+18,3019.85,3020.2166666666667,2935.0,2948.328125,61.1,59.2,trip,0
-2.47174e+18,3042.05,3042.4,2948.328125,2959.421875,58.8,57.6,trip,0
-2.47174e+18,3042.4166666666665,3045.25,2959.421875,2959.421875,57.6,82.7,charge,240
-2.47174e+18,3045.25,3045.2833333333333,2959.421875,2959.578125,82.7,82.7,trip,0
-2.47174e+18,3046.866666666667,3046.9,2959.578125,2960.015625,82.3,82.3,trip,0
-2.47174e+18,3048.0,3048.1666666666665,2960.015625,2968.1875,81.9,80.3,trip,0
-2.47174e+18,3048.4,3048.633333333333,2968.1875,2976.921875,80.0,78.0,trip,0
-2.47174e+18,3059.75,3059.983333333333,2976.921875,2988.015625,78.0,76.8,trip,0
-2.47174e+18,3060.0,3062.0666666666666,2988.015625,2988.015625,76.8,93.7,charge,240
-2.47174e+18,3062.0666666666666,3062.116666666667,2988.015625,2988.203125,93.7,93.7,trip,0
-2.47174e+18,3066.133333333333,3066.4333333333334,2988.203125,2999.984375,93.3,90.9,trip,0
-2.47174e+18,3069.8,3069.866666666667,3000.0,3002.25,90.5,90.5,trip,0
-2.47174e+18,3069.95,3070.016666666667,3002.25,3004.203125,90.5,89.8,trip,0
-2.47174e+18,3082.0,3082.0833333333335,3004.203125,3006.359375,89.8,88.6,trip,0
-2.47174e+18,3082.2166666666667,3082.2833333333333,3006.359375,3008.53125,88.6,88.6,trip,0
-2.47174e+18,3091.15,3091.35,3008.546875,3015.46875,87.8,87.0,trip,0
-2.47174e+18,3091.516666666667,3091.733333333333,3015.46875,3022.03125,86.6,85.0,trip,0
-2.47174e+18,3109.25,3109.266666666667,3022.03125,3022.578125,84.7,84.7,trip,0
-2.47174e+18,3109.2833333333333,3110.633333333333,3022.578125,3022.578125,84.7,86.2,charge,120
-2.47174e+18,3110.8,3112.9666666666667,3025.53125,3081.25,86.2,76.4,trip,0
-2.47174e+18,3112.983333333333,3113.0833333333335,3081.25,3083.78125,76.4,76.0,trip,0
-2.47174e+18,3113.6833333333334,3115.9,3083.78125,3202.0,76.0,52.5,trip,0
-2.47174e+18,3116.016666666667,3116.5833333333335,3202.0,3243.71875,52.1,41.9,trip,0
-2.47174e+18,3116.883333333333,3117.766666666667,3243.71875,3317.84375,41.9,24.3,trip,0
-2.47174e+18,3117.8166666666666,3117.85,3317.84375,3318.3125,24.3,24.3,trip,0
-2.47174e+18,3117.866666666667,3119.45,3318.3125,3318.3125,24.3,38.4,charge,240
-2.47174e+18,3119.45,3120.8333333333335,3318.3125,3372.109375,38.4,29.8,trip,0
-2.47174e+18,3120.883333333333,3137.1666666666665,3372.109375,3372.109375,29.8,49.8,charge,120
-2.47174e+18,3137.1666666666665,3140.25,3372.109375,3475.96875,49.8,30.5,trip,0
-2.47174e+18,3140.266666666667,3140.35,3475.96875,3475.96875,30.5,30.9,charge,240
-2.47174e+18,3140.35,3140.9,3475.96875,3494.171875,30.9,27.4,trip,0
-2.47174e+18,3140.9666666666667,3141.55,3494.171875,3513.078125,27.4,25.0,trip,0
-2.47174e+18,3141.5666666666666,3143.6666666666665,3513.078125,3513.078125,25.0,43.5,charge,240
-2.47174e+18,3143.8166666666666,3146.7,3515.25,3645.8125,43.5,16.8,trip,0
-2.47174e+18,3146.7166666666667,3156.116666666667,3645.8125,3645.8125,16.8,28.2,charge,120
-2.47174e+18,3156.116666666667,3157.2833333333333,3645.8125,3696.296875,28.2,19.6,trip,0
-2.47174e+18,3157.3,3159.3333333333335,3696.296875,3696.296875,19.6,37.6,charge,240
-2.47174e+18,3159.3333333333335,3160.883333333333,3696.296875,3778.484375,37.6,21.9,trip,0
-2.47174e+18,3160.883333333333,3162.116666666667,3778.484375,3778.484375,21.9,32.1,charge,240
-2.47174e+18,3162.116666666667,3162.4333333333334,3778.484375,3790.109375,32.1,29.4,trip,0
-2.47174e+18,3163.85,3164.7166666666667,3790.109375,3822.453125,29.0,23.9,trip,0
-2.47174e+18,3164.75,3165.2,3822.453125,3852.03125,23.9,17.6,trip,0
-2.47174e+18,3165.45,3165.616666666667,3852.03125,3857.46875,17.6,17.2,trip,0
-2.47174e+18,3165.616666666667,3167.116666666667,3857.46875,3857.46875,17.2,31.3,charge,240
-2.47174e+18,3167.116666666667,3167.4,3857.46875,3869.421875,31.3,30.1,trip,0
-2.47174e+18,3167.55,3170.0,3869.421875,3997.6875,30.1,3.5,trip,0
-2.47174e+18,3170.0,3170.25,3997.6875,3997.6875,3.5,4.7,charge,240
-2.47174e+18,3170.25,3170.383333333333,3997.6875,4002.234375,4.7,3.9,trip,0
-2.47174e+18,3170.4,3171.2,4002.234375,4002.234375,3.9,7.0,charge,240
-2.47174e+18,3171.2,3171.3,4002.234375,4004.5,7.0,6.2,trip,0
-2.47174e+18,3171.3333333333335,3171.3333333333335,4004.5,4004.515625,6.2,6.2,trip,0
-2.47174e+18,3171.4,3171.65,4004.53125,4004.53125,6.2,20.0,charge,DCCharging
-2.47174e+18,3171.65,3172.15,4004.53125,4035.515625,20.0,13.3,trip,0
-2.47174e+18,3172.15,3187.0,4035.515625,4035.515625,13.3,31.3,charge,120
-2.47174e+18,3187.0,3187.266666666667,4035.515625,4043.625,31.3,29.8,trip,0
-2.47174e+18,3187.3,3188.4,4043.625,4081.328125,29.8,24.7,trip,0
-2.47174e+18,3188.4166666666665,3189.05,4081.328125,4081.328125,24.7,29.8,charge,240
-2.47174e+18,3189.05,3189.35,4081.328125,4096.984375,29.8,27.0,trip,0
-2.47174e+18,3189.633333333333,3190.3333333333335,4096.984375,4137.046875,27.0,18.8,trip,0
-2.47174e+18,3190.483333333333,3191.05,4137.046875,4137.046875,18.8,47.0,charge,DCCharging
-2.47174e+18,3191.05,3192.0333333333333,4137.046875,4160.046875,47.0,43.1,trip,0
-2.47174e+18,3192.05,3192.1666666666665,4160.046875,4160.046875,43.1,43.9,charge,240
-2.47174e+18,3192.1666666666665,3196.1,4160.046875,4336.84375,43.9,9.4,trip,0
-2.47174e+18,3196.116666666667,3209.5,4336.84375,4336.84375,9.4,25.4,charge,120
-2.47174e+18,3209.5,3209.75,4336.84375,4344.9375,25.4,23.9,trip,0
-2.47174e+18,3210.1833333333334,3211.016666666667,4348.90625,4367.265625,23.5,20.3,trip,0
-2.47174e+18,3211.0333333333333,3212.0833333333335,4367.265625,4367.265625,20.3,70.9,charge,DCCharging
-2.47174e+18,3212.0833333333335,3213.2,4367.265625,4384.640625,70.9,67.0,trip,0
-2.47174e+18,3213.5833333333335,3215.6833333333334,4384.640625,4473.140625,67.0,49.0,trip,0
-2.47174e+18,3215.6833333333334,3215.8333333333335,4473.140625,4473.140625,49.0,49.8,charge,240
-2.47174e+18,3215.8333333333335,3218.2833333333333,4473.140625,4585.78125,49.8,27.4,trip,0
-2.47174e+18,3218.35,3232.55,4585.78125,4585.78125,27.4,44.7,charge,120
-2.47174e+18,3232.55,3232.883333333333,4585.78125,4595.21875,44.7,43.5,trip,0
-2.47174e+18,3232.9,3233.6833333333334,4595.21875,4595.21875,43.5,79.6,charge,DCCharging
-2.47174e+18,3233.6833333333334,3234.0833333333335,4595.21875,4609.0,79.6,77.6,trip,0
-2.47174e+18,3234.133333333333,3234.5666666666666,4609.0,4624.34375,77.6,74.9,trip,0
-2.47174e+18,3234.6,3239.383333333333,4624.34375,4792.734375,74.9,41.9,trip,0
-2.47174e+18,3239.483333333333,3239.6833333333334,4792.734375,4802.703125,41.9,40.3,trip,0
-2.47174e+18,3239.7,3239.766666666667,4802.703125,4802.703125,40.3,40.7,charge,240
-2.47174e+18,3239.766666666667,3242.1666666666665,4802.703125,4906.609375,40.7,21.1,trip,0
-2.47174e+18,3242.1833333333334,3254.9,4906.609375,4906.609375,21.1,36.8,charge,120
-2.47174e+18,3254.9,3255.1833333333334,4906.609375,4916.046875,36.8,35.6,trip,0
-2.47174e+18,3255.2,3256.2,4916.046875,4916.046875,35.6,85.0,charge,DCCharging
-2.47174e+18,3256.2,3256.366666666667,4916.046875,4922.90625,85.0,83.9,trip,0
-2.47174e+18,3257.866666666667,3258.75,4930.921875,4967.875,81.5,75.6,trip,0
-2.47174e+18,3258.766666666667,3260.9666666666667,4967.875,5073.09375,75.6,53.7,trip,0
-2.47174e+18,3260.983333333333,3262.983333333333,5073.09375,5073.09375,53.7,55.6,charge,120
-2.47174e+18,3262.983333333333,3265.45,5073.09375,5156.3125,55.6,40.7,trip,0
-2.47174e+18,3265.4666666666667,3276.0,5156.3125,5156.3125,40.7,53.3,charge,120
-2.47174e+18,3276.0,3276.266666666667,5156.3125,5161.515625,53.3,52.5,trip,0
-2.47174e+18,3276.3166666666666,3276.3166666666666,5161.515625,5161.53125,52.1,52.1,trip,0
-2.47174e+18,3277.1,3277.516666666667,5161.53125,5171.65625,52.1,50.9,trip,0
-2.47174e+18,3277.5333333333333,3279.366666666667,5171.65625,5171.65625,50.9,52.9,charge,120
-2.47174e+18,3279.366666666667,3283.05,5171.65625,5301.796875,52.9,29.4,trip,0
-2.47174e+18,3283.116666666667,3283.766666666667,5301.796875,5318.875,29.4,27.0,trip,0
-2.47174e+18,3283.983333333333,3284.983333333333,5320.609375,5320.609375,27.0,35.2,charge,240
-2.47174e+18,3284.983333333333,3285.233333333333,5320.609375,5328.546875,35.2,33.7,trip,0
-2.47174e+18,3285.233333333333,3285.483333333333,5328.546875,5335.984375,33.7,32.5,trip,0
-2.47174e+18,3285.5,3287.3166666666666,5335.984375,5335.984375,32.5,34.5,charge,120
-2.47174e+18,3287.3166666666666,3287.7833333333333,5335.984375,5352.0625,34.5,32.1,trip,0
-2.47174e+18,3287.8,3288.8166666666666,5352.0625,5352.0625,32.1,82.7,charge,DCCharging
-2.47174e+18,3288.8166666666666,3289.8,5352.0625,5392.28125,82.7,72.1,trip,0
-2.47174e+18,3289.8166666666666,3299.35,5392.28125,5392.28125,72.1,83.5,charge,120
-2.47174e+18,3299.35,3301.15,5392.28125,5484.109375,83.5,65.4,trip,0
-2.47174e+18,3301.6,3305.4666666666667,5484.109375,5648.609375,65.4,32.9,trip,0
-2.47174e+18,3305.766666666667,3306.7166666666667,5648.609375,5648.609375,32.9,34.1,charge,120
-2.47174e+18,3306.7166666666667,3307.0333333333333,5648.609375,5660.828125,34.1,32.1,trip,0
-2.47174e+18,3308.35,3309.366666666667,5662.734375,5662.734375,32.1,81.5,charge,DCCharging
-2.47174e+18,3309.366666666667,3311.15,5662.734375,5761.390625,81.5,61.1,trip,0
-2.47174e+18,3311.1666666666665,3311.7,5761.390625,5783.21875,61.1,56.0,trip,0
-2.47174e+18,3311.7166666666667,3312.5666666666666,5783.21875,5783.21875,56.0,56.8,charge,120
-2.47174e+18,3312.5666666666666,3313.65,5783.21875,5850.03125,56.8,42.3,trip,0
-2.47174e+18,3313.65,3321.3333333333335,5850.03125,5850.03125,42.3,51.7,charge,120
-2.47174e+18,3321.3333333333335,3322.6833333333334,5850.03125,5906.265625,51.7,41.1,trip,0
-2.47174e+18,3322.7166666666667,3323.7166666666667,5906.265625,5906.265625,41.1,83.1,charge,DCCharging
-2.47174e+18,3323.7166666666667,3323.9666666666667,5906.265625,5915.03125,83.1,81.1,trip,0
-2.47174e+18,3325.0,3325.1833333333334,5915.03125,5918.46875,81.1,80.7,trip,0
-2.47174e+18,3325.6833333333334,3327.35,5928.3125,6001.046875,79.6,65.0,trip,0
-2.47174e+18,3327.6833333333334,3327.75,6001.046875,6001.046875,64.7,64.7,trip,0
-2.47174e+18,3327.75,3329.4666666666667,6001.046875,6051.25,64.7,54.9,trip,0
-2.47174e+18,3329.75,3330.05,6051.25,6063.265625,54.9,52.9,trip,0
-2.47174e+18,3330.05,3332.2833333333333,6063.265625,6063.265625,52.9,72.9,charge,240
-2.47174e+18,3332.2833333333333,3332.7833333333333,6063.265625,6078.125,72.9,69.8,trip,0
-2.47174e+18,3332.8,3345.6833333333334,6078.125,6078.125,69.8,85.0,charge,120
-2.47174e+18,3345.6833333333334,3349.4333333333334,6078.125,6243.375,85.0,48.6,trip,0
-2.47174e+18,3349.616666666667,3349.9333333333334,6243.375,6250.46875,48.6,47.4,trip,0
-2.47174e+18,3349.95,3350.2833333333333,6250.46875,6260.734375,47.4,45.0,trip,0
-2.47174e+18,3350.3166666666666,3354.5333333333333,6260.734375,6411.953125,45.0,17.2,trip,0
-2.47174e+18,3354.55,3355.5666666666666,6411.953125,6411.953125,17.2,69.0,charge,DCCharging
-2.47174e+18,3355.5666666666666,3355.7166666666667,6411.953125,6415.640625,69.0,68.6,trip,0
-2.47174e+18,3355.9666666666667,3356.1666666666665,6415.0,6422.0,67.8,67.0,trip,0
-2.47174e+18,3356.1833333333334,3358.5333333333333,6422.5625,6422.5625,67.0,69.4,charge,120
-2.47174e+18,3358.5333333333333,3359.8,6422.5625,6489.46875,69.4,55.6,trip,0
-2.47174e+18,3359.8,3369.25,6489.46875,6489.46875,55.6,66.6,charge,120
-2.47174e+18,3369.25,3371.1,6489.46875,6575.015625,66.6,49.0,trip,0
-2.47174e+18,3371.116666666667,3371.9166666666665,6575.015625,6575.015625,49.0,80.0,charge,DCCharging
-2.47174e+18,3371.9166666666665,3373.9333333333334,6575.015625,6681.359375,80.0,59.2,trip,0
-2.47174e+18,3374.1,3377.0666666666666,6681.359375,6774.09375,59.2,40.3,trip,0
-2.47174e+18,3377.0833333333335,3377.85,6774.09375,6774.09375,40.3,41.1,charge,120
-2.47174e+18,3377.85,3378.3166666666666,6774.09375,6790.234375,41.1,38.8,trip,0
-2.47174e+18,3378.4,3378.75,6790.234375,6801.5625,38.4,36.4,trip,0
-2.47174e+18,3378.75,3380.85,6801.5625,6801.5625,36.4,38.4,charge,120
-2.47174e+18,3380.85,3381.45,6801.5625,6816.40625,38.4,36.0,trip,0
-2.47174e+18,3381.7833333333333,3382.7166666666667,6816.40625,6844.453125,36.0,31.7,trip,0
-2.47174e+18,3382.733333333333,3383.616666666667,6844.453125,6844.453125,31.7,76.4,charge,DCCharging
-2.47174e+18,3383.733333333333,3384.2,6846.171875,6857.265625,76.4,73.7,trip,0
-2.47174e+18,3384.2166666666667,3393.233333333333,6857.265625,6857.265625,73.7,84.3,charge,120
-2.47174e+18,3393.233333333333,3394.633333333333,6857.265625,6903.546875,84.3,75.6,trip,0
-2.47174e+18,3394.8333333333335,3395.8166666666666,6903.546875,6941.0,75.6,68.2,trip,0
-2.47174e+18,3395.85,3396.05,6941.0,6950.859375,68.2,65.4,trip,0
-2.47174e+18,3396.0666666666666,3396.95,6950.859375,6950.859375,65.4,65.8,charge,120
-2.47174e+18,3396.95,3397.6666666666665,6950.859375,6974.71875,65.8,61.9,trip,0
-2.47174e+18,3397.7,3397.766666666667,6974.71875,6976.5,61.9,61.9,trip,0
-2.47174e+18,3397.766666666667,3398.0833333333335,6976.5,6976.5,61.9,64.3,charge,240
-2.47174e+18,3398.0833333333335,3398.633333333333,6976.5,6988.34375,64.3,61.9,trip,0
-2.47174e+18,3398.65,3399.25,6988.34375,6988.34375,61.9,62.7,charge,120
-2.47174e+18,3399.25,3401.6833333333334,6988.34375,7096.46875,62.7,42.7,trip,0
-2.47174e+18,3401.766666666667,3403.55,7096.46875,7160.109375,42.3,31.7,trip,0
-2.47174e+18,3403.5666666666666,3404.6,7160.109375,7160.109375,31.7,82.3,charge,DCCharging
-2.47174e+18,3404.6,3404.733333333333,7160.109375,7163.84375,82.3,81.9,trip,0
-2.47174e+18,3404.85,3405.05,7163.84375,7170.78125,81.5,80.7,trip,0
-2.47174e+18,3405.2,3407.2833333333333,7170.78125,7266.296875,80.3,62.3,trip,0
-2.47174e+18,3407.3,3417.2166666666667,7266.296875,7266.296875,62.3,73.7,charge,120
-2.47174e+18,3417.2166666666667,3420.95,7266.296875,7448.0,73.7,37.6,trip,0
-2.47174e+18,3420.9666666666667,3421.233333333333,7448.0,7448.015625,37.6,39.6,charge,240
-2.47174e+18,3421.233333333333,3422.483333333333,7448.015625,7498.046875,39.6,29.4,trip,0
-2.47174e+18,3422.5,3422.5333333333333,7498.046875,7498.1875,29.4,29.4,trip,0
-2.47174e+18,3422.5333333333333,3422.6666666666665,7498.1875,7498.1875,29.4,29.8,charge,240
-2.47174e+18,3422.6666666666665,3422.9666666666667,7498.1875,7507.84375,29.8,28.2,trip,0
-2.47174e+18,3422.9666666666667,3423.2,7507.84375,7507.84375,28.2,29.8,charge,240
-2.47174e+18,3423.2,3425.45,7507.84375,7577.390625,29.8,16.8,trip,0
-2.47174e+18,3425.483333333333,3426.483333333333,7577.390625,7577.390625,16.8,67.8,charge,DCCharging
-2.47174e+18,3426.483333333333,3426.7166666666667,7577.390625,7586.546875,67.8,66.2,trip,0
-2.47174e+18,3426.7166666666667,3427.9166666666665,7586.546875,7586.546875,66.2,67.4,charge,120
-2.47174e+18,3427.9166666666665,3428.5333333333333,7586.546875,7607.90625,67.4,63.9,trip,0
-2.47174e+18,3428.55,3429.866666666667,7607.90625,7607.90625,63.9,74.9,charge,240
-2.47174e+18,3429.866666666667,3430.3,7607.90625,7628.296875,74.9,70.5,trip,0
-2.47174e+18,3430.3,3441.366666666667,7628.296875,7628.296875,70.5,83.5,charge,120
-2.47174e+18,3441.366666666667,3444.383333333333,7628.296875,7790.421875,83.5,47.0,trip,0
-2.47174e+18,3444.4,3445.05,7790.421875,7790.421875,47.0,47.4,charge,120
-2.47174e+18,3445.05,3445.3,7790.421875,7799.296875,47.4,45.4,trip,0
-2.47174e+18,3446.8333333333335,3446.866666666667,7799.296875,7799.328125,43.1,43.1,trip,0
-2.47174e+18,3448.266666666667,3448.3166666666666,7799.375,7800.234375,42.7,42.7,trip,0
-2.47174e+18,3470.8333333333335,3470.866666666667,7800.234375,7800.375,42.3,42.3,trip,0
-2.47174e+18,3471.7166666666667,3471.733333333333,7800.375,7800.453125,42.3,42.3,trip,0
-2.47174e+18,3473.1833333333334,3473.633333333333,7800.453125,7813.546875,42.7,40.7,trip,0
-2.47174e+18,3473.6666666666665,3474.6666666666665,7813.546875,7813.546875,40.7,82.3,charge,DCCharging
-2.47174e+18,3474.6666666666665,3475.1833333333334,7813.546875,7824.890625,82.3,80.3,trip,0
-2.47174e+18,3475.1833333333334,3477.983333333333,7824.890625,7824.890625,80.3,83.5,charge,120
-2.47174e+18,3477.983333333333,3478.866666666667,7824.890625,7866.78125,83.5,76.8,trip,0
-2.47174e+18,3478.9166666666665,3479.5333333333333,7866.78125,7900.53125,76.8,68.6,trip,0
-2.47174e+18,3479.5666666666666,3479.8,7900.53125,7908.578125,68.6,67.0,trip,0
-2.47174e+18,3479.8166666666666,3489.3333333333335,7908.578125,7908.578125,67.0,78.4,charge,120
-2.47174e+18,3489.3333333333335,3493.366666666667,7908.578125,8090.84375,78.4,44.3,trip,0
-2.47174e+18,3493.616666666667,3497.0,8090.84375,8221.5625,44.3,22.3,trip,0
-2.47174e+18,3497.016666666667,3497.633333333333,8221.5625,8221.5625,22.3,27.0,charge,240
-2.47174e+18,3497.633333333333,3498.516666666667,8221.5625,8263.234375,27.0,19.6,trip,0
-2.47174e+18,3498.616666666667,3498.8333333333335,8263.234375,8271.859375,19.2,18.0,trip,0
-2.47174e+18,3498.85,3502.1,8271.859375,8271.859375,18.0,21.5,charge,120
-2.47174e+18,3502.1,3502.483333333333,8271.859375,8284.5,21.5,20.0,trip,0
-2.47174e+18,3502.633333333333,3503.866666666667,8285.859375,8285.859375,20.0,30.5,charge,240
-2.47174e+18,3503.866666666667,3504.516666666667,8285.859375,8311.765625,30.5,25.8,trip,0
-2.47174e+18,3504.5333333333333,3511.65,8311.765625,8311.765625,25.8,34.5,charge,120
-2.47174e+18,3511.65,3512.2,8311.765625,8337.09375,34.5,30.5,trip,0
-2.47174e+18,3512.2166666666667,3513.2166666666667,8337.09375,8337.09375,30.5,81.1,charge,DCCharging
-2.47174e+18,3513.2166666666667,3515.1,8337.09375,8396.609375,81.1,68.2,trip,0
-2.47174e+18,3515.116666666667,3517.2166666666667,8396.609375,8396.609375,68.2,70.5,charge,120
-2.47174e+18,3517.2166666666667,3518.9166666666665,8396.609375,8459.0625,70.5,58.0,trip,0
-2.47174e+18,3519.016666666667,3523.3333333333335,8459.0625,8599.96875,57.6,30.5,trip,0
-2.47174e+18,3523.3333333333335,3523.8166666666666,8599.96875,8599.96875,30.5,30.9,charge,120
-2.47174e+18,3523.8166666666666,3524.116666666667,8599.96875,8609.40625,30.9,29.4,trip,0
-2.47174e+18,3524.133333333333,3525.15,8609.40625,8609.40625,29.4,80.7,charge,DCCharging
-2.47174e+18,3525.15,3526.233333333333,8609.40625,8664.640625,80.7,69.8,trip,0
-2.47174e+18,3526.25,3527.0333333333333,8664.640625,8697.453125,69.8,63.9,trip,0
-2.47174e+18,3527.0666666666666,3537.0,8697.453125,8697.453125,63.9,74.9,charge,120
-2.47174e+18,3537.0,3539.6833333333334,8697.453125,8782.421875,74.9,58.4,trip,0
-2.47174e+18,3539.75,3546.133333333333,8782.421875,8963.484375,58.4,24.7,trip,0
-2.47174e+18,3546.4166666666665,3546.5,8963.484375,8965.78125,24.3,23.1,trip,0
-2.47174e+18,3546.8166666666666,3547.05,8965.78125,8971.859375,23.1,22.3,trip,0
-2.47174e+18,3547.366666666667,3548.5833333333335,8971.859375,9006.984375,22.3,16.8,trip,0
-2.47174e+18,3548.6,3549.1,9006.984375,9006.984375,16.8,49.4,charge,DCCharging
-2.47174e+18,3549.1,3549.766666666667,9006.984375,9037.890625,49.4,43.5,trip,0
-2.47174e+18,3550.733333333333,3550.983333333333,9037.890625,9046.90625,86.2,84.3,trip,0
-2.47174e+18,3550.983333333333,3559.2,9046.90625,9046.90625,84.3,94.9,charge,120
-2.47174e+18,3559.2,3568.5666666666666,9046.90625,9425.09375,94.9,20.3,trip,0
-2.47174e+18,3568.5666666666666,3569.0333333333333,9425.09375,9425.09375,20.3,23.9,charge,240
-2.47174e+18,3569.0333333333333,3569.5666666666666,9425.09375,9449.96875,23.9,20.3,trip,0
-2.47174e+18,3570.0833333333335,3570.45,9449.96875,9465.828125,20.0,17.6,trip,0
-2.47174e+18,3570.85,3571.0833333333335,9465.828125,9477.65625,17.6,16.4,trip,0
-2.47174e+18,3571.0833333333335,3573.7833333333333,9477.65625,9477.65625,16.4,33.3,charge,240
-2.47174e+18,3573.7833333333333,3573.8166666666666,9477.65625,9477.890625,33.3,33.3,trip,0
-2.47174e+18,3575.7833333333333,3576.05,9477.890625,9490.40625,33.3,30.9,trip,0
-2.47174e+18,3576.15,3577.0833333333335,9490.40625,9523.4375,30.9,24.7,trip,0
-2.47174e+18,3577.1,3578.116666666667,9523.4375,9523.4375,24.7,77.2,charge,DCCharging
-2.47174e+18,3578.116666666667,3578.366666666667,9523.4375,9532.46875,77.2,75.2,trip,0
-2.47174e+18,3578.4,3583.65,9532.46875,9532.46875,75.2,81.5,charge,120
-2.47174e+18,3583.65,3586.35,9532.46875,9639.34375,81.5,60.7,trip,0
-2.47174e+18,3586.366666666667,3589.2166666666667,9639.34375,9639.34375,60.7,63.9,charge,120
-2.47174e+18,3589.2166666666667,3592.75,9639.34375,9766.671875,63.9,40.7,trip,0
-2.47174e+18,3592.983333333333,3594.75,9766.671875,9861.796875,40.7,24.3,trip,0
-2.47174e+18,3596.383333333333,3596.8,9862.953125,9883.421875,55.2,51.3,trip,0
-2.47174e+18,3596.8166666666666,3614.733333333333,9883.421875,9883.421875,51.3,72.5,charge,120
-2.47174e+18,3614.733333333333,3616.1666666666665,9883.421875,9987.890625,72.5,50.9,trip,0
-2.47174e+18,3616.2833333333333,3616.9,9987.890625,10029.54688,50.9,41.9,trip,0
-2.47174e+18,3617.3333333333335,3617.8,10029.54688,10055.34375,41.5,36.0,trip,0
-2.47174e+18,3617.983333333333,3618.9166666666665,10055.34375,10106.98438,36.0,25.8,trip,0
-2.47174e+18,3618.9333333333334,3619.483333333333,10106.98438,10106.98438,25.8,57.6,charge,DCCharging
-2.47174e+18,3619.483333333333,3619.516666666667,10106.98438,10107.07813,57.6,57.6,trip,0
-2.47174e+18,3619.65,3620.266666666667,10107.07813,10127.5,57.6,52.9,trip,0
-2.47174e+18,3620.3,3623.4333333333334,10127.5,10127.5,52.9,56.0,charge,120
-2.47174e+18,3623.4333333333334,3625.5333333333333,10127.5,10230.65625,56.0,37.2,trip,0
-2.47174e+18,3625.55,3626.5833333333335,10230.65625,10230.65625,37.2,85.8,charge,DCCharging
-2.47174e+18,3626.5833333333335,3626.8166666666666,10230.65625,10239.67188,85.8,83.9,trip,0
-2.47174e+18,3641.7833333333333,3644.1666666666665,10368.71875,10441.39063,73.3,60.3,trip,0
-2.47174e+18,3644.2,3644.45,10441.39063,10450.75,60.3,58.4,trip,0
-2.47174e+18,3644.4666666666667,3662.1666666666665,10450.75,10450.75,58.4,79.2,charge,120
-2.47174e+18,3662.1666666666665,3662.633333333333,10450.75,10464.5,79.2,77.2,trip,0
-2.47174e+18,3663.383333333333,3663.7166666666667,10464.5,10476.14063,76.8,75.2,trip,0
-2.47174e+18,3663.733333333333,3664.6833333333334,10476.14063,10476.14063,75.2,75.6,charge,120
-2.47174e+18,3664.6833333333334,3668.616666666667,10476.14063,10608.26563,75.6,50.9,trip,0
-2.47174e+18,3668.633333333333,3684.616666666667,10608.26563,10608.26563,50.9,69.8,charge,120
-2.47174e+18,3685.016666666667,3685.133333333333,10616.23438,10620.57813,68.6,68.2,trip,0
-2.47174e+18,3685.2166666666667,3685.4166666666665,10620.57813,10627.65625,67.8,67.0,trip,0
-2.47174e+18,3686.516666666667,3690.5333333333333,10627.65625,10763.82813,65.4,40.3,trip,0
-2.47174e+18,3690.5666666666666,3691.0833333333335,10763.82813,10763.82813,40.3,70.5,charge,DCCharging
-2.47174e+18,3691.0833333333335,3692.733333333333,10763.82813,10818.6875,70.5,60.0,trip,0
-2.47174e+18,3692.733333333333,3705.45,10818.6875,10818.6875,60.0,74.5,charge,120
-2.47174e+18,3705.45,3706.05,10818.6875,10853.32813,74.5,69.4,trip,0
-2.47174e+18,3706.0666666666666,3706.233333333333,10853.32813,10853.32813,69.4,69.8,charge,240
-2.47174e+18,3706.233333333333,3706.8166666666666,10853.32813,10885.5,69.8,64.3,trip,0
-2.47174e+18,3706.8333333333335,3709.35,10885.5,10885.5,64.3,66.6,charge,120
-2.47174e+18,3709.516666666667,3709.5333333333333,10888.1875,10888.5,66.6,66.6,trip,0
-2.47174e+18,3709.7166666666667,3709.8166666666666,10888.5,10891.09375,66.2,65.8,trip,0
-2.47174e+18,3709.85,3713.8,10891.09375,10891.09375,65.8,70.1,charge,120
-2.47174e+18,3713.8,3716.4,10891.09375,10952.3125,70.1,59.6,trip,0
-2.47174e+18,3716.65,3717.633333333333,10952.3125,10992.03125,59.2,52.1,trip,0
-2.47174e+18,3717.65,3722.116666666667,10992.03125,10992.03125,52.1,56.8,charge,120
-2.47174e+18,3722.116666666667,3722.15,10992.03125,10992.03125,56.8,56.8,trip,0
-2.47174e+18,3722.15,3730.85,10992.03125,10992.03125,56.8,67.4,charge,120
-2.47174e+18,3730.85,3733.45,10992.03125,11086.8125,67.4,50.5,trip,0
-2.47174e+18,3733.766666666667,3733.8166666666666,11089.46875,11089.76563,50.5,50.5,trip,0
-2.47174e+18,3734.116666666667,3734.25,11089.76563,11092.625,50.5,49.8,trip,0
-2.47174e+18,3734.3333333333335,3734.8,11092.625,11092.625,49.8,50.1,charge,120
-2.47174e+18,3734.8,3735.0333333333333,11092.625,11100.15625,50.1,48.6,trip,0
-2.47174e+18,3735.0833333333335,3735.35,11100.15625,11109.8125,48.6,47.4,trip,0
-2.47174e+18,3735.366666666667,3737.6833333333334,11109.8125,11109.8125,47.4,49.4,charge,120
-2.47174e+18,3737.6833333333334,3738.0,11109.8125,11121.20313,49.4,48.2,trip,0
-2.47174e+18,3738.016666666667,3740.3,11121.20313,11121.20313,48.2,67.4,charge,240
-2.47174e+18,3740.3,3742.733333333333,11121.20313,11210.01563,67.4,49.8,trip,0
-2.47174e+18,3742.75,3759.883333333333,11210.01563,11210.01563,49.8,70.1,charge,120
-2.47174e+18,3759.883333333333,3760.766666666667,11210.01563,11253.875,70.1,60.0,trip,0
-2.47174e+18,3761.6833333333334,3765.2,11253.875,11408.96875,60.0,28.6,trip,0
-2.47174e+18,3765.2166666666667,3765.733333333333,11408.96875,11408.96875,28.6,62.3,charge,DCCharging
-2.47174e+18,3765.733333333333,3766.0666666666666,11408.96875,11429.9375,62.3,58.8,trip,0
-2.47174e+18,3766.0666666666666,3766.85,11429.9375,11429.9375,58.8,61.5,charge,240
-2.47174e+18,3766.85,3768.65,11429.9375,11534.03125,61.5,37.6,trip,0
-2.47174e+18,3786.1,3787.0,11559.07813,11603.96875,49.8,41.1,trip,0
-2.47174e+18,3788.883333333333,3789.0833333333335,11604.8125,11612.20313,40.3,38.4,trip,0
-2.47174e+18,3789.15,3790.0833333333335,11612.20313,11661.75,38.4,29.8,trip,0
-2.47174e+18,3790.116666666667,3790.633333333333,11661.75,11661.75,29.8,65.0,charge,DCCharging
-2.47174e+18,3790.633333333333,3790.983333333333,11661.75,11686.67188,65.0,59.6,trip,0
-2.47174e+18,3791.0666666666666,3791.45,11686.67188,11697.67188,59.2,56.8,trip,0
-2.47174e+18,3792.05,3794.0333333333333,11697.67188,11782.85938,56.4,38.8,trip,0
-2.47174e+18,3794.0333333333333,3808.266666666667,11782.85938,11782.85938,38.8,56.4,charge,120
-2.47174e+18,3808.266666666667,3808.616666666667,11782.85938,11793.82813,56.4,54.9,trip,0
-2.47174e+18,3808.616666666667,3808.8333333333335,11793.82813,11793.82813,54.9,55.6,charge,240
-2.47174e+18,3808.8333333333335,3808.95,11793.82813,11799.10938,55.6,55.2,trip,0
-2.47174e+18,3809.1,3809.7833333333333,11799.10938,11821.70313,54.9,51.3,trip,0
-2.47174e+18,3810.1,3810.133333333333,11825.15625,11825.65625,50.5,49.8,trip,0
-2.47174e+18,3810.133333333333,3810.3333333333335,11825.65625,11825.65625,49.8,51.7,charge,240
-2.47174e+18,3810.3333333333335,3812.9333333333334,11825.65625,11925.70313,51.7,31.3,trip,0
-2.47174e+18,3812.95,3813.1833333333334,11925.70313,11933.76563,31.3,30.5,trip,0
-2.47174e+18,3813.2,3815.116666666667,11933.76563,11933.76563,30.5,32.5,charge,120
-2.47174e+18,3815.116666666667,3815.383333333333,11933.76563,11943.20313,32.5,31.3,trip,0
-2.47174e+18,3815.4,3816.4166666666665,11943.20313,11943.20313,31.3,82.3,charge,DCCharging
-2.47174e+18,3816.4166666666665,3816.9666666666667,11943.20313,11963.25,82.3,78.4,trip,0
-2.47174e+18,3816.9666666666667,3827.95,11963.25,11963.25,78.4,91.3,charge,120
-2.47174e+18,3827.95,3831.883333333333,11963.25,12141.46875,91.3,56.0,trip,0
-2.47174e+18,3831.9,3832.983333333333,12141.46875,12141.46875,56.0,56.8,charge,120
-2.47174e+18,3832.983333333333,3836.1,12141.46875,12244.53125,56.8,39.2,trip,0
-2.47174e+18,3836.116666666667,3837.1,12244.53125,12244.53125,39.2,39.6,charge,120
-2.47174e+18,3837.1,3837.983333333333,12244.53125,12278.67188,39.6,34.1,trip,0
-2.47174e+18,3838.0,3838.5,12278.67188,12278.67188,34.1,66.6,charge,DCCharging
-2.47174e+18,3838.5,3840.4666666666667,12278.67188,12357.54688,66.6,50.1,trip,0
-2.47174e+18,3840.8166666666666,3841.1666666666665,12357.54688,12369.95313,50.1,47.0,trip,0
-2.47174e+18,3841.1833333333334,3842.133333333333,12369.95313,12369.95313,47.0,87.8,charge,DCCharging
-2.47174e+18,3842.133333333333,3843.1666666666665,12369.95313,12415.85938,87.8,76.4,trip,0
-2.47174e+18,3843.1833333333334,3852.3166666666666,12415.85938,12415.85938,76.4,87.0,charge,120
-2.47174e+18,3852.3166666666666,3852.9333333333334,12415.85938,12426.65625,87.0,85.0,trip,0
-2.47174e+18,3852.9666666666667,3854.5,12426.65625,12511.14063,85.0,68.6,trip,0
-2.47174e+18,3855.0,3858.016666666667,12511.14063,12652.95313,68.2,42.3,trip,0
-2.47174e+18,3858.0333333333333,3860.9,12652.95313,12652.95313,42.3,45.0,charge,120
-2.47174e+18,3860.9,3862.4166666666665,12652.95313,12708.5625,45.0,35.6,trip,0
-2.47174e+18,3862.4333333333334,3862.9333333333334,12708.5625,12708.5625,35.6,67.0,charge,DCCharging
-2.47174e+18,3862.9333333333334,3863.5333333333333,12708.5625,12734.0,67.0,62.3,trip,0
-2.47174e+18,3863.5333333333333,3879.883333333333,12734.0,12734.0,62.3,81.5,charge,120
-2.47174e+18,3879.883333333333,3882.5,12734.0,12823.29688,81.5,65.4,trip,0
-2.47174e+18,3882.516666666667,3883.0666666666666,12823.29688,12823.29688,65.4,83.1,charge,DCCharging
-2.47174e+18,3883.0666666666666,3886.35,12823.29688,12943.01563,83.1,61.1,trip,0
-2.47174e+18,3886.616666666667,3888.8333333333335,12943.01563,13036.5,61.1,41.9,trip,0
-2.47174e+18,3888.9666666666667,3890.7166666666667,13036.5,13116.875,41.9,26.2,trip,0
-2.47174e+18,3890.733333333333,3891.75,13116.875,13116.875,26.2,77.2,charge,DCCharging
-2.47174e+18,3891.75,3891.983333333333,13116.875,13125.89063,77.2,75.6,trip,0
-2.47174e+18,3892.0,3905.55,13125.89063,13125.89063,75.6,92.1,charge,120
-2.47174e+18,3905.55,3907.35,13125.89063,13191.4375,92.1,80.0,trip,0
-2.47174e+18,3907.383333333333,3907.5,13191.4375,13194.0,80.0,78.8,trip,0
-2.47174e+18,3907.6666666666665,3911.516666666667,13194.0,13388.90625,78.8,38.0,trip,0
-2.47174e+18,3911.6666666666665,3913.4333333333334,13388.90625,13479.03125,38.0,14.5,trip,0
-2.47174e+18,3913.45,3914.4666666666667,13479.03125,13479.03125,14.5,64.3,charge,DCCharging
-2.47174e+18,3914.4666666666667,3914.7,13479.03125,13488.0625,64.3,61.9,trip,0
-2.47174e+18,3914.7166666666667,3924.7,13488.0625,13488.0625,61.9,73.7,charge,120
-2.47174e+18,3924.7,3924.7166666666667,13488.0625,13488.35938,73.7,73.7,trip,0
-2.47174e+18,3925.4333333333334,3925.633333333333,13488.35938,13491.59375,73.3,72.1,trip,0
-2.47174e+18,3925.9166666666665,3927.4666666666667,13491.59375,13542.04688,72.1,62.7,trip,0
-2.47174e+18,3928.366666666667,3928.6666666666665,13542.04688,13550.42188,62.7,60.3,trip,0
-2.47174e+18,3928.983333333333,3931.3,13550.42188,13633.48438,60.0,42.3,trip,0
-2.47174e+18,3931.3166666666666,3931.8333333333335,13633.48438,13633.48438,42.3,70.5,charge,DCCharging
-2.47174e+18,3931.8333333333335,3934.866666666667,13633.48438,13791.8125,70.5,35.2,trip,0
-2.47174e+18,3934.866666666667,3936.633333333333,13791.8125,13791.8125,35.2,37.2,charge,120
-2.47174e+18,3936.633333333333,3936.866666666667,13791.8125,13800.59375,37.2,36.0,trip,0
-2.47174e+18,3936.9166666666665,3937.3,13800.59375,13800.59375,36.0,54.5,charge,DCCharging
-2.47174e+18,3937.3,3937.516666666667,13800.59375,13808.875,54.5,52.1,trip,0
-2.47174e+18,3937.5333333333333,3945.266666666667,13808.875,13808.875,52.1,61.9,charge,120
-2.47174e+18,3945.266666666667,3947.1666666666665,13808.875,13912.0625,61.9,42.3,trip,0
-2.47174e+18,3947.1833333333334,3947.7,13912.0625,13912.0625,42.3,70.5,charge,DCCharging
-2.47174e+18,3947.7,3948.75,13912.0625,13944.01563,70.5,64.3,trip,0
-2.47174e+18,3948.75,3953.7833333333333,13944.01563,13944.01563,64.3,70.1,charge,120
-2.47174e+18,3953.7833333333333,3954.1,13944.01563,13953.14063,70.1,69.0,trip,0
-2.47174e+18,3954.55,3954.8166666666666,13953.14063,13962.625,69.0,67.4,trip,0
-2.47174e+18,3954.8166666666666,3955.0,13962.625,13967.69957,67.4,67.0,trip,0
-2.47174e+18,3955.0,3955.233333333333,13967.69957,13967.69957,67.0,67.4,charge,120
-2.47174e+18,3955.233333333333,3957.016666666667,13967.69957,14014.04688,67.4,58.8,trip,0
-2.47174e+18,3957.0333333333333,3957.2833333333333,14014.04688,14015.78125,58.8,58.4,trip,0
-2.47174e+18,3957.2833333333333,3957.516666666667,14015.78125,14023.23438,58.4,56.8,trip,0
-2.47174e+18,3957.5833333333335,3959.9333333333334,14023.23438,14119.625,56.8,37.2,trip,0
-2.47174e+18,3959.95,3969.25,14119.625,14119.625,37.2,49.0,charge,120
-2.47174e+18,3969.25,3969.5333333333333,14119.625,14129.34375,49.0,47.8,trip,0
-2.47174e+18,3969.5666666666666,3970.9666666666667,14129.34375,14175.92188,47.8,39.2,trip,0
-2.47174e+18,3970.9666666666667,3973.766666666667,14175.92188,14175.92188,39.2,42.3,charge,120
-2.47174e+18,3973.766666666667,3974.4166666666665,14175.92188,14213.375,42.3,35.6,trip,0
-2.47174e+18,3974.483333333333,3975.0333333333333,14213.375,14241.29688,35.2,29.8,trip,0
-2.47174e+18,3975.233333333333,3975.7166666666667,14241.29688,14262.07813,29.8,27.0,trip,0
-2.47174e+18,3975.766666666667,3976.45,14262.07813,14291.57813,27.0,20.7,trip,0
-2.47174e+18,3977.1833333333334,3977.616666666667,14297.70313,14297.70313,20.3,33.3,charge,DCCharging
-2.47174e+18,3977.616666666667,3977.9,14297.70313,14308.9375,33.3,31.7,trip,0
-2.47174e+18,3978.4,3979.0666666666666,14308.9375,14327.26563,31.7,29.0,trip,0
-2.47174e+18,3979.0833333333335,3981.883333333333,14327.26563,14327.26563,29.0,54.1,charge,240
-2.47174e+18,3981.883333333333,3981.9,14327.26563,14327.48438,54.1,54.1,trip,0
-2.47174e+18,3984.1833333333334,3984.4333333333334,14327.48438,14339.98438,52.1,49.4,trip,0
-2.47174e+18,3984.4333333333334,3991.2166666666667,14339.98438,14339.98438,49.4,57.2,charge,120
-2.47174e+18,3991.2166666666667,3994.0666666666666,14339.98438,14477.5625,57.2,26.6,trip,0
-2.47174e+18,3994.116666666667,3994.366666666667,14477.5625,14487.0,26.6,24.7,trip,0
-2.47174e+18,3994.383333333333,3995.4,14487.0,14487.0,24.7,77.6,charge,DCCharging
-2.47174e+18,3995.4,3996.0833333333335,14487.0,14506.75,77.6,73.7,trip,0
-2.47174e+18,3996.1,3997.1666666666665,14506.75,14546.23438,73.7,66.2,trip,0
-2.47174e+18,3997.3333333333335,3999.4166666666665,14546.23438,14644.32813,65.8,47.0,trip,0
-2.47174e+18,3999.4333333333334,4000.8,14644.32813,14644.32813,47.0,48.2,charge,120
-2.47174e+18,4000.8,4001.3333333333335,14644.32813,14659.70313,48.2,46.2,trip,0
-2.47174e+18,4002.7166666666667,4003.0333333333333,14665.07813,14677.17188,44.7,41.5,trip,0
-2.47174e+18,4003.0833333333335,4003.8333333333335,14677.17188,14677.17188,41.5,42.3,charge,120
-2.47174e+18,4003.8333333333335,4004.116666666667,14677.17188,14687.3125,42.3,40.7,trip,0
-2.47174e+18,4004.366666666667,4004.5,14687.3125,14691.14063,40.7,40.3,trip,0
-2.47174e+18,4006.133333333333,4006.383333333333,14691.14063,14703.10938,37.6,34.9,trip,0
-2.47174e+18,4006.9,4006.95,14706.57813,14708.89367,34.9,34.5,trip,0
-2.47174e+18,4006.95,4017.1666666666665,14708.89367,14708.89367,34.5,47.0,charge,120
-2.47174e+18,4017.1666666666665,4019.2833333333333,14708.89367,14813.42188,47.0,29.0,trip,0
-2.47174e+18,4019.616666666667,4021.5333333333333,14813.42188,14888.51563,28.6,15.2,trip,0
-2.47174e+18,4021.5333333333333,4021.7,14888.51563,14888.51563,15.2,16.0,charge,240
-2.47174e+18,4021.7,4021.733333333333,14888.51563,14888.875,16.0,16.0,trip,0
-2.47174e+18,4021.75,4022.2833333333333,14888.875,14888.875,16.0,49.0,charge,DCCharging
-2.47174e+18,4022.2833333333333,4023.116666666667,14888.875,14918.67188,49.0,43.9,trip,0
-2.47174e+18,4023.8333333333335,4024.75,14918.67188,14950.23438,43.9,38.8,trip,0
-2.47174e+18,4024.766666666667,4025.1,14950.23438,14950.23438,38.8,39.6,charge,240
-2.47174e+18,4025.1,4025.9,14950.23438,14982.4375,39.6,34.1,trip,0
-2.47174e+18,4026.2166666666667,4026.633333333333,14982.4375,14994.29688,34.1,32.5,trip,0
-2.47174e+18,4026.65,4028.483333333333,14994.29688,14994.29688,32.5,48.6,charge,240
-2.47174e+18,4028.483333333333,4028.5,14994.29688,14994.51563,48.6,48.6,trip,0
-2.47174e+18,4034.9666666666667,4035.233333333333,14994.53125,15007.04688,46.2,44.3,trip,0
-2.47174e+18,4035.233333333333,4041.25,15007.04688,15007.04688,44.3,50.9,charge,120
-2.47174e+18,4041.25,4043.2833333333333,15007.04688,15097.8125,50.9,34.5,trip,0
-2.47174e+18,4043.3,4043.8333333333335,15097.8125,15097.8125,34.5,67.0,charge,DCCharging
-2.47174e+18,4043.8333333333335,4044.116666666667,15097.8125,15104.95313,67.0,66.2,trip,0
-2.47174e+18,4044.25,4045.1,15104.95313,15145.64063,65.8,58.8,trip,0
-2.47174e+18,4045.75,4048.233333333333,15145.64063,15210.75,58.8,45.4,trip,0
-2.47174e+18,4048.25,4049.7833333333333,15210.75,15210.75,45.4,47.0,charge,120
-2.47174e+18,4049.7833333333333,4050.6833333333334,15210.75,15238.51563,47.0,42.3,trip,0
-2.47174e+18,4053.35,4054.3166666666666,15238.51563,15254.28125,39.2,36.0,trip,0
-2.47174e+18,4054.366666666667,4054.85,15254.28125,15279.03125,36.0,31.7,trip,0
-2.47174e+18,4055.3333333333335,4055.5,15279.03125,15289.4375,31.3,29.8,trip,0
-2.47174e+18,4055.55,4056.05,15289.4375,15289.4375,29.8,64.3,charge,DCCharging
-2.47174e+18,4056.05,4057.733333333333,15289.4375,15343.89063,64.3,53.3,trip,0
-2.47174e+18,4057.733333333333,4066.85,15343.89063,15343.89063,53.3,64.7,charge,120
-2.47174e+18,4066.85,4067.133333333333,15343.89063,15352.54688,64.7,63.1,trip,0
-2.47174e+18,4067.2833333333333,4068.9666666666667,15352.54688,15413.875,62.7,52.1,trip,0
-2.47174e+18,4069.0,4069.1,15413.875,15416.45313,52.1,51.3,trip,0
-2.47174e+18,4069.1,4070.016666666667,15416.45313,15416.45313,51.3,51.7,charge,120
-2.47174e+18,4070.016666666667,4070.05,15416.45313,15416.79688,51.7,51.7,trip,0
-2.47174e+18,4070.766666666667,4070.7833333333333,15416.79688,15417.3125,51.7,51.7,trip,0
-2.47174e+18,4070.8,4072.95,15417.3125,15417.3125,51.7,54.1,charge,120
-2.47174e+18,4072.95,4077.733333333333,15417.3125,15583.78125,54.1,23.1,trip,0
-2.47174e+18,4077.8,4078.3333333333335,15583.78125,15583.78125,23.1,53.7,charge,DCCharging
-2.47174e+18,4078.3333333333335,4082.516666666667,15583.78125,15804.96875,53.7,12.5,trip,0
-2.47174e+18,4082.5333333333333,4083.55,15804.96875,15804.96875,12.5,61.5,charge,DCCharging
-2.47174e+18,4083.55,4083.8,15804.96875,15813.98438,61.5,59.6,trip,0
-2.47174e+18,4083.8,4091.5,15813.98438,15813.98438,59.6,69.0,charge,120
-2.47174e+18,4091.5,4093.733333333333,15813.98438,15940.14063,69.0,41.9,trip,0
-2.47174e+18,4093.95,4096.45,15940.14063,16066.15625,41.5,14.9,trip,0
-2.47174e+18,4096.466666666666,4096.983333333334,16066.15625,16066.15625,14.9,44.3,charge,DCCharging
-2.47174e+18,4096.983333333334,4097.716666666666,16066.15625,16110.10938,44.3,34.9,trip,0
-2.47174e+18,4097.733333333334,4098.733333333334,16110.10938,16110.10938,34.9,84.3,charge,DCCharging
-2.47174e+18,4098.733333333334,4098.966666666666,16110.10938,16119.125,84.3,81.9,trip,0
-2.47174e+18,4098.983333333334,4099.633333333333,16119.125,16119.125,81.9,82.3,charge,120
-2.47174e+18,4099.633333333333,4102.133333333333,16119.125,16257.57813,82.3,54.1,trip,0
-2.47174e+18,4102.233333333334,4102.3,16257.57813,16259.40625,54.1,54.1,trip,0
-2.47174e+18,4102.483333333334,4105.083333333333,16259.40625,16416.59375,53.7,20.7,trip,0
-2.47174e+18,4105.116666666667,4106.116666666667,16416.59375,16416.59375,20.7,69.8,charge,DCCharging
-2.47174e+18,4106.116666666667,4106.366666666667,16416.59375,16425.60938,69.8,67.8,trip,0
-2.47174e+18,4106.383333333333,4113.2,16425.60938,16425.60938,67.8,76.0,charge,120
-2.47174e+18,4113.2,4117.516666666666,16425.60938,16718.0625,76.0,16.8,trip,0
-2.47174e+18,4117.55,4118.066666666667,16718.0625,16718.0625,16.8,46.2,charge,DCCharging
-2.47174e+18,4118.066666666667,4118.933333333333,16718.0625,16761.57813,46.2,38.0,trip,0
-2.47174e+18,4118.95,4119.883333333333,16761.57813,16761.57813,38.0,45.8,charge,240
-2.47174e+18,4119.883333333333,4122.066666666667,16761.57813,16808.0,45.8,34.5,trip,0
-2.47174e+18,4122.083333333333,4122.616666666667,16808.0,16808.0,34.5,63.5,charge,DCCharging
-2.47174e+18,4122.616666666667,4124.633333333333,16808.0,16865.96875,63.5,49.0,trip,0
-2.47174e+18,4124.666666666667,4137.2,16865.96875,16865.96875,49.0,63.1,charge,120
-2.47174e+18,4137.2,4139.5,16865.96875,16955.26563,63.1,47.8,trip,0
-2.47174e+18,4139.516666666666,4140.283333333334,16955.26563,16991.875,47.8,41.1,trip,0
-2.47174e+18,4140.516666666666,4145.183333333333,16994.03125,16994.03125,41.1,45.8,charge,120
-2.47174e+18,4145.183333333333,4149.266666666666,16994.03125,17134.5,45.8,21.9,trip,0
-2.47174e+18,4149.283333333334,4149.8,17134.5,17134.5,21.9,52.9,charge,DCCharging
-2.47174e+18,4149.8,4150.316666666667,17134.5,17152.5625,52.9,49.8,trip,0
-2.47174e+18,4150.333333333333,4161.216666666666,17152.5625,17152.5625,49.8,62.7,charge,120
-2.47174e+18,4161.216666666666,4163.966666666666,17152.5625,17288.15625,62.7,38.0,trip,0
-2.47174e+18,4163.966666666666,4165.4,17288.15625,17288.15625,38.0,39.2,charge,120
-2.47174e+18,4165.4,4166.383333333333,17288.15625,17331.73438,39.2,32.1,trip,0
-2.47174e+18,4166.966666666666,4168.416666666667,17331.73438,17412.17188,64.7,41.1,trip,0
-2.47174e+18,4168.683333333333,4173.3,17412.17188,17574.85938,41.1,18.0,trip,0
-2.47174e+18,4173.316666666667,4173.833333333333,17574.85938,17574.85938,18.0,47.4,charge,DCCharging
-2.47174e+18,4173.833333333333,4174.15,17574.85938,17575.17188,47.4,47.4,trip,0
-2.47174e+18,4174.483333333334,4175.0,17575.17188,17595.76563,46.6,43.5,trip,0
-2.47174e+18,4175.016666666666,4185.25,17595.76563,17595.76563,43.5,56.0,charge,120
-2.47174e+18,4185.25,4187.816666666667,17595.76563,17707.375,56.0,36.8,trip,0
-2.47174e+18,4187.833333333333,4188.35,17707.375,17707.375,36.8,68.2,charge,DCCharging
-2.47174e+18,4188.35,4189.2,17707.375,17741.03125,68.2,62.7,trip,0
-2.47174e+18,4189.266666666666,4192.666666666667,17741.03125,17869.5,61.9,39.2,trip,0
-2.47174e+18,4192.683333333333,4193.2,17869.5,17869.5,39.2,69.0,charge,DCCharging
-2.47174e+18,4193.2,4193.266666666666,17869.5,17870.875,69.0,69.0,trip,0
-2.47174e+18,4193.283333333334,4193.45,17870.875,17870.875,69.0,69.8,charge,240
-2.47174e+18,4193.45,4196.383333333333,17870.875,17958.89063,69.8,54.5,trip,0
-2.47174e+18,4196.416666666667,4196.533333333334,17958.89063,17961.15625,54.5,53.3,trip,0
-2.47174e+18,4197.2,4198.033333333334,17961.15625,17986.01563,53.3,49.0,trip,0
-2.47174e+18,4199.1,4199.133333333333,18024.89063,18025.42188,41.1,41.1,trip,0
-2.47174e+18,4199.133333333333,4209.216666666666,18025.42188,18025.42188,41.1,53.7,charge,120
-2.47174e+18,4209.216666666666,4211.9,18025.42188,18133.8125,53.7,34.1,trip,0
-2.47174e+18,4211.9,4217.233333333334,18133.8125,18133.8125,34.1,40.3,charge,120
-2.47174e+18,4217.233333333334,4220.233333333334,18133.8125,18225.5,40.3,23.5,trip,0
-2.47174e+18,4220.383333333333,4220.4,18225.5,18225.64063,23.5,23.5,trip,0
-2.47174e+18,4220.4,4220.433333333333,18225.64063,18225.82813,23.5,23.5,trip,0
-2.47174e+18,4220.45,4220.983333333334,18225.82813,18225.82813,23.5,52.1,charge,DCCharging
-2.47174e+18,4220.983333333334,4223.483333333334,18225.82813,18335.3125,52.1,30.5,trip,0
-2.47174e+18,4223.516666666666,4224.033333333334,18335.3125,18335.3125,30.5,61.9,charge,DCCharging
-2.47174e+18,4224.033333333334,4224.516666666666,18335.3125,18351.76563,61.9,58.8,trip,0
-2.47174e+18,4224.6,4224.7,18351.76563,18354.35938,58.8,58.0,trip,0
-2.47174e+18,4224.7,4235.25,18354.35938,18354.35938,58.0,70.1,charge,120
-2.47174e+18,4235.25,4236.8,18354.35938,18468.375,70.1,46.6,trip,0
-2.47174e+18,4237.033333333334,4238.033333333334,18470.90625,18522.03125,45.8,34.1,trip,0
-2.47174e+18,4238.45,4239.366666666667,18523.34375,18598.59375,33.3,17.2,trip,0
-2.47174e+18,4239.4,4239.916666666667,18598.59375,18598.59375,17.2,42.7,charge,DCCharging
-2.47174e+18,4239.916666666667,4240.95,18598.59375,18643.76563,42.7,31.7,trip,0
-2.47174e+18,4241.433333333333,4241.916666666667,18643.76563,18657.25,31.3,28.6,trip,0
-2.47174e+18,4242.366666666667,4242.65,18657.25,18665.09375,28.6,26.2,trip,0
-2.47174e+18,4243.333333333333,4243.566666666667,18665.09375,18670.34375,25.8,24.3,trip,0
-2.47174e+18,4449.25,4451.366666666667,18670.34375,18767.375,100.0,80.3,trip,0
-2.47174e+18,4451.4,4451.583333333333,18767.375,18774.71875,80.3,78.8,trip,0
-2.47174e+18,4457.483333333334,4458.766666666666,18774.71875,18825.9375,78.0,67.8,trip,0
-2.47174e+18,4459.766666666666,4473.216666666666,18858.8125,18858.8125,60.7,76.4,charge,120
-2.47174e+18,4473.216666666666,4475.633333333333,18858.8125,18970.8125,76.4,57.2,trip,0
-2.47174e+18,4475.65,4475.75,18970.8125,18973.39063,57.2,56.8,trip,0
-2.47174e+18,4481.95,4484.833333333333,19115.73438,19211.4375,30.5,11.7,trip,0
-2.47174e+18,4484.866666666667,4485.383333333333,19211.4375,19211.4375,11.7,41.1,charge,DCCharging
-2.47174e+18,4485.383333333333,4487.6,19211.4375,19310.95313,41.1,22.7,trip,0
-2.47174e+18,4487.616666666667,4488.116666666667,19310.95313,19310.95313,22.7,53.3,charge,DCCharging
-2.47174e+18,4488.116666666667,4488.533333333334,19310.95313,19331.23438,53.3,49.4,trip,0
-2.47174e+18,4488.533333333334,4499.983333333334,19331.23438,19331.23438,49.4,63.5,charge,120
-2.47174e+18,4499.983333333334,4500.25,19331.23438,19339.3125,63.5,61.9,trip,0
-2.47174e+18,4500.416666666667,4500.45,19339.3125,19339.35938,61.9,61.9,trip,0
-2.47174e+18,4501.2,4501.516666666666,19339.35938,19347.625,61.9,60.3,trip,0
-2.47174e+18,4503.733333333334,4504.25,19395.25,19395.25,51.3,76.8,charge,DCCharging
-2.47174e+18,4504.25,4507.2,19395.25,19533.70313,76.8,52.1,trip,0
-2.47174e+18,4508.483333333334,4508.6,19539.4375,19544.07813,51.3,50.9,trip,0
-2.47174e+18,4509.466666666666,4509.616666666667,19554.28125,19559.0,49.0,48.2,trip,0
-2.47174e+18,4509.783333333334,4510.233333333334,19559.0,19569.32813,48.2,45.0,trip,0
-2.47174e+18,4510.233333333334,4510.483333333334,19569.32813,19569.35938,45.0,45.0,trip,0
-2.47174e+18,4510.483333333334,4510.8,19569.35938,19578.03125,45.0,43.9,trip,0
-2.47174e+18,4510.85,4511.6,19578.03125,19578.03125,43.9,80.0,charge,DCCharging
-2.47174e+18,4511.6,4512.1,19578.03125,19593.96875,80.0,77.6,trip,0
-2.47174e+18,4526.433333333333,4526.816666666667,19593.96875,19609.26563,75.2,72.5,trip,0
-2.47174e+18,4526.95,4527.316666666667,19609.26563,19621.65625,72.5,70.9,trip,0
-2.47174e+18,4527.316666666667,4529.1,19621.65625,19662.76563,70.9,63.5,trip,0
-2.47174e+18,4529.1,4530.966666666666,19662.76563,19723.14063,63.5,51.3,trip,0
-2.47174e+18,4531.116666666667,4533.35,19725.65625,19725.65625,51.3,53.7,charge,120
-2.47174e+18,4533.35,4533.933333333333,19725.65625,19745.34375,53.7,50.9,trip,0
-2.47174e+18,4533.95,4534.316666666667,19745.34375,19745.34375,50.9,52.5,charge,240
-2.47174e+18,4534.316666666667,4534.733333333334,19745.34375,19760.0625,52.5,49.8,trip,0
-2.47174e+18,4534.733333333334,4545.583333333333,19760.00625,19760.0625,49.8,63.1,charge,120
-2.47174e+18,4545.583333333333,4549.833333333333,19760.00625,19941.1875,63.1,31.7,trip,0
-2.47174e+18,4550.25,4551.4,19941.1875,19997.45313,31.7,22.7,trip,0
-2.47174e+18,4551.4,4551.6,19997.45313,19997.45313,22.7,23.9,charge,240
-2.47174e+18,4551.6,4551.65,19997.45313,19998.71875,23.9,23.9,trip,0
-2.47174e+18,4551.666666666667,4552.183333333333,19998.71875,19998.71875,23.9,56.0,charge,DCCharging
-2.47174e+18,4552.183333333333,4553.533333333334,19998.71875,20041.8125,56.0,47.4,trip,0
-2.47174e+18,4553.833333333333,4554.283333333334,20041.8125,20051.1875,46.6,45.8,trip,0
-2.47174e+18,4555.5,4555.733333333334,20051.1875,20054.25,42.3,41.1,trip,0
-2.47174e+18,4557.033333333334,4557.45,20054.25,20067.5625,40.3,38.8,trip,0
-2.47174e+18,4557.5,4557.616666666667,20067.5625,20070.70313,38.8,38.4,trip,0
-2.47174e+18,4557.8,4558.333333333333,20070.70313,20085.98438,38.4,35.2,trip,0
-2.47174e+18,4558.333333333333,4569.233333333334,20085.98438,20085.98438,35.2,49.0,charge,120
-2.47174e+18,4569.233333333334,4571.85,20085.98438,20196.60938,49.0,28.2,trip,0
-2.47174e+18,4571.866666666667,4574.166666666667,20196.60938,20196.60938,28.2,30.5,charge,120
-2.47174e+18,4574.166666666667,4575.05,20196.60938,20238.0,30.5,24.7,trip,0
-2.47174e+18,4575.066666666667,4575.583333333333,20238.0,20238.0,24.7,57.2,charge,DCCharging
-2.47174e+18,4575.583333333333,4576.55,20238.0,20256.98438,57.2,52.5,trip,0
-2.47174e+18,4576.566666666667,4577.083333333333,20256.98438,20256.98438,52.5,80.3,charge,DCCharging
-2.47174e+18,4577.083333333333,4582.216666666666,20256.98438,20502.98438,80.3,30.1,trip,0
-2.47174e+18,4582.233333333334,4582.75,20502.98438,20502.98438,30.1,60.7,charge,DCCharging
-2.47174e+18,4582.75,4584.916666666667,20502.98438,20616.0625,60.7,37.6,trip,0
-2.47174e+18,4585.0,4586.1,20616.0625,20690.70313,37.6,20.0,trip,0
-2.47174e+18,4586.116666666667,4594.3,20690.70313,20690.70313,20.0,30.1,charge,120
-2.47174e+18,4594.3,4595.566666666667,20690.70313,20764.53125,30.1,16.4,trip,0
-2.47174e+18,4595.566666666667,4596.083333333333,20764.53125,20764.53125,16.4,47.0,charge,DCCharging
-2.47174e+18,4596.083333333333,4600.333333333333,20764.53125,20934.48438,47.0,16.4,trip,0
-2.47174e+18,4600.666666666667,4601.683333333333,20934.48438,20984.82813,16.4,5.4,trip,0
-2.47174e+18,4602.1,4602.65,20985.23438,20985.23438,5.4,9.8,charge,240
-2.47174e+18,4602.65,4603.066666666667,20985.23438,21003.65625,9.8,6.2,trip,0
-2.47174e+18,4603.083333333333,4603.3,21003.65625,21009.34375,62.0,54.0,trip,0
-2.47174e+18,4603.316666666667,4603.966666666666,21009.34375,21009.34375,5.4,5.8,charge,120
-2.47174e+18,4603.966666666666,4604.383333333333,21009.34375,21022.26563,5.8,3.9,trip,0
-2.47174e+18,4606.083333333333,4606.233333333334,21022.26563,21026.9375,54.1,52.5,trip,0
-2.47174e+18,4606.466666666666,4606.666666666667,21026.9375,21034.125,52.5,51.3,trip,0
-2.47174e+18,4606.683333333333,4615.616666666667,21034.125,21034.125,51.3,61.9,charge,120
-2.47174e+18,4615.616666666667,4618.216666666666,21034.125,21165.45313,61.9,36.0,trip,0
-2.47174e+18,4618.233333333334,4618.75,21165.45313,21165.45313,36.0,67.0,charge,DCCharging
-2.47174e+18,4618.75,4619.633333333333,21165.45313,21214.5,67.0,57.6,trip,0
-2.47174e+18,4619.65,4619.7,21214.5,21215.89063,57.6,57.2,trip,0
-2.47174e+18,4620.45,4620.733333333334,21222.32813,21234.09375,56.4,53.7,trip,0
-2.47174e+18,4620.816666666667,4621.8,21234.09375,21303.54688,53.7,40.3,trip,0
-2.47174e+18,4621.916666666667,4621.966666666666,21303.54688,21303.90625,40.3,40.3,trip,0
-2.47174e+18,4622.15,4623.05,21303.90625,21378.03125,40.0,24.7,trip,0
-2.47174e+18,4623.066666666667,4623.566666666667,21378.03125,21378.03125,24.7,32.9,charge,DCCharging
-2.47174e+18,4623.566666666667,4624.133333333333,21378.03125,21409.53125,32.9,27.0,trip,0
-2.47174e+18,4624.2,4624.466666666666,21409.53125,21419.39063,26.6,25.4,trip,0
-2.47174e+18,4624.683333333333,4625.666666666667,21419.39063,21451.26563,25.4,19.2,trip,0
-2.47174e+18,4625.683333333333,4626.183333333333,21451.26563,21451.26563,19.2,49.4,charge,DCCharging
-2.47174e+18,4626.183333333333,4628.116666666667,21451.26563,21514.96875,49.4,36.0,trip,0
-2.47174e+18,4628.233333333334,4628.583333333333,21514.96875,21523.1875,36.0,34.5,trip,0
-2.47174e+18,4628.683333333333,4628.933333333333,21523.1875,21532.51563,34.5,33.3,trip,0
-2.47174e+18,4628.933333333333,4630.966666666666,21532.51563,21532.51563,33.3,49.8,charge,240
-2.47174e+18,4630.966666666666,4631.233333333334,21532.51563,21541.39063,49.8,48.6,trip,0
-2.47174e+18,4632.2,4632.416666666667,21550.70313,21558.875,46.6,45.4,trip,0
-2.47174e+18,4632.416666666667,4639.75,21558.875,21558.875,45.4,54.5,charge,120
-2.47174e+18,4639.75,4640.733333333334,21558.875,21616.57813,54.5,43.9,trip,0
-2.47174e+18,4640.733333333334,4640.883333333333,21616.57813,21616.57813,43.9,44.7,charge,240
-2.47174e+18,4640.883333333333,4643.116666666667,21616.57813,21717.85938,44.7,25.0,trip,0
-2.47174e+18,4643.133333333333,4643.633333333333,21717.85938,21717.85938,25.0,57.2,charge,DCCharging
-2.47174e+18,4643.633333333333,4644.066666666667,21717.85938,21738.15625,57.2,53.7,trip,0
-2.47174e+18,4644.266666666666,4645.9,21738.15625,21832.40625,53.7,29.4,trip,0
-2.47174e+18,4646.1,4647.616666666667,21832.40625,21922.28125,29.0,19.2,trip,0
-2.47174e+18,4647.916666666667,4648.416666666667,21922.28125,21938.15625,19.2,16.8,trip,0
-2.47174e+18,4648.416666666667,4650.133333333333,21938.15625,21938.15625,16.8,18.8,charge,120
-2.47174e+18,4650.133333333333,4650.733333333334,21938.15625,21958.95313,18.8,15.6,trip,0
-2.47174e+18,4650.75,4651.25,21958.95313,21958.95313,15.6,44.7,charge,DCCharging
-2.47174e+18,4651.25,4652.35,21958.95313,21991.90625,44.7,38.0,trip,0
-2.47174e+18,4652.366666666667,4652.9,21991.90625,21991.90625,38.0,68.6,charge,DCCharging
-2.47174e+18,4652.9,4653.516666666666,21991.90625,22012.40625,68.6,64.3,trip,0
-2.47174e+18,4653.716666666666,4654.216666666666,22012.40625,22029.70313,64.3,60.7,trip,0
-2.47174e+18,4657.666666666667,4657.7,22029.71875,22030.25,57.6,57.2,trip,0
-2.47174e+18,4657.733333333334,4665.983333333334,22030.25,22030.25,57.2,66.6,charge,120
-2.47174e+18,4665.983333333334,4666.283333333334,22030.25,22041.84375,66.6,65.4,trip,0
-2.47174e+18,4668.45,4668.733333333334,22041.84375,22053.54688,65.0,63.1,trip,0
-2.47174e+18,4668.75,4669.283333333334,22053.54688,22053.54688,63.1,63.5,charge,120
-2.47174e+18,4669.283333333334,4669.483333333334,22053.54688,22060.625,63.5,62.3,trip,0
-2.47174e+18,4669.933333333333,4670.216666666666,22065.40625,22075.60938,61.5,59.6,trip,0
-2.47174e+18,4670.233333333334,4671.083333333333,22075.60938,22075.60938,59.6,60.3,charge,120
-2.47174e+18,4671.083333333333,4672.016666666666,22075.60938,22103.48438,60.3,56.0,trip,0
-2.47174e+18,4672.033333333334,4674.266666666666,22103.48438,22103.48438,56.0,58.4,charge,120
-2.47174e+18,4674.266666666666,4674.616666666667,22103.48438,22115.57813,58.4,56.8,trip,0
-2.47174e+18,4674.883333333333,4675.1,22118.125,22126.95313,56.4,55.6,trip,0
-2.47174e+18,4675.3,4675.6,22126.95313,22137.4375,55.2,53.7,trip,0
-2.47174e+18,4677.95,4678.233333333334,22137.4375,22150.82813,51.7,50.1,trip,0
-2.47174e+18,4678.6,4678.683333333333,22150.82813,22154.03125,49.8,49.4,trip,0
-2.47174e+18,4679.05,4679.283333333334,22154.03125,22165.54688,49.0,47.0,trip,0
-2.47174e+18,4679.55,4690.033333333334,22165.5625,22165.5625,47.0,59.6,charge,120
-2.47174e+18,4690.033333333334,4690.6,22165.5625,22179.54688,59.6,58.0,trip,0
-2.47174e+18,4690.6,4691.383333333333,22179.54688,22185.67188,58.0,56.8,trip,0
-2.47174e+18,4691.583333333333,4691.85,22185.67188,22197.0,56.4,55.2,trip,0
-2.47174e+18,4691.866666666667,4691.983333333334,22197.0,22199.51563,55.2,54.1,trip,0
-2.47174e+18,4692.383333333333,4692.383333333333,22207.875,22208.0625,52.9,52.9,trip,0
-2.47174e+18,4692.616666666667,4693.066666666667,22208.0625,22223.20313,52.9,49.8,trip,0
-2.47174e+18,4693.216666666666,4693.933333333333,22223.20313,22249.0625,49.8,45.8,trip,0
-2.47174e+18,4693.95,4695.816666666667,22249.0625,22249.0625,45.8,47.4,charge,120
-2.47174e+18,4695.816666666667,4699.383333333333,22249.0625,22365.6875,47.4,28.2,trip,0
-2.47174e+18,4699.4,4699.65,22365.6875,22365.6875,28.2,44.7,charge,DCCharging
-2.47174e+18,4699.65,4700.516666666666,22365.6875,22405.07813,44.7,37.2,trip,0
-2.47174e+18,4719.15,4719.666666666667,22513.84375,22513.84375,34.5,65.8,charge,DCCharging
-2.47174e+18,4719.666666666667,4720.9,22513.84375,22550.28125,65.8,59.6,trip,0
-2.47174e+18,4721.083333333333,4723.0,22550.28125,22654.57813,59.6,38.0,trip,0
-2.47174e+18,4723.15,4723.8,22654.57813,22696.3125,37.6,29.4,trip,0
-2.47174e+18,4723.966666666666,4724.883333333333,22696.3125,22770.51563,29.0,14.1,trip,0
-2.47174e+18,4724.9,4725.4,22770.51563,22770.51563,14.1,43.1,charge,DCCharging
-2.47174e+18,4725.4,4725.733333333334,22770.51563,22788.85938,43.1,40.3,trip,0
-2.47174e+18,4725.75,4725.85,22788.85938,22791.375,40.3,40.0,trip,0
-2.47174e+18,4727.266666666666,4727.5,22804.78125,22804.78125,37.6,37.6,trip,0
-2.47174e+18,4727.55,4727.65,22804.78125,22807.98438,37.6,37.2,trip,0
-2.47174e+18,4728.666666666667,4728.9,22808.0,22819.51563,34.9,32.1,trip,0
-2.47174e+18,4728.916666666667,4738.25,22819.51563,22819.51563,32.1,43.9,charge,120
-2.47174e+18,4738.25,4738.366666666667,22819.51563,22822.03125,43.9,44.3,trip,0
-2.47174e+18,4738.383333333333,4738.733333333334,22822.03125,22841.07813,44.3,40.7,trip,0
-2.47174e+18,4738.75,4739.283333333334,22841.07813,22841.07813,40.7,71.7,charge,DCCharging
-2.47174e+18,4739.283333333334,4740.966666666666,22841.07813,22948.0,71.7,47.8,trip,0
-2.47174e+18,4741.1,4743.416666666667,22948.0,23063.85938,47.4,22.7,trip,0
-2.47174e+18,4743.433333333333,4743.966666666666,23063.85938,23063.85938,22.7,54.1,charge,DCCharging
-2.47174e+18,4743.966666666666,4746.633333333333,23063.85938,23158.79688,54.1,35.2,trip,0
-2.47174e+18,4747.216666666666,4749.8,23158.79688,23242.3125,64.7,47.8,trip,0
-2.47174e+18,4750.283333333334,4751.116666666667,23242.3125,23272.3125,47.4,41.9,trip,0
-2.47174e+18,4751.116666666667,4752.283333333334,23272.3125,23272.64063,41.9,39.2,trip,0
-2.47174e+18,4752.283333333334,4763.666666666667,23272.64063,23272.64063,39.2,52.1,charge,120
-2.47174e+18,4763.666666666667,4764.366666666667,23272.64063,23306.23438,52.1,47.0,trip,0
-2.47174e+18,4764.45,4765.033333333334,23306.23438,23339.375,47.0,40.7,trip,0
-2.47174e+18,4765.283333333334,4768.466666666666,23339.375,23491.28125,40.7,13.3,trip,0
-2.47174e+18,4768.483333333334,4768.983333333334,23491.28125,23491.28125,13.3,44.7,charge,DCCharging
-2.47174e+18,4768.983333333334,4770.95,23491.28125,23550.8125,44.7,32.9,trip,0
-2.47174e+18,4770.966666666666,4771.5,23550.8125,23550.8125,32.9,62.3,charge,DCCharging
-2.47174e+18,4771.5,4773.166666666667,23550.8125,23621.89063,62.3,47.4,trip,0
-2.47174e+18,4773.2,4773.7,23621.89063,23621.89063,47.4,76.0,charge,DCCharging
-2.47174e+18,4773.7,4774.266666666666,23621.89063,23646.95313,76.0,71.7,trip,0
-2.47174e+18,4774.3,4789.45,23646.95313,23646.95313,71.7,89.8,charge,120
-2.47174e+18,4789.45,4792.883333333333,23646.95313,23759.32813,89.8,68.2,trip,0
-2.47174e+18,4792.916666666667,4794.116666666667,23759.32813,23759.32813,68.2,69.0,charge,120
-2.47174e+18,4794.116666666667,4796.433333333333,23759.32813,23828.64063,69.0,52.9,trip,0
-2.47174e+18,4796.616666666667,4799.1,23828.64063,23915.20313,52.9,36.0,trip,0
-2.47174e+18,4799.133333333333,4799.633333333333,23915.20313,23915.20313,36.0,66.6,charge,DCCharging
-2.47174e+18,4799.633333333333,4803.466666666666,23915.20313,24094.375,66.6,31.3,trip,0
-2.47174e+18,4814.433333333333,4814.466666666666,24096.92188,24097.29688,44.7,44.7,trip,0
-2.47174e+18,4814.533333333334,4817.066666666667,24097.29688,24204.98438,44.3,24.3,trip,0
-2.47174e+18,4817.083333333333,4817.6,24204.98438,24204.98438,24.3,55.6,charge,DCCharging
-2.47174e+18,4817.6,4822.983333333334,24204.98438,24410.57813,55.6,16.4,trip,0
-2.47174e+18,4823.0,4823.816666666667,24410.57813,24434.39063,16.4,12.1,trip,0
-2.47174e+18,4823.833333333333,4834.166666666667,24434.39063,24434.39063,12.1,24.7,charge,120
